ats_vendor,company_name,board_slug,last_crawled
ashby,"0g Labs",0g,2026-07-12
ashby,"0x",0x,2026-07-12
ashby,"10x Team",10xteam,2026-07-12
ashby,"115 Ventures LLC",115ventures,2026-07-12
ashby,"1mind",1mind,2026-07-12
ashby,"1Password",1password,2026-07-12
ashby,"1X",1x,2026-07-12
ashby,"30 Minutes to President's Club",30mpc,2026-07-12
ashby,"3Commas",3commas,2026-07-12
ashby,"3E",3e,2026-07-12
ashby,"3i Members",3imembers,2026-07-12
ashby,"3Y Health",3y-health,2026-07-12
ashby,"80,000 Hours",80000hours,2026-07-12
ashby,"8Fleet Inc.",8fleet-inc,2026-07-12
ashby,"9amHealth",join9am,2026-07-17
ashby,"9fin",9fin,2026-07-12
ashby,"9 Mothers",9-mothers,2026-07-12
ashby,"a16z",a16z,2026-07-17
ashby,"a16z New Media",a16z-new-media,2026-07-17
ashby,"Aaron School",aaron-school,2026-07-17
ashby,"Aaru",aaru,2026-07-17
ashby,"Abacum",abacum,2026-07-12
ashby,"Abby Care",abby-care,2026-07-17
ashby,"Abe",abe,2026-07-12
ashby,"Abound",abound,2026-07-12
ashby,"Abridge",abridge,2026-07-12
ashby,"Absorb",absorblms,2026-07-17
ashby,"Abundant",abundant,2026-07-17
ashby,"Abusix",abusix,2026-07-17
ashby,"Academia.edu",academia,2026-07-17
ashby,"Accelevents",accelevents,2026-07-17
ashby,"Access Destination Services",access,2026-07-12
ashby,"Accord",accord,2026-07-12
ashby,"Accurx",accurx,2026-07-12
ashby,"Ace 1 Media",ace-1-media,2026-07-12
ashby,"Acorns",acorns,2026-07-12
ashby,"Acquisition.com",acquisition,2026-07-12
ashby,"Active Site",activesite,2026-07-17
ashby,"Adapt API",adapt,2026-07-12
ashby,"adaption",adaption,2026-07-12
ashby,"Adaptive",adaptive,2026-07-12
ashby,"Adaptive Home Health",fira-health,2026-07-17
ashby,"Adaptive ML",adaptive-ml,2026-07-12
ashby,"Adaptive Security",adaptivesecurity,2026-07-12
ashby,"Addi",addi,2026-07-12
ashby,"Additive AI",additiveai,2026-07-12
ashby,"Adonis",adonis,2026-07-17
ashby,"Adthena",adthena,2026-07-12
ashby,"Aerotime",aerotime,2026-07-17
ashby,"AeroVect",aerovect,2026-07-12
ashby,"Aescape",aescape,2026-07-12
ashby,"Afference Inc",afference,2026-07-17
ashby,"Affinity Analytics",affinity,2026-07-12
ashby,"Afresh",afresh,2026-07-12
ashby,"AfterQuery",afterquery,2026-07-17
ashby,"Agen",agen,2026-07-17
ashby,"Agent",agent,2026-07-12
ashby,"Agentio",agentio,2026-07-12
ashby,"Agentis Capital Advisors",agentis-capital-advisors,2026-07-12
ashby,"AgentMail",agentmail,2026-07-17
ashby,"Aghanim",aghanim,2026-07-17
ashby,"Agreena",agreena,2026-07-12
ashby,"Agresta, Storms & O’Leary, PC",aso-careers,2026-07-17
ashby,"AgZen",agzen,2026-07-17
ashby,"AIA Contract Documents",acd,2026-07-17
ashby,"Aida",aida,2026-07-17
ashby,"AidKit",aidkit,2026-07-12
ashby,"AIM",aim,2026-07-17
ashby,"AIOS (YC W20/S21)",aios,2026-07-17
ashby,"AIR",air,2026-07-12
ashby,"Air Apps",airapps,2026-07-12
ashby,"AirGarage",airgarage,2026-07-12
ashby,"Airgoods",airgoods,2026-07-17
ashby,"AirOps",airops,2026-07-12
ashby,"Airtable",airtable,2026-07-17
ashby,"Airtasker",airtasker,2026-07-12
ashby,"Airwallex",airwallex,2026-07-12
ashby,"Aisle",aisle,2026-07-12
ashby,"Aiwyn",aiwyn,2026-07-12
ashby,"Ajax",ajax,2026-07-12
ashby,"Akur8",akur8,2026-07-12
ashby,"Alan",alan,2026-07-12
ashby,"Alcazar Energy",alcazar-energy,2026-07-12
ashby,"Alchemy",alchemy,2026-07-12
ashby,"Alden Labs, Inc.",alden,2026-07-17
ashby,"Alembic",alembic,2026-07-12
ashby,"Aleph",aleph,2026-07-12
ashby,"Aleph Alpha",alephalpha,2026-07-12
ashby,"Alex AI",alexai,2026-07-12
ashby,"Allara",allarahealth,2026-07-17
ashby,"Alleviate Health",alleviatehealth,2026-07-17
ashby,"Allica Bank",allica-bank,2026-07-12
ashby,"All in Bits",allinbits,2026-07-17
ashby,"Allium",allium,2026-07-12
ashby,"Alljoined",alljoined,2026-07-17
ashby,"Allocate",allocate,2026-07-17
ashby,"Alloy Enterprises",alloyenterprises,2026-07-12
ashby,"Alma",tryalma,2026-07-17
ashby,"Almabase",almabase,2026-07-12
ashby,"Almedia",almedia,2026-07-12
ashby,"Alohi SA",alohi,2026-07-12
ashby,"Alpaca Health",alpacahealth,2026-07-17
ashby,"Alpha",alpha,2026-07-17
ashby,"ALSO",ridealso,2026-07-17
ashby,"Alternative Payments",alternativepayments,2026-07-12
ashby,"Altimate.ai",altimate,2026-07-12
ashby,"Altis",altis,2026-07-17
ashby,"Altura",altura,2026-07-12
ashby,"Alurion Talent Group",aluriontalentgroup,2026-07-12
ashby,"Alva Energy, Inc",alva-energy,2026-07-17
ashby,"Ambience Healthcare",ambiencehealthcare,2026-07-12
ashby,"AMBOSS",amboss,2026-07-12
ashby,"Ambrook",ambrook,2026-07-12
ashby,"Ameba",ameba,2026-07-12
ashby,"Amenitiz Solutions",amenitiz,2026-07-17
ashby,"American Operator",americanoperator,2026-07-12
ashby,"AMI",ami,2026-07-17
ashby,"Amigo",amigo,2026-07-12
ashby,"Amma Inc.",amma,2026-07-17
ashby,"amo",amo,2026-07-12
ashby,"Amplify",amplify,2026-07-12
ashby,"Amplitude",amplitude,2026-07-12
ashby,"amplo",amplo,2026-07-12
ashby,"Anagram",anagram,2026-07-12
ashby,"Anagram",goanagram,2026-07-17
ashby,"Anam AI",anam,2026-07-12
ashby,"Anara",anara,2026-07-12
ashby,"Andela",andela,2026-07-17
ashby,"Andercore",andercore,2026-07-17
ashby,"Angi",angi,2026-07-17
ashby,"Angle Health",anglehealth,2026-07-12
ashby,"Anima",anima,2026-07-12
ashby,"Ankar",ankar,2026-07-12
ashby,"Ankorstore",ankorstore,2026-07-12
ashby,"Anna Autism Care",annaautismcare,2026-07-17
ashby,"Anon",anon,2026-07-12
ashby,"Anrok",anrok,2026-07-12
ashby,"AnsibleHealth Inc.",ansiblehealth,2026-07-12
ashby,"AnswersNow Inc",answersnow,2026-07-12
ashby,"Antai Ventures",antaiventures,2026-07-12
ashby,"Antares",antares,2026-07-12
ashby,"Anterior",anterior,2026-07-12
ashby,"Antimetal",antimetal,2026-07-12
ashby,"Antioch",antioch,2026-07-17
ashby,"Anuvaya Labs",anuvaya,2026-07-12
ashby,"Anyscale",anyscale,2026-07-12
ashby,"AnySignal",anysignal,2026-07-12
ashby,"Anything",anything,2026-07-12
ashby,"AnyVan",anyvan,2026-07-12
ashby,"Apella",apella,2026-07-12
ashby,"Apex Technology, Inc.",apex-technology-inc,2026-07-12
ashby,"Aphex",aphex,2026-07-12
ashby,"Apify Technologies s.r.o.",apify,2026-07-17
ashby,"Apiphany",apiphany,2026-07-12
ashby,"A Place for Mom",a-place-for-mom,2026-07-12
ashby,"Apollo Information Systems",apollo-information-systems,2026-07-17
ashby,"Apple Roofing",apple-roofing,2026-07-12
ashby,"Applied Behavioral Services",applied-behavioral-services,2026-07-17
ashby,"Applied Intuition",applied,2026-07-12
ashby,"AppSumo",appsumo,2026-07-17
ashby,"april",april,2026-07-12
ashby,"Apron",apron,2026-07-12
ashby,"Aptible",aptible,2026-07-17
ashby,"Aptura",aptura,2026-07-17
ashby,"Aquant",aquant,2026-07-12
ashby,"Aquatic",aquatic,2026-07-17
ashby,"Arago",arago,2026-07-12
ashby,"ARB Interactive",arb-interactive,2026-07-12
ashby,"Arbiter AI",arbiter-ai,2026-07-12
ashby,"Arbor",arbor,2026-07-12
ashby,"Arbor",findarbor,2026-07-17
ashby,"Arcade",arcade,2026-07-12
ashby,"Arcade",arcade-ai,2026-07-12
ashby,"Arcade",arcadeai,2026-07-12
ashby,"Archil",archil,2026-07-12
ashby,"Architect",architect,2026-07-12
ashby,"Archive",archive,2026-07-12
ashby,"Arch Solutions",arch-solutions,2026-07-17
ashby,"Arcturus",arcturus,2026-07-17
ashby,"Arena Intelligence, Inc.",arena,2026-07-12
ashby,"Aries.com",aries,2026-07-17
ashby,"Arlo",arlo,2026-07-12
ashby,"Armory",armory,2026-07-17
ashby,"ARQ",arq,2026-07-17
ashby,"arqu",arqu,2026-07-17
ashby,"Arrakis Finance",arrakis,2026-07-17
ashby,"Array Behavioral Care",array-behavioral-care,2026-07-12
ashby,"Artemis",artemis,2026-07-17
ashby,"Artemis",artemisanalytics,2026-07-17
ashby,"Arthur Robotics",arthur,2026-07-17
ashby,"Articul8",articul8,2026-07-12
ashby,"Artificial Analysis, Inc.",artificialanalysis,2026-07-17
ashby,"Artificial Intelligence Underwriting Company",aiuc,2026-07-17
ashby,"Artisan",artisan,2026-07-12
ashby,"Artsy",artsy,2026-07-17
ashby,"Ascertain",ascertain,2026-07-17
ashby,"Ashby",ashby,2026-07-12
ashby,"ashby-embed-demo-org",ashby-embed-demo-org,2026-07-17
ashby,"Asimov",asimov,2026-07-17
ashby,"Aspora",aspora,2026-07-12
ashby,"Assembled",assembledhq,2026-07-12
ashby,"Assembly",assembly,2026-07-17
ashby,"Assort Health",assorthealth,2026-07-12
ashby,"Assured",assured,2026-07-12
ashby,"Assured",assured-health,2026-07-12
ashby,"Astera Institute",astera,2026-07-12
ashby,"Astra",astra,2026-07-12
ashby,"Astral",astral,2026-07-12
ashby,"Astrocade",astrocade,2026-07-17
ashby,"Astro Mechanica",astro-mechanica,2026-07-17
ashby,"Astronomer",astronomer,2026-07-12
ashby,"Atalanta",atalanta,2026-07-17
ashby,"Ataraxis AI",ataraxis-ai,2026-07-12
ashby,"A.Team",a-team,2026-07-12
ashby,"ATG",atg,2026-07-17
ashby,"Athena Actuarial Consulting",athenaactuarial,2026-07-17
ashby,"Atlan",atlan,2026-07-12
ashby,"Atlas",atlas,2026-07-12
ashby,"Atlas Oncology Partners",atlasonc,2026-07-17
ashby,"Atlas Residential",atlasresidential,2026-07-17
ashby,"AtoB",atob,2026-07-12
ashby,"Atomic",atomic,2026-07-12
ashby,"Atomic Industries",atomicindustries,2026-07-17
ashby,"Atomic Semi",atomicsemi,2026-07-12
ashby,"Atominvest",atominvest,2026-07-17
ashby,"Atria",atria,2026-07-17
ashby,"Atrix AI",atrix,2026-07-17
ashby,"Atropos Health",atroposhealth,2026-07-12
ashby,"Attention Engineering",attention,2026-07-17
ashby,"Attentive",attentivemobile,2026-07-17
ashby,"Atticus",atticus,2026-07-12
ashby,"Attio",attio,2026-07-12
ashby,"Auctor",auctor,2026-07-12
ashby,"Audacious Ventures",audacious,2026-07-17
ashby,"Audiohook",audiohook,2026-07-17
ashby,"Augur Initiative Ltd",augur,2026-07-17
ashby,"August",august,2026-07-12
ashby,"August Health",august-health,2026-07-12
ashby,"Augustus",augustus,2026-07-17
ashby,"Augustus",getivy,2026-07-17
ashby,"Aurelian",aurelian,2026-07-17
ashby,"Auror",auror,2026-07-12
ashby,"Aurora Solar",aurorasolar,2026-07-17
ashby,"Automat, Inc.",automat,2026-07-12
ashby,"Autoscience",autoscience,2026-07-17
ashby,"Avantos AI",avantos,2026-07-17
ashby,"Aven",aven,2026-07-12
ashby,"Aviator",aviator,2026-07-17
ashby,"Avid4 Adventure",avid4,2026-07-12
ashby,"Avida",avida,2026-07-12
ashby,"Avoca",avoca,2026-07-17
ashby,"Away",away,2026-07-12
ashby,"Axel",axel,2026-07-17
ashby,"Axelera AI",axelera,2026-07-12
ashby,"Axiom",axiom,2026-07-12
ashby,"Axiom",axiombio,2026-07-12
ashby,"Axiom",axiom-co,2026-07-12
ashby,"Axion",axion,2026-07-12
ashby,"Axle Energy",axle-careers,2026-07-17
ashby,"Baba",baba,2026-07-17
ashby,"Babbel",babbel,2026-07-17
ashby,"Backflip",backflip,2026-07-12
ashby,"Back Market",backmarket,2026-07-12
ashby,"Backpack",backpack,2026-07-12
ashby,"Bankjoy",bankjoy,2026-07-12
ashby,"Barkbus",barkbus,2026-07-12
ashby,"Barnes & Thornburg LLP",barnes,2026-07-12
ashby,"Barti",barti,2026-07-17
ashby,"Basata Inc",basata,2026-07-17
ashby,"Base",base,2026-07-12
ashby,"Basecamp Research",basecamp-research,2026-07-17
ashby,"Base Operations",base-operations,2026-07-12
ashby,"Base Power Company",base-power,2026-07-17
ashby,"Baseten",baseten,2026-07-12
ashby,"Basic Capital",basiccapital,2026-07-12
ashby,"Basis AI",basis-ai,2026-07-12
ashby,"Bastion",bastion,2026-07-12
ashby,"Baton",baton,2026-07-12
ashby,"Bayesian Health, Inc.",bayesianhealth,2026-07-12
ashby,"Beach Bum",beach-bum,2026-07-17
ashby,"Beacon AI",beaconai,2026-07-12
ashby,"Beacons",beacons,2026-07-12
ashby,"Beacon Software",beaconsoftware,2026-07-12
ashby,"Beam",beam,2026-07-12
ashby,"Beamery",beamery,2026-07-17
ashby,"Beam Impact",beamimpact,2026-07-12
ashby,"Bedford",learn-bedford,2026-07-17
ashby,"Bedrock Data",bedrock,2026-07-17
ashby,"Bedrock Ocean Exploration",bedrockocean,2026-07-17
ashby,"Believer",believer,2026-07-12
ashby,"bem",bem,2026-07-17
ashby,"Ben",ben,2026-07-12
ashby,"Benchling",benchling,2026-07-17
ashby,"Benepass",benepass,2026-07-12
ashby,"Benevity",benevity,2026-07-17
ashby,"Bento Setup Sandbox",bento,2026-07-17
ashby,"Beside",beside,2026-07-17
ashby,"Bespoke Labs",bespokelabs,2026-07-12
ashby,"Bestow",bestow,2026-07-12
ashby,"Better Health",joinbetter,2026-07-17
ashby,"Bettermile",bettermile,2026-07-12
ashby,"Better Mortgage",better-mortgage,2026-07-17
ashby,"BetterUp",betterup,2026-07-12
ashby,"Bevel",bevel,2026-07-12
ashby,"Beyond Sports",wearebeyondsports,2026-07-17
ashby,"Bhblasted",bhblasted,2026-07-12
ashby,"Biconomy",biconomy,2026-07-17
ashby,"Bifrost AI",bifrost,2026-07-12
ashby,"Bigger Games",biggergames,2026-07-12
ashby,"Billie",billie,2026-07-17
ashby,"billups",billups,2026-07-12
ashby,"Binalyze",binalyze,2026-07-17
ashby,"Binance",binance,2026-07-12
ashby,"Binti",binti,2026-07-17
ashby,"BIO",bio,2026-07-17
ashby,"Biofire",biofire,2026-07-17
ashby,"Biograph",biograph,2026-07-12
ashby,"BIOptimizers",bioptimizers,2026-07-12
ashby,"Birdie",birdie,2026-07-12
ashby,"Bitstack",bitstack,2026-07-17
ashby,"Bitvavo",bitvavo,2026-07-12
ashby,"Bjak",bjakcareer,2026-07-12
ashby,"Blackbird Labs Inc",blackbird-labs-inc,2026-07-12
ashby,"BlackBox Strategies",blackbox-strategies,2026-07-17
ashby,"Blacksmith",blacksmith,2026-07-17
ashby,"Bland",bland,2026-07-12
ashby,"Blank Metal",blank-metal,2026-07-17
ashby,"Blaxel",blaxel,2026-07-17
ashby,"Blink Tech Inc",blink,2026-07-12
ashby,"Bliro GmbH",bliro,2026-07-12
ashby,"Blissway Inc.",blissway,2026-07-17
ashby,"Blockdaemon",blockdaemon,2026-07-12
ashby,"Blockhouse",blockhouse,2026-07-12
ashby,"Blockit AI",blockit,2026-07-12
ashby,"Block Labs",block-labs,2026-07-12
ashby,"Blockstream",blockstream,2026-07-12
ashby,"Blockworks",blockworks,2026-07-12
ashby,"Blooming Health",blooming-health,2026-07-17
ashby,"Blossom Health",blossom-health,2026-07-12
ashby,"Blowhammer",blowhammer,2026-07-17
ashby,"Bloxd",bloxd,2026-07-17
ashby,"Blue AI",blue-ai,2026-07-17
ashby,"Blueberry Pediatrics",blueberrypediatrics,2026-07-12
ashby,"BlueDot Impact",bluedot,2026-07-17
ashby,"Blue Energy",blue-energy,2026-07-12
ashby,"Blumen Systems",blumen,2026-07-12
ashby,"Boam AI",boam,2026-07-12
ashby,"Body & Soul Studios",bodysoul,2026-07-17
ashby,"Bold.org",bold,2026-07-12
ashby,"Bolt",bolt,2026-07-17
ashby,"Bolt Farm Treehouse",bolt-farm,2026-07-17
ashby,"Boom",boom,2026-07-17
ashby,"Boomi",boomi,2026-07-17
ashby,"Boon Technologies, Inc.",boon,2026-07-12
ashby,"Boost",boost,2026-07-12
ashby,"Boosters",boosters,2026-07-17
ashby,"Botanic Tonics",botanictonics,2026-07-12
ashby,"BotCrew",botcrew,2026-07-12
ashby,"Bounce",bounce,2026-07-12
ashby,"Braiins",braiins,2026-07-17
ashby,"Brain Co.",brainco,2026-07-12
ashby,"Brainly",brainly,2026-07-12
ashby,"Braintrust",braintrust,2026-07-12
ashby,"Brale",brale,2026-07-12
ashby,"Branch Financial, LLC",branchinsurance,2026-07-12
ashby,"Breadcrumb",breadcrumb,2026-07-17
ashby,"Breadwinner",breadwinner,2026-07-17
ashby,"Breaker",breaker,2026-07-17
ashby,"Bree",bree,2026-07-12
ashby,"Brelle",brelle,2026-07-17
ashby,"Brellium",brellium,2026-07-12
ashby,"Bretton AI",brettonai,2026-07-17
ashby,"Bridger",bridger,2026-07-17
ashby,"Brighterly",brighterly,2026-07-12
ashby,"Brightline",hellobrightline,2026-07-17
ashby,"Brightstar.AI",brightstar-ai,2026-07-17
ashby,"brightwheel",brightwheel,2026-07-12
ashby,"Brigit",brigit,2026-07-12
ashby,"Brimstone",brimstone,2026-07-17
ashby,"BRINC",brinc,2026-07-12
ashby,"Brisk Teaching",brisk-teaching,2026-07-12
ashby,"Broccoli AI",broccoli,2026-07-12
ashby,"Brookwood",brookwood,2026-07-12
ashby,"Browserbase",browserbase,2026-07-17
ashby,"Bubble",bubble,2026-07-17
ashby,"Buffer",buffer,2026-07-17
ashby,"Build AI",build-ai,2026-07-17
ashby,"Builder Prime",builder-prime,2026-07-17
ashby,"BuildingWorks",buildingworks,2026-07-17
ashby,"Buildlinx GmbH",buildlinx,2026-07-17
ashby,"Buildout",buildout,2026-07-17
ashby,"Build Technologies",build,2026-07-17
ashby,"Bullpen Talent",bullpen-talent,2026-07-17
ashby,"Bumble",bumble,2026-07-17
ashby,"bunch",bunch,2026-07-17
ashby,"Bunny",bunny,2026-07-17
ashby,"Bureau",bureau,2026-07-17
ashby,"Burkland Associates",burklandassociates,2026-07-17
ashby,"BusPatrol",buspatrol,2026-07-17
ashby,"ButterflyMX",butterflymx,2026-07-17
ashby,"Button Labs",button,2026-07-17
ashby,"Bynder",bynder,2026-07-17
ashby,"C1",c1,2026-07-17
ashby,"Cache",cache,2026-07-17
ashby,"Cadre",cadre,2026-07-17
ashby,"CADRE GOVERNMENT SOLUTIONS",cadregs,2026-07-17
ashby,"Calder",calder,2026-07-17
ashby,"Camber",camber,2026-07-17
ashby,"Cambio AI Inc.",cambio,2026-07-17
ashby,"Cambium",cambium,2026-07-17
ashby,"Cambly",cambly,2026-07-17
ashby,"Cambridge Boston Alignment Initiative",cbai,2026-07-17
ashby,"Campfire",campfire,2026-07-17
ashby,"Campus",campus,2026-07-17
ashby,"Camunda",camunda,2026-07-17
ashby,"CanadaVisa",canadavisa,2026-07-17
ashby,"Canals",canals,2026-07-17
ashby,"candidate fyi",candidate.fyi,2026-07-17
ashby,"Candid Health",candidhealth,2026-07-17
ashby,"Candid Intelligence",candidintelligence,2026-07-17
ashby,"Canopy",canopy,2026-07-17
ashby,"Cantina",cantina,2026-07-17
ashby,"Capchase",capchase,2026-07-17
ashby,"Cape",cape,2026-07-17
ashby,"Capi Money",capimoney,2026-07-17
ashby,"Capsule",capsule,2026-07-17
ashby,"Carbon Health",carbonhealth,2026-07-17
ashby,"Cardless",cardless,2026-07-17
ashby,"Careers",proto-town,2026-07-17
ashby,"Careway Health",careway,2026-07-17
ashby,"Cargado",cargado,2026-07-17
ashby,"cargo.one",cargo-one,2026-07-17
ashby,"CARIAN",carian,2026-07-17
ashby,"Caribou",caribou,2026-07-17
ashby,"Carolina Complete Health Network",cchn,2026-07-17
ashby,"Carrara",carrara,2026-07-17
ashby,"Cartesia",cartesia,2026-07-17
ashby,"Caruso",caruso,2026-07-17
ashby,"Carwow",carwow,2026-07-17
ashby,"Casa",casa,2026-07-17
ashby,"Casap",casap,2026-07-17
ashby,"Casca",casca,2026-07-17
ashby,"Cascade",cascade,2026-07-17
ashby,"Casium",casium,2026-07-17
ashby,"Castle",castle,2026-07-17
ashby,"Castleton Tower",castletontower,2026-07-17
ashby,"Catalog",catalog,2026-07-17
ashby,"Catch",catch,2026-07-17
ashby,"Catchafire",catchafire,2026-07-17
ashby,"Category Labs",category-labs,2026-07-17
ashby,"Catena",catena-labs,2026-07-17
ashby,"Catio",catio,2026-07-17
ashby,"Causaly",causaly,2026-07-17
ashby,"Cedar",cedar,2026-07-17
ashby,"Cellular Intelligence",cellular-intelligence,2026-07-17
ashby,"Centari",centari,2026-07-17
ashby,"Centivo",centivo,2026-07-17
ashby,"Certifid, Inc",certifid,2026-07-17
ashby,"CertifyOS",certifyos,2026-07-17
ashby,"Certn",certn,2026-07-17
ashby,"Cerve Global Ltd",cerve,2026-07-17
ashby,"Chai Discovery",chaidiscovery,2026-07-17
ashby,"Chainalysis",chainalysis-careers,2026-07-17
ashby,"Chalk",chalk,2026-07-17
ashby,"Chalkboard",chalkboard,2026-07-17
ashby,"Chamber",chamber,2026-07-17
ashby,"Change.org",change,2026-07-17
ashby,"Chapter",chapter,2026-07-17
ashby,"Character.AI",character,2026-07-17
ashby,"Charge Robotics",charge-robotics,2026-07-17
ashby,"Chatbase",chatbase,2026-07-17
ashby,"Checkatrade",checkatrade,2026-07-17
ashby,"Checkly",checkly,2026-07-17
ashby,"Check Technologies",check-technologies,2026-07-17
ashby,"Cheiron",cheiron,2026-07-17
ashby,"Chestnut",chestnut,2026-07-17
ashby,"Chief",chief,2026-07-17
ashby,"Chili Piper",chilipiper,2026-07-17
ashby,"Chimera Investment Corporation",chimerareit,2026-07-17
ashby,"Choco",choco,2026-07-17
ashby,"Chord",chord,2026-07-17
ashby,"Chromatic",chromatic,2026-07-17
ashby,"Chronosphere",chronospherejobs,2026-07-17
ashby,"Cinder",cinder,2026-07-17
ashby,"Circle Health",circle-health,2026-07-17
ashby,"CircuitHub",circuithub,2026-07-17
ashby,"Circular Economy Systems",circulareconomysystems,2026-07-17
ashby,"Ciro",ciro,2026-07-17
ashby,"Citadel AI",citadel-ai,2026-07-17
ashby,"Citizen",citizen,2026-07-17
ashby,"CivilGrid",civilgrid,2026-07-17
ashby,"Claim Health",claim-health,2026-07-17
ashby,"ClaimSorted",claimsorted,2026-07-17
ashby,"Clair",clair,2026-07-17
ashby,"Clarion",clarion,2026-07-17
ashby,"Clarity",clarity,2026-07-17
ashby,"ClarityPay",claritypay,2026-07-17
ashby,"Clarium",clarium,2026-07-17
ashby,"Clasp",clasp-group,2026-07-17
ashby,"ClassDojo",classdojo,2026-07-17
ashby,"Clay Labs",claylabs,2026-07-17
ashby,"clearalpha",clearalpha,2026-07-17
ashby,"ClearBank",clearbank,2026-07-17
ashby,"Clearco",clearco,2026-07-17
ashby,"Clera",clera,2026-07-17
ashby,"Cleric",cleric,2026-07-17
ashby,"Clerk",clerk,2026-07-17
ashby,"Clerky, Inc.",clerky,2026-07-17
ashby,"Clever",clever,2026-07-17
ashby,"ClickUp",clickup,2026-07-17
ashby,"Climate Finance Solutions",climate-finance-solutions,2026-07-17
ashby,"Climatiq",climatiq,2026-07-17
ashby,"Clinically AI",clinicallyai,2026-07-17
ashby,"Clipboard",clipboard,2026-07-17
ashby,"Cloaked",cloaked,2026-07-17
ashby,"Close",close,2026-07-17
ashby,"Closetamerica",closetamerica,2026-07-17
ashby,"Cloud9",cloud9,2026-07-17
ashby,"Cloud Accountant Staffing",cas,2026-07-17
ashby,"CloudKitchens",cloudkitchens,2026-07-17
ashby,"Cloudscaler",cloudscaler,2026-07-17
ashby,"CloudTrucks",cloudtrucks,2026-07-17
ashby,"CloudZero",cloudzero,2026-07-17
ashby,"Clove",clove,2026-07-17
ashby,"Clover Sonoma",clover-sonoma,2026-07-17
ashby,"Clubhouse",clubhouse,2026-07-17
ashby,"Cluely",cluely,2026-07-17
ashby,"Clutch",withclutch,2026-07-17
ashby,"Coactive AI",coactive,2026-07-17
ashby,"Coalesce",coalesce,2026-07-17
ashby,"Coastal Community Bank",coastal,2026-07-17
ashby,"Cobot",cobot,2026-07-17
ashby,"Coco",cocodelivery,2026-07-17
ashby,"Cocoon",cocoon,2026-07-17
ashby,"Codat",codat,2026-07-17
ashby,"Code Metal",code-metal,2026-07-17
ashby,"Coder",coder,2026-07-17
ashby,"CodeRabbit",coderabbit,2026-07-17
ashby,"Codes Health",codes-health,2026-07-17
ashby,"Codex",codex,2026-07-17
ashby,"Coefficient Giving",coefficientgiving,2026-07-17
ashby,"Coframe",coframe,2026-07-17
ashby,"Cogent Security",cogent-security,2026-07-17
ashby,"Cognition",cognition,2026-07-17
ashby,"Cohen Immigration Law",cohen-immigration-law,2026-07-17
ashby,"Cohere",cohere,2026-07-17
ashby,"Coinflow",coinflow,2026-07-17
ashby,"Coinhako",coinhako,2026-07-17
ashby,"CoinTracker",cointracker,2026-07-17
ashby,"Cold Start Ventures",coldstartventures,2026-07-17
ashby,"Collective",collective,2026-07-17
ashby,"Colonist",colonist,2026-07-17
ashby,"Column",column,2026-07-17
ashby,"Column Tax",columntax,2026-07-17
ashby,"Comfy",comfy-org,2026-07-17
ashby,"Comity",comity,2026-07-17
ashby,"Common Room",commonroom,2026-07-17
ashby,"Commons",commons,2026-07-17
ashby,"Commure",commure,2026-07-17
ashby,"Compa",compa,2026-07-17
ashby,"Company.ai",company-ai,2026-07-17
ashby,"Company name",cribl,2026-07-17
ashby,"Compass Surgical Partners",compass-surgical-partners,2026-07-17
ashby,"Complement",complement,2026-07-17
ashby,"Complete",complete,2026-07-17
ashby,"Composio",composio,2026-07-17
ashby,"Compound Planning, Inc.",compound,2026-07-17
ashby,"Comprehensive",comprehensive,2026-07-17
ashby,"CompScience",compscience,2026-07-17
ashby,"comstruct ICT",comstruct,2026-07-17
ashby,"Comulate",comulate,2026-07-17
ashby,"Comun",comun,2026-07-17
ashby,"Concourse",concourse,2026-07-17
ashby,"Condor Software",condor-software,2026-07-17
ashby,"Conductor",conductor,2026-07-17
ashby,"ConductorAI",conductorai,2026-07-17
ashby,"Conduit",conduit,2026-07-17
ashby,"Confiant",confiant,2026-07-17
ashby,"Confluent",confluent,2026-07-17
ashby,"Connectly Inc",connectly,2026-07-17
ashby,"Conquest",conquest,2026-07-17
ashby,"Conscious Talent",conscious-talent,2026-07-17
ashby,"Console",console,2026-07-17
ashby,"Constructor",constructor,2026-07-17
ashby,"Context",context,2026-07-17
ashby,"Continue",continue,2026-07-17
ashby,"Contoro Inc.",contoro,2026-07-17
ashby,"Contra",contra,2026-07-17
ashby,"Conveo.ai",conveo,2026-07-17
ashby,"Conversion",conversion,2026-07-17
ashby,"Convex",convex-dev,2026-07-17
ashby,"Convey (formerly Message Broadcast)",convey,2026-07-17
ashby,"Copilot Money",copilot-money,2026-07-17
ashby,"Coral AI",coralai,2026-07-17
ashby,"Coram AI",coram-ai,2026-07-17
ashby,"coreflow",coreflow,2026-07-17
ashby,"Core of the Heart",coreoftheheart,2026-07-17
ashby,"CorePlan",coreplan,2026-07-17
ashby,"Corgi Insurance",corgi,2026-07-17
ashby,"Corridor",corridor,2026-07-17
ashby,"Cortea AI",cortea,2026-07-17
ashby,"Corti",corti,2026-07-17
ashby,"Cosine",cosine,2026-07-17
ashby,"Cosmic Robotics",cosmic-robotics,2026-07-17
ashby,"cosmos GmbH",cosmos,2026-07-17
ashby,"Council Capital",council-capital,2026-07-17
ashby,"Counsel Health",counsel,2026-07-17
ashby,"Count",count,2026-07-17
ashby,"Counterpart",counterpart,2026-07-17
ashby,"CourseCareers",coursecareers,2026-07-17
ashby,"Coverbase",coverbase,2026-07-17
ashby,"Coverdash",coverdash,2026-07-17
ashby,"Cowboy Space Corp.",aetherflux,2026-07-12
ashby,"CoW DAO",cow-dao,2026-07-17
ashby,"Coworker.ai",coworker,2026-07-17
ashby,"CPOHQ + Knoetic AI",knoetic,2026-07-17
ashby,"Cracken",crackenagi,2026-07-17
ashby,"Cradle",cradlebio,2026-07-17
ashby,"Craze",craze,2026-07-17
ashby,"Creatify Lab Inc",creatify,2026-07-17
ashby,"CreatorIQ",creatoriq,2026-07-17
ashby,"Credal",credal,2026-07-17
ashby,"Credit Genie",creditgenie,2026-07-17
ashby,"Crete Professionals Alliance",crete-professionals-alliance,2026-07-17
ashby,"CrewBloom",crewbloom,2026-07-17
ashby,"Crisp",crisp,2026-07-17
ashby,"Crisp",crispgrowth,2026-07-17
ashby,"Critical Energy",critical-energy,2026-07-17
ashby,"Crosby",crosby,2026-07-17
ashby,"crossjoin-solutions",crossjoin-solutions,2026-07-17
ashby,"Crunchbase (Lever)",crunchbase,2026-07-17
ashby,"Crusoe",crusoe,2026-07-17
ashby,"Crux",cruxclimate,2026-07-17
ashby,"Cryptio",cryptio,2026-07-17
ashby,"Cside",cside,2026-07-17
ashby,"CTGT",ctgt,2026-07-17
ashby,"CUBE",cube,2026-07-17
ashby,"Cube",cubesoftware,2026-07-17
ashby,"Cubic³",cubic3,2026-07-17
ashby,"Cubist",cubist,2026-07-17
ashby,"Cuesta Partners",cuesta-partners,2026-07-17
ashby,"Curated",curated,2026-07-17
ashby,"Curie",curie,2026-07-17
ashby,"Curri",curri,2026-07-17
ashby,"cursor",cursor,2026-07-17
ashby,"CuspAI",cuspai,2026-07-17
ashby,"Customuse",customuse,2026-07-17
ashby,"Cyberhaven",cyberhaven,2026-07-17
ashby,"CYBRET AI",cybret,2026-07-17
ashby,"Cygnify",cygnify,2026-07-17
ashby,"Cylinder Health",cylinderhealth,2026-07-17
ashby,"Cyvl",cyvl,2026-07-17
ashby,"DailyPay",dailypay,2026-07-17
ashby,"Dakota",dakota,2026-07-17
ashby,"Dandelion Energy",dandelion,2026-07-17
ashby,"Dandy",dandy,2026-07-17
ashby,"Darkroom",darkroom,2026-07-17
ashby,"Darwin",darwin,2026-07-17
ashby,"Dash0",dash0,2026-07-17
ashby,"DataGuard",dataguard,2026-07-17
ashby,"Datatonic",datatonic,2026-07-17
ashby,"DatologyAI",datologyai,2026-07-17
ashby,"Datum",datum,2026-07-17
ashby,"Dave",dave,2026-07-17
ashby,"David AI",david-ai,2026-07-17
ashby,"David Energy",davidenergy,2026-07-17
ashby,"Davis Technology Management",davistechnologymanagement,2026-07-17
ashby,"DayDream",daydream,2026-07-17
ashby,"Daydream",daydream-ai,2026-07-17
ashby,"daydream",withdaydream,2026-07-17
ashby,"dClimate",dclimate,2026-07-17
ashby,"DDN",ddn,2026-07-17
ashby,"d/dx",ddx,2026-07-17
ashby,"DealMaker",dealmaker,2026-07-17
ashby,"Decagon",decagon,2026-07-17
ashby,"Decimal",decimal,2026-07-17
ashby,"Dedale Intelligence",dedale-intelligence,2026-07-17
ashby,"Deductive AI",deductive,2026-07-17
ashby,"Deel",deel,2026-07-17
ashby,"Deepgram",deepgram,2026-07-17
ashby,"DeepJudge",deepjudge,2026-07-17
ashby,"DeepL",deepl,2026-07-17
ashby,"DeepSky",deepsky,2026-07-17
ashby,"DeepSource",deepsource,2026-07-17
ashby,"Deeptune",deeptune,2026-07-17
ashby,"Deeter Analytics",deeter-analytics,2026-07-17
ashby,"Defense",defense,2026-07-17
ashby,"Defy Security",defy-security,2026-07-17
ashby,"Dehazelabs",dehazelabs,2026-07-17
ashby,"Delian Alliance Industries",delian,2026-07-17
ashby,"Delinea",delinea,2026-07-17
ashby,"Deliveroo",deliveroo,2026-07-17
ashby,"Delphi",delphi,2026-07-17
ashby,"Deltia",deltia,2026-07-17
ashby,"Delve",delve,2026-07-17
ashby,"Demandbase",demandbase,2026-07-17
ashby,"Deposco",deposco,2026-07-17
ashby,"Depot",depot,2026-07-17
ashby,"Designworks Talent",designworkstalent,2026-07-17
ashby,"Detail",detail,2026-07-17
ashby,"Develop Health",develop-health,2026-07-17
ashby,"DevSavant Inc.",devsavant,2026-07-17
ashby,"Dex",dex,2026-07-17
ashby,"Dexmate",dexmate,2026-07-17
ashby,"Diagrid",diagrid,2026-07-17
ashby,"digg",digg,2026-07-17
ashby,"Dimension",dimension,2026-07-17
ashby,"Dimensional Inc.",dimensional,2026-07-17
ashby,"Dipper",dipper,2026-07-17
ashby,"Directive",directive,2026-07-17
ashby,"Dispatch",dispatch,2026-07-17
ashby,"Distributed Spectrum",distributed-spectrum,2026-07-17
ashby,"Distributor Wire & Cable",distributor-wire-cable,2026-07-17
ashby,"Distyl AI",distyl,2026-07-17
ashby,"Ditto",ditto,2026-07-17
ashby,"Diversified Botanics",diversified-botanics,2026-07-17
ashby,"d-Matrix",d-matrix,2026-07-17
ashby,"Docebo",docebo,2026-07-17
ashby,"Docker",docker,2026-07-17
ashby,"Docplanner",docplanner,2026-07-17
ashby,"Doctolib",doctolib,2026-07-17
ashby,"Doctronic",doctronic,2026-07-17
ashby,"doe",doe,2026-07-17
ashby,"Doji",doji,2026-07-17
ashby,"DoktorTakvimi",doktortakvimi,2026-07-17
ashby,"Domu AI",domu,2026-07-17
ashby,"Don's Garage Doors",dons-garage-doors,2026-07-17
ashby,"Doppel",doppel,2026-07-17
ashby,"Doppler",doppler,2026-07-17
ashby,"DOSS",doss,2026-07-17
ashby,"Dosu, Inc.",dosu,2026-07-17
ashby,"dottxt",dottxt,2026-07-17
ashby,"Double",double,2026-07-17
ashby,"Double the Donation",double-the-donation,2026-07-17
ashby,"Dovetail",dovetail,2026-07-17
ashby,"Drata",drata,2026-07-17
ashby,"Dr. Comfort",drcomfort,2026-07-17
ashby,"Dressly",dressly,2026-07-17
ashby,"Drogue",drogue,2026-07-17
ashby,"Droyd",droyd,2026-07-17
ashby,"DualEntry",dualentry,2026-07-17
ashby,"DubClub",dubclub,2026-07-17
ashby,"DuckDuckGo",duck-duck-go,2026-07-17
ashby,"Duet",duet,2026-07-17
ashby,"Duffel",duffel,2026-07-17
ashby,"Duna",duna,2026-07-17
ashby,"Dune",dune,2026-07-17
ashby,"Dusk",dusk,2026-07-17
ashby,"Dust",dust,2026-07-17
ashby,"Dusty",jobs,2026-07-17
ashby,"Duvo Inc",duvo,2026-07-17
ashby,"Dweet",dweet,2026-07-17
ashby,"Dwelling",dwelling,2026-07-17
ashby,"Dynamic",dynamic,2026-07-17
ashby,"Dyna Robotics",dyna-robotics,2026-07-17
ashby,"Dyneti",dyneti,2026-07-17
ashby,"Eagle",eagle,2026-07-17
ashby,"Earned",earnedwealth,2026-07-17
ashby,"Eastwood & Cleef",eastwoodcleef,2026-07-17
ashby,"Easygenerator",easygenerator,2026-07-17
ashby,"EchoMark",echomark,2026-07-17
ashby,"Echo Neurotechnologies",echo,2026-07-17
ashby,"Edia",edia,2026-07-17
ashby,"Ediphi",ediphi,2026-07-17
ashby,"EDITED",edited,2026-07-17
ashby,"Edlink",edlink,2026-07-17
ashby,"Edra",edra,2026-07-17
ashby,"EdSights",edsights,2026-07-17
ashby,"EdVisorly",edvisorly,2026-07-17
ashby,"Egra",egra,2026-07-17
ashby,"Eigen Labs",eigen-labs,2026-07-17
ashby,"Eight Sleep",eightsleep,2026-07-17
ashby,"Eka",ekarobotics,2026-07-17
ashby,"Ekho",ekho,2026-07-17
ashby,"Ekumen",ekumenlabs,2026-07-17
ashby,"ElastixAI INC.",elastix,2026-07-17
ashby,"Electric",electric,2026-07-17
ashby,"ElevenLabs",elevenlabs,2026-07-17
ashby,"Elicit",elicit,2026-07-17
ashby,"Eli Health",eli,2026-07-17
ashby,"EliseAI",eliseai,2026-07-17
ashby,"Eliza",eliza,2026-07-17
ashby,"ellamind",ellamind,2026-07-17
ashby,"Ellipsis Labs",ellipsislabs,2026-07-17
ashby,"Elliptic",elliptic,2026-07-17
ashby,"Ello",ello,2026-07-17
ashby,"Eloquent AI",eloquentai,2026-07-17
ashby,"Ema",ema,2026-07-17
ashby,"Emanate",emanate,2026-07-17
ashby,"Embeddable",embeddable,2026-07-17
ashby,"Embedding VC",embedding-vc,2026-07-17
ashby,"Emberos",emberos,2026-07-17
ashby,"embo",embo,2026-07-17
ashby,"Emergence Software",emergence,2026-07-17
ashby,"Emora Health",emora-health,2026-07-17
ashby,"Empathic",empathic,2026-07-17
ashby,"Empirical Security",empirical-security,2026-07-17
ashby,"Empora Title",empora,2026-07-17
ashby,"Endex",endex,2026-07-17
ashby,"Endgame",endgame,2026-07-17
ashby,"Endurance Energy",endurance-energy,2026-07-17
ashby,"EngFlow",engflow,2026-07-17
ashby,"Engram Lab",engram,2026-07-17
ashby,"Enode",enode,2026-07-17
ashby,"Enpal",enpal,2026-07-17
ashby,"ENS Labs",ens-labs,2026-07-17
ashby,"Ent Security",ent-security,2026-07-17
ashby,"Envoy",envoy,2026-07-17
ashby,"Epia Neuro",epianeuro,2026-07-17
ashby,"Equal1",equal1,2026-07-17
ashby,"Equal Ventures",equal-ventures,2026-07-17
ashby,"Equi",equi,2026-07-17
ashby,"Equip Health",equip,2026-07-17
ashby,"Ernest",ernest,2026-07-17
ashby,"Escape Technologies",escape,2026-07-17
ashby,"Espa Labs",espa,2026-07-17
ashby,"Essential AI",essentialai,2026-07-17
ashby,"Etched",etched,2026-07-17
ashby,"Ethereum Foundation",ethereum-foundation,2026-07-17
ashby,"ETHGlobal Inc",ethglobal,2026-07-17
ashby,"Ethyca",ethyca,2026-07-17
ashby,"Euphoric Global",euphoric,2026-07-17
ashby,"Eventual",eventual,2026-07-17
ashby,"Eventual",eventualcomputing,2026-07-17
ashby,"EverAI",everai,2026-07-17
ashby,"Everbridge",everbridge,2026-07-12
ashby,"Everfield",everfield,2026-07-17
ashby,"Everis",everis,2026-07-17
ashby,"EverOps",everops,2026-07-17
ashby,"Everself",everself,2026-07-17
ashby,"Everstar",everstar,2026-07-17
ashby,"Evertune",evertune,2026-07-17
ashby,"Evervault",evervault,2026-07-17
ashby,"Every.io",every-io,2026-07-17
ashby,"Evolve AI Ltd",evolve,2026-07-17
ashby,"Evolve Tech LLC",evolve-tech-llc,2026-07-17
ashby,"Exa",exa,2026-07-17
ashby,"Excelerate",excelerate,2026-07-17
ashby,"Exegy",exegy,2026-07-17
ashby,"Expa",expa,2026-07-17
ashby,"Expanding Circle Ltd",altruistiq,2026-07-17
ashby,"Expensify",expensify,2026-07-17
ashby,"Expressable",expressable,2026-07-17
ashby,"Extend",extend,2026-07-17
ashby,"Extend Your Team",eyt,2026-07-17
ashby,"Eyebot",eyebot,2026-07-17
ashby,"Eye Security",eye-security,2026-07-17
ashby,"EyeTell, Inc.",eyetell,2026-07-17
ashby,"EZ Health",ezhealth,2026-07-17
ashby,"EZTexting",eztexting,2026-07-17
ashby,"F2",f2-ai,2026-07-17
ashby,"Fable Security",fable,2026-07-17
ashby,"Fabrion",fabrion,2026-07-17
ashby,"FacilityOS",facilityos,2026-07-17
ashby,"Faction",faction,2026-07-17
ashby,"Factor Eleven",factor-eleven,2026-07-17
ashby,"Factory",factory,2026-07-17
ashby,"Faculty",faculty,2026-07-17
ashby,"Falconer",falconer,2026-07-17
ashby,"Farmers Insurance",farmersd73,2026-07-17
ashby,"FarmRaise",farmraise,2026-07-17
ashby,"Farsight AI",farsight,2026-07-17
ashby,"fastino.ai",fastino-ai,2026-07-17
ashby,"Fathom",fathom,2026-07-17
ashby,"Faves",faves,2026-07-17
ashby,"Featherless AI",featherlessai,2026-07-17
ashby,"Feathery",feathery,2026-07-17
ashby,"Feathr",feathr,2026-07-17
ashby,"FeedbackFruits",feedbackfruits,2026-07-17
ashby,"Felix",felix,2026-07-17
ashby,"Fellow",fellow,2026-07-17
ashby,"Fencer",fencer,2026-07-17
ashby,"Fern",buildwithfern,2026-07-17
ashby,"Ferry",ferryhealth,2026-07-17
ashby,"fhiaremodeling",fhiaremodeling,2026-07-17
ashby,"Fiddler AI",fiddler-ai,2026-07-17
ashby,"Fiducial",fiducial,2026-07-17
ashby,"Fieldguide",fieldguide,2026-07-17
ashby,"Field Technologies FZCO",infinitefield,2026-07-17
ashby,"Fig",fig,2026-07-17
ashby,"Figure",figure,2026-07-17
ashby,"Filigran",filigran,2026-07-17
ashby,"Filmhub",filmhub,2026-07-17
ashby,"Fin",fin,2026-07-17
ashby,"Finalis",finalis,2026-07-17
ashby,"finally",finally,2026-07-17
ashby,"Finary",finary,2026-07-17
ashby,"Finch Care",finch,2026-07-17
ashby,"Finch Legal",finch-legal,2026-07-17
ashby,"Finni Health",finni-health,2026-07-17
ashby,"FINNY",finny,2026-07-17
ashby,"Finout",finout,2026-07-17
ashby,"Finvest",finvest,2026-07-17
ashby,"Firebird Music",firebirdmusic,2026-07-17
ashby,"Firecrawl",firecrawl,2026-07-17
ashby,"Firetiger",firetiger,2026-07-17
ashby,"Firsthand",firsthand,2026-07-17
ashby,"FirstMate",firstmate,2026-07-17
ashby,"FirstPrinciples",firstprinciples,2026-07-17
ashby,"First Resonance",first-resonance,2026-07-17
ashby,"First Round Capital",firstround,2026-07-17
ashby,"First Street",firststreet,2026-07-17
ashby,"Fitt Talent Partners",fitt,2026-07-17
ashby,"Fizz",fizz,2026-07-17
ashby,"Flagler Health",flaglerhealth,2026-07-17
ashby,"Flagstone",flagstone,2026-07-17
ashby,"Flai",flai,2026-07-17
ashby,"Fleek",fleek,2026-07-17
ashby,"FleetWorks",fleetworks,2026-07-17
ashby,"Flent",flentasticjobs,2026-07-17
ashby,"Flex",withflex,2026-07-17
ashby,"Flink Robotics",flink,2026-07-17
ashby,"Flint",flint,2026-07-17
ashby,"Flipper",flipper,2026-07-17
ashby,"Flipturn",flipturn,2026-07-17
ashby,"Float",float,2026-07-17
ashby,"FloatMe",floatme,2026-07-17
ashby,"Flock",flock,2026-07-17
ashby,"FLORA",flora,2026-07-17
ashby,"FloSports, Inc.",flosports,2026-07-17
ashby,"Flow Engineering",flowengineering,2026-07-17
ashby,"Flowhub",flowhub,2026-07-17
ashby,"Flox",flox,2026-07-17
ashby,"Fluency",fluency,2026-07-17
ashby,"Fluidstack",fluidstack,2026-07-17
ashby,"FlutterFlow",flutterflow,2026-07-17
ashby,"Flux",flux,2026-07-17
ashby,"Fnatic",fnatic,2026-07-17
ashby,"Focal",focal,2026-07-17
ashby,"Focus",focus,2026-07-17
ashby,"Focused",focused,2026-07-17
ashby,"Foley",foley,2026-07-17
ashby,"Folio",folio,2026-07-17
ashby,"Fonoa",fonoa,2026-07-17
ashby,"Forerunner",forerunner,2026-07-17
ashby,"Foresight Data",foresight,2026-07-17
ashby,"Foresight Health",foresight-health,2026-07-17
ashby,"Foresite Labs (Stealth Co)",foresite-labs-fl2024-006,2026-07-17
ashby,"Forge",forge,2026-07-17
ashby,"Forma",forma,2026-07-17
ashby,"Formal",formal,2026-07-17
ashby,"Formance",formance,2026-07-17
ashby,"Formenergy",formenergy,2026-07-17
ashby,"Formula",formula,2026-07-17
ashby,"Fortreum",fortreum,2026-07-17
ashby,"Forus",tandem,2026-07-17
ashby,"Found",found,2026-07-17
ashby,"Foundation",foundation,2026-07-17
ashby,"Foundational",foundational,2026-07-17
ashby,"Foundation Health",foundationhealthcareers,2026-07-17
ashby,"Founders Factory",founders-factory,2026-07-17
ashby,"Foundry for Good",foundry-for-good,2026-07-17
ashby,"Foundry Robotics Inc.",foundry-robotics,2026-07-17
ashby,"Fourier",fourier,2026-07-17
ashby,"Foursquare",foursquare,2026-07-17
ashby,"FourTwoThree",fourtwothree,2026-07-17
ashby,"Foxelli Group",foxelligroup,2026-07-17
ashby,"Foxglove",foxglove,2026-07-17
ashby,"Fractional AI",fractional-ai,2026-07-17
ashby,"Fram Energy",framenergy,2026-07-17
ashby,"Freckle",freckle,2026-07-17
ashby,"Freed",freed,2026-07-17
ashby,"Freetrade",freetrade,2026-07-17
ashby,"FreeWill",freewill,2026-07-17
ashby,"Freshpaint",freshpaint,2026-07-17
ashby,"Fresno Summit Advisors",fresnosummit,2026-07-17
ashby,"Front",frontcareers,2026-07-17
ashby,"Front Analytics",frontapp,2026-07-17
ashby,"Frontier Audio",frontier,2026-07-17
ashby,"Fruitist",fruitist,2026-07-17
ashby,"FS Studio",fs-studio,2026-07-17
ashby,"ftmo",ftmo,2026-07-17
ashby,"Fuel Cycle",fuel-cycle,2026-07-17
ashby,"Fulcrum",fulcrum,2026-07-17
ashby,"Fullstory",fullstory,2026-07-17
ashby,"Fundamental",fundamental,2026-07-17
ashby,"Fundamental Research Labs",fundamentalresearchlabs,2026-07-17
ashby,"Funding Circle",fundingcircle,2026-07-17
ashby,"Fundwell",fundwell,2026-07-17
ashby,"FuriosaAI",furiosa-ai,2026-07-17
ashby,"FURTHER",further,2026-07-17
ashby,"FurtherAI",furtherai,2026-07-17
ashby,"Fuse",fuse,2026-07-17
ashby,"Fuser",fuser,2026-07-17
ashby,"FutureFit AI",futurefitai,2026-07-17
ashby,"Future Works",futureworks,2026-07-17
ashby,"Fyxer",fyxer,2026-07-17
ashby,"G2",g2,2026-07-17
ashby,"G2i Inc.",g2i,2026-07-17
ashby,"Gadget",gadget,2026-07-17
ashby,"Gainsight",gainsight,2026-07-17
ashby,"GameChanger",gamechanger,2026-07-17
ashby,"Gamma",gamma,2026-07-17
ashby,"Garage",garage,2026-07-17
ashby,"Garage Door Doctor",garage-door-doctor,2026-07-17
ashby,"Gardens Interactive",gardens,2026-07-17
ashby,"Gearset",gearset,2026-07-17
ashby,"Gecko Robotics",gecko-robotics,2026-07-17
ashby,"Gelato",gelato,2026-07-17
ashby,"Gen Digital Inc.",gen-digital,2026-07-17
ashby,"General Context",general-context,2026-07-17
ashby,"General Intuition & Medal",medal,2026-07-17
ashby,"General Medicine",general-medicine,2026-07-17
ashby,"Generate",generate,2026-07-17
ashby,"Generator Health",generatorhealth,2026-07-17
ashby,"Genesis",genesis-ai,2026-07-17
ashby,"Genies",genies,2026-07-17
ashby,"Genmo",genmo,2026-07-17
ashby,"Genomics",genomics,2026-07-17
ashby,"Genspark Inc",genspark,2026-07-17
ashby,"Geoforce",geoforce,2026-07-17
ashby,"GetGround",getground,2026-07-17
ashby,"Ghost",ghost,2026-07-17
ashby,"Giga",gigaml,2026-07-17
ashby,"Gimlet Labs",gimlet,2026-07-17
ashby,"GitBook",gitbook,2026-07-17
ashby,"Givebutter",givebutter,2026-07-17
ashby,"Glacier",glacier,2026-07-17
ashby,"Glacis",glacis-ai,2026-07-17
ashby,"Glade",glade,2026-07-17
ashby,"Gladia",gladia,2026-07-17
ashby,"Glia",glia,2026-07-17
ashby,"Glide",glide,2026-07-17
ashby,"Glimpse",glimpse,2026-07-17
ashby,"Global X ETFs",global-x-etfs,2026-07-17
ashby,"Glomopay",glomo,2026-07-17
ashby,"Glow",glow,2026-07-17
ashby,"Glow25",glow25,2026-07-17
ashby,"GoHenry",gohenry,2026-07-17
ashby,"Going",going,2026-07-17
ashby,"Go Nimbly",go-nimbly,2026-07-17
ashby,"GoodData",gooddata,2026-07-17
ashby,"Goodlord",goodlord,2026-07-17
ashby,"Good Maven",goodmaven,2026-07-17
ashby,"GoodParty.org",goodparty,2026-07-17
ashby,"GoodShip",goodship,2026-07-17
ashby,"Goodstack",goodstack,2026-07-17
ashby,"Goody",goody,2026-07-17
ashby,"Gorgias",gorgias,2026-07-17
ashby,"Gorilla",gorilla,2026-07-17
ashby,"GotPhoto",gotphoto,2026-07-17
ashby,"GovDash",govdash,2026-07-17
ashby,"GovSignals",govsignals,2026-07-17
ashby,"GovWell",govwell,2026-07-17
ashby,"GPTZero",gptzero,2026-07-17
ashby,"GrabAGun",grabagun,2026-07-17
ashby,"Gradera Inc.",gradera,2026-07-17
ashby,"gradient",gradient,2026-07-17
ashby,"Gradient Labs",gradient-labs,2026-07-17
ashby,"Grand Intelligence",grand,2026-07-17
ashby,"Granica",granica,2026-07-17
ashby,"Granola",granola,2026-07-17
ashby,"Granted",granted,2026-07-17
ashby,"Grapevine",grapevine,2026-07-17
ashby,"Graphite",graphite,2026-07-17
ashby,"Graphite",graphitehq,2026-07-17
ashby,"Gratia",gratia,2026-07-17
ashby,"Gravity",gravity,2026-07-17
ashby,"Gravity",gravityclimate,2026-07-17
ashby,"Gravity Sketch",gravitysketch,2026-07-17
ashby,"GrayMatter Robotics",graymatter-robotics,2026-07-17
ashby,"Great Question",greatquestion,2026-07-17
ashby,"Greenlight",greenlight,2026-07-17
ashby,"GreenLight Workforce Solutions Inc",greenlight-workforce-solutions,2026-07-17
ashby,"GreenLite",greenlitecareers,2026-07-17
ashby,"Green Tree School & Services",green-tree-school-and-services,2026-07-17
ashby,"Grepr",grepr,2026-07-17
ashby,"Greptile",greptile,2026-07-17
ashby,"Grid",gridverify,2026-07-17
ashby,"GridCARE",gridcare,2026-07-17
ashby,"Gridium",gridium,2026-07-17
ashby,"GridUnity",gridunity,2026-07-17
ashby,"Griffin",griffin,2026-07-17
ashby,"Gritt Robotics Inc",gritt,2026-07-17
ashby,"Gruntwork",gruntwork,2026-07-17
ashby,"GRVT TECHNOLOGIES",grvt,2026-07-17
ashby,"GT",gt-hq,2026-07-17
ashby,"GT Bio",gt-bio,2026-07-17
ashby,"Guild.ai",guild,2026-07-17
ashby,"Gumloop",gumloop,2026-07-17
ashby,"H3X Technologies",h3x-technologies,2026-07-17
ashby,"HackerOne",hackerone,2026-07-17
ashby,"Hadrian Automation",hadrian-automation,2026-07-17
ashby,"Halliday",halliday,2026-07-17
ashby,"Halter",halter,2026-07-17
ashby,"Hamster",hamster,2026-07-17
ashby,"Handshake",handshake,2026-07-17
ashby,"Handspring",handspring,2026-07-17
ashby,"Hang",hang,2026-07-17
ashby,"happyhotel",happyhotel,2026-07-17
ashby,"Harmattan AI",harmattan-ai,2026-07-17
ashby,"Harmonic",harmonic,2026-07-17
ashby,"Harmonic Security, Inc",harmonic-security-inc,2026-07-17
ashby,"Harper",harperinsure,2026-07-17
ashby,"Hartbeat",hartbeat,2026-07-17
ashby,"Harvey",harvey,2026-07-17
ashby,"Hatch",hatch,2026-07-17
ashby,"Haus Analytics",haus,2026-07-17
ashby,"haven-headache",haven-headache,2026-07-17
ashby,"HavocAI",havocai,2026-07-17
ashby,"Hawk",hawk,2026-07-17
ashby,"Hawk-Eye Innovations (HEI)",hawkeyeinnovations,2026-07-17
ashby,"Hayden AI",haydenai,2026-07-17
ashby,"Hayla",hayla,2026-07-17
ashby,"Haystack News",haystacknews,2026-07-17
ashby,"Hazel",hazel,2026-07-17
ashby,"H Company",hcompany,2026-07-17
ashby,"Headway",headway,2026-07-17
ashby,"HealthAxis Group, LLC",healthaxis,2026-07-17
ashby,"HealthLeap",healthleap,2026-07-17
ashby,"Health Progress Hub",healthprogresshub,2026-07-17
ashby,"HealthSherpa",healthsherpa,2026-07-17
ashby,"Hedra",hedra,2026-07-17
ashby,"Heirloom Carbon",heirloomcarbon,2026-07-17
ashby,"Helion",helion,2026-07-17
ashby,"Helius",helius,2026-07-17
ashby,"Heliux Inc.",heliux,2026-07-17
ashby,"Hello Patient",hellopatient,2026-07-17
ashby,"Hellyeah AI",finalroundai,2026-07-17
ashby,"Helm.ai",helm-ai,2026-07-17
ashby,"Help Scout",helpscout,2026-07-17
ashby,"Hera",hellohera,2026-07-17
ashby,"Hercules",hercules,2026-07-17
ashby,"Heron Data",herondata,2026-07-17
ashby,"Heron Power",heron-power,2026-07-17
ashby,"Hexa",hexa,2026-07-17
ashby,"HeyJobs",heyjobs,2026-07-17
ashby,"HIFI",hifi,2026-07-17
ashby,"Higgsfield",higgsfieldai,2026-07-17
ashby,"Higharc",higharc,2026-07-17
ashby,"Highbeam",highbeam,2026-07-17
ashby,"HighlightTA",highlightta,2026-07-17
ashby,"Hightouch",hightouch,2026-07-17
ashby,"Hiive",hiive,2026-07-17
ashby,"Hike Medical",hike-medical,2026-07-17
ashby,"Hilbert's AI",hilberts,2026-07-17
ashby,"Hims & Hers",hims-and-hers,2026-07-17
ashby,"Hinge Health",hinge-health,2026-07-17
ashby,"Hire Hangar",hirehangar,2026-07-17
ashby,"hirehire",hirehire,2026-07-17
ashby,"Hiring Pros",hiring-pros,2026-07-17
ashby,"Hive Health",hivehealth,2026-07-17
ashby,"HiveMQ GmbH",hivemq,2026-07-17
ashby,"Hiverge Ltd",hiverge,2026-07-17
ashby,"HiveSmart Consulting",hivesmart-consulting,2026-07-17
ashby,"Hiya",hiya,2026-07-17
ashby,"Hobbes",hobbes,2026-07-17
ashby,"HockeyStack",hockeystack,2026-07-17
ashby,"Homebase",homebase,2026-07-17
ashby,"Homebot",homebot,2026-07-17
ashby,"Homebound",homebound,2026-07-17
ashby,"Homera Health",homera-health,2026-07-17
ashby,"HomeVision",homevision,2026-07-17
ashby,"HoneyBook",honeybook,2026-07-17
ashby,"Honeydew",honeydew,2026-07-17
ashby,"Hook",hook,2026-07-17
ashby,"Hook Music",hookmusic,2026-07-17
ashby,"Hooli",hooli,2026-07-17
ashby,"Hopae",hopae,2026-07-17
ashby,"Hopper",hopper,2026-07-17
ashby,"Horizon3 AI",horizon3ai,2026-07-17
ashby,"Horizon Institute for Public Service",horizon,2026-07-17
ashby,"Hostinger",hostinger,2026-07-17
ashby,"Hotplate",hotplate,2026-07-17
ashby,"Hotspex Media",hotspexmedia,2026-07-17
ashby,"Hoxhunt",hoxhunt,2026-07-17
ashby,"HRS",hrs,2026-07-17
ashby,"HTTPie",httpie,2026-07-17
ashby,"Hubstaff",hubstaff,2026-07-17
ashby,"HUD",hud,2026-07-17
ashby,"Hudson River Trading",hrt,2026-07-17
ashby,"Hudu",hudu,2026-07-17
ashby,"Humaans",humaans,2026-07-17
ashby,"HUMAN",human,2026-07-17
ashby,"Humanly",humanly,2026-07-17
ashby,"Humanoid",humanoid,2026-07-17
ashby,"humans&",humans-and,2026-07-17
ashby,"Humata Health, Inc",humatahealth,2026-07-17
ashby,"Hutora",hutora,2026-07-17
ashby,"HV Capital Manager",hv,2026-07-17
ashby,"Hyde",hyde,2026-07-17
ashby,"Hyperbolic Labs",hyperbolic,2026-07-17
ashby,"Hyperbound",hyperbound,2026-07-17
ashby,"Hypercore Inc.",hypercore,2026-07-17
ashby,"hyperexponential",hyperexponential,2026-07-17
ashby,"HyperHug",hyperhug,2026-07-17
ashby,"Hyperscale",hyperscale,2026-07-17
ashby,"i3D.net",i3d,2026-07-17
ashby,"IA Collaborative",iacollaborative,2026-07-17
ashby,"Iambic Therapeutics, Inc",iambic-therapeutics,2026-07-17
ashby,"Ibotta",ibotta,2026-07-17
ashby,"ICEYE",iceye,2026-07-17
ashby,"Icon",icon,2026-07-17
ashby,"Ideals",ideals,2026-07-17
ashby,"Ideogram",ideogram,2026-07-17
ashby,"Idler",idler,2026-07-17
ashby,"Ignition",ignition,2026-07-17
ashby,"ILLUIN Technology",illuin,2026-07-17
ashby,"Illumio",illumio,2026-07-17
ashby,"Immersive",immersivelabs,2026-07-17
ashby,"imper.ai",imper,2026-07-17
ashby,"Imprint",imprint,2026-07-17
ashby,"Improbable",improbable,2026-07-17
ashby,"Impulse Labs",impulse,2026-07-17
ashby,"Inato",inato,2026-07-17
ashby,"Incandescent",incandescent,2026-07-17
ashby,"Incard",incard,2026-07-17
ashby,"incident.io",incident,2026-07-17
ashby,"Inclined",inclined,2026-07-17
ashby,"Indent",indent,2026-07-17
ashby,"Inductive Bio",inductive-bio,2026-07-17
ashby,"Industrious",industrious,2026-07-17
ashby,"Ineffable Intelligence",ineffable,2026-07-17
ashby,"Inertia",inertia,2026-07-17
ashby,"Inferact",inferact,2026-07-17
ashby,"Inference",inference,2026-07-17
ashby,"Infinitus Systems",infinitus,2026-07-17
ashby,"Infinity",infinity-constellation,2026-07-17
ashby,"Infisical",infisical,2026-07-17
ashby,"InfluxData",influxdata,2026-07-17
ashby,"Infracost",infracost,2026-07-17
ashby,"Injective",injective,2026-07-17
ashby,"Inkeep",inkeep,2026-07-17
ashby,"Innatera Nanosystems",innatera,2026-07-17
ashby,"Inngest",inngest,2026-07-17
ashby,"Inovalon",inovalon,2026-07-17
ashby,"Inshur",inshur,2026-07-17
ashby,"insitro",insitro,2026-07-17
ashby,"Inspiration Commerce Group",inspiration-commerce-group,2026-07-17
ashby,"Inspiren",inspiren,2026-07-17
ashby,"Instil Software Ltd",instil,2026-07-17
ashby,"Instructure, Inc.",instructure,2026-07-17
ashby,"Integral",integral,2026-07-17
ashby,"Intellistack",intellistack,2026-07-17
ashby,"Interaction",interaction,2026-07-17
ashby,"Interface",interface,2026-07-17
ashby,"Interplay",interplay,2026-07-17
ashby,"Intology",intology,2026-07-17
ashby,"Intrinsic",intrinsic,2026-07-17
ashby,"Intro",intro,2026-07-17
ashby,"IntusCare",intus,2026-07-17
ashby,"Inversion",inversion-cap,2026-07-17
ashby,"Invert",invert,2026-07-17
ashby,"Investors Heritage",investorsheritage,2026-07-17
ashby,"Iridium Consulting Ltd",iridiumc,2026-07-17
ashby,"Ironclad",ironcladhq,2026-07-17
ashby,"Irreducible",irreducible,2026-07-17
ashby,"irregular",irregular,2026-07-17
ashby,"Isometric",isometric,2026-07-17
ashby,"iVerify",iverify,2026-07-17
ashby,"Ivo Inc.",ivo-inc,2026-07-17
ashby,"iyo",iyo,2026-07-17
ashby,"Jack & Jill",jack-jill-external-ats,2026-07-17
ashby,"Jameda",jameda,2026-07-17
ashby,"Jane",jane,2026-07-17
ashby,"January",january,2026-07-17
ashby,"Jellyfish",jellyfish,2026-07-17
ashby,"Jellyfish",jellyfishcareers,2026-07-17
ashby,"Jigsaw Tech",jigsaw,2026-07-17
ashby,"Jinba.io",carnot-ai,2026-07-17
ashby,"Jitter",jitter,2026-07-17
ashby,"Jobber",jobber,2026-07-17
ashby,"Joko",joko,2026-07-17
ashby,"Jolly",jolly,2026-07-17
ashby,"JOOR",joor,2026-07-17
ashby,"Josys",josys,2026-07-17
ashby,"Joyful Health",joyfulhealth,2026-07-17
ashby,"Joyteractive",joyteractive,2026-07-17
ashby,"Jua",jua,2026-07-17
ashby,"Juicebox",juicebox,2026-07-17
ashby,"Julius AI",julius,2026-07-17
ashby,"Jump",jump,2026-07-17
ashby,"Jump",jump-app,2026-07-17
ashby,"Junction",junction,2026-07-17
ashby,"Junior AI",junior,2026-07-17
ashby,"Juniper Square",junipersquare,2026-07-17
ashby,"Juno",juno,2026-07-17
ashby,"JUPUS",jupus,2026-07-17
ashby,"Juro",juro,2026-07-17
ashby,"JustPlay GmbH",justplay-gmbh,2026-07-17
ashby,"KAANNAN & Associates",kaannan,2026-07-17
ashby,"Kafene",kafene,2026-07-17
ashby,"Kaizen Labs",kaizenlabs,2026-07-17
ashby,"Kale",kale,2026-07-17
ashby,"Kalibri Labs",kalibri-labs,2026-07-17
ashby,"Kallikor",kallikor,2026-07-17
ashby,"Kalshi",kalshi,2026-07-17
ashby,"Kamiwaza AI",kamiwaza,2026-07-17
ashby,"Kastle",kastle,2026-07-17
ashby,"Katana",katana,2026-07-17
ashby,"Katapult Labs",katapult-labs,2026-07-17
ashby,"KAYAK",kayak,2026-07-17
ashby,"Keel",keel,2026-07-17
ashby,"Keep",keep,2026-07-17
ashby,"KeepTruckin",keeptruckin,2026-07-17
ashby,"Kepler",kepler,2026-07-17
ashby,"Keragon Inc",keragon,2026-07-17
ashby,"Kernel",kernel,2026-07-17
ashby,"Kernel",usekernel,2026-07-17
ashby,"Kevin's Natural Foods",kevins-natural-foods,2026-07-17
ashby,"Keyrock",keyrock,2026-07-17
ashby,"k-ID",k-id,2026-07-17
ashby,"Kiddom",kiddom,2026-07-17
ashby,"Kilo Code",kilocode,2026-07-17
ashby,"Kindred",kindred,2026-07-17
ashby,"Kinetic",kinetic,2026-07-17
ashby,"Kingdom",kingdom,2026-07-17
ashby,"Kin Insurance",kin,2026-07-17
ashby,"Kins",kins,2026-07-17
ashby,"Kinship",kinship,2026-07-17
ashby,"Kinstead",kinsteadhealth,2026-07-17
ashby,"Kira",kira,2026-07-17
ashby,"Kirin",kirin,2026-07-17
ashby,"Kit",kit,2026-07-17
ashby,"Kittl",kittl,2026-07-17
ashby,"Kiwi Financial Inc",kiwi,2026-07-17
ashby,"Klarity",klarity-ai,2026-07-17
ashby,"Klim GmbH",klim,2026-07-17
ashby,"Klue",klue,2026-07-17
ashby,"Knock",knock,2026-07-17
ashby,"Knot",knot,2026-07-17
ashby,"Knowledge Road",knowledge-road,2026-07-17
ashby,"Known",known,2026-07-17
ashby,"knownwell",knownwell,2026-07-17
ashby,"Knowtex",knowtex,2026-07-17
ashby,"Knowunity GmbH",knowunity,2026-07-17
ashby,"Kodex",kodex,2026-07-17
ashby,"Kodifly",kodifly,2026-07-17
ashby,"Kognitos",kognitos,2026-07-17
ashby,"Kognity",kognity,2026-07-17
ashby,"KOHO",koho,2026-07-17
ashby,"Kombo",kombo,2026-07-17
ashby,"Kong",kong,2026-07-17
ashby,"Kontakt.io",kontakt,2026-07-17
ashby,"Konvu",konvu,2026-07-17
ashby,"Kota",kota,2026-07-17
ashby,"Kovo",kovo,2026-07-17
ashby,"Kraken (Analytics Only)",kraken,2026-07-17
ashby,"Kraken Kinetics",kraken-kinetics,2026-07-17
ashby,"Krea",krea,2026-07-17
ashby,"Krew",krew,2026-07-17
ashby,"Kueski",kueski,2026-07-17
ashby,"Kustomer",kustomer,2026-07-17
ashby,"Kyan Health",kyanhealth,2026-07-17
ashby,"KYP Holding B.V.",kyp,2026-07-17
ashby,"Kyra",kyra,2026-07-17
ashby,"LABHOUSE",labhouse,2026-07-17
ashby,"Ladder",ladder,2026-07-17
ashby,"Lago",lago,2026-07-17
ashby,"Lambda",lambda,2026-07-17
ashby,"Lanai",lanai,2026-07-17
ashby,"Lance",lance,2026-07-17
ashby,"LanceDB",lancedb,2026-07-17
ashby,"LangChain",langchain,2026-07-17
ashby,"Langdock",langdock,2026-07-17
ashby,"Langfuse",langfuse,2026-07-17
ashby,"LAP Coffee",lap,2026-07-17
ashby,"Lark Health",lark,2026-07-17
ashby,"LAT Aerospace Private",lat,2026-07-17
ashby,"LatamCent",latamcent,2026-07-17
ashby,"Latent",latent,2026-07-17
ashby,"Latent Labs",latentlabs,2026-07-17
ashby,"Latitude",latitude,2026-07-17
ashby,"LaunchDarkly",launchdarkly,2026-07-17
ashby,"LaunchWell Group",launchwellgroup,2026-07-17
ashby,"Laurel",laurel,2026-07-17
ashby,"Lavendo",lavendo,2026-07-17
ashby,"LawDepot",lawdepot,2026-07-17
ashby,"Lawhive",lawhive,2026-07-17
ashby,"Layer",layer,2026-07-17
ashby,"Lazer",lazer,2026-07-17
ashby,"Lead",leadbank,2026-07-17
ashby,"Lean TECHniques",leantechniques,2026-07-17
ashby,"Lean Technologies",leantech,2026-07-17
ashby,"Leap",leap,2026-07-17
ashby,"Leapsome",leapsome,2026-07-17
ashby,"Learner",learner,2026-07-17
ashby,"Leavitt Group",leavitt,2026-07-17
ashby,"Ledge",ledge,2026-07-17
ashby,"Ledger",ledger,2026-07-17
ashby,"Legion Health",legionhealth,2026-07-17
ashby,"Legora AB",legora,2026-07-17
ashby,"Leland",leland,2026-07-17
ashby,"LemFi",lemfi,2026-07-17
ashby,"lemlist",lemlist,2026-07-17
ashby,"lemonade",lemonade,2026-07-17
ashby,"lemon.markets",lemon-markets,2026-07-17
ashby,"Lendable",lendable,2026-07-17
ashby,"LENS Inc.",lens,2026-07-17
ashby,"Leona Health",leona,2026-07-17
ashby,"Leopard, Inc.",leopard,2026-07-17
ashby,"Leopards",leopards,2026-07-17
ashby,"LeoVegas Gaming Group",leovegas,2026-07-17
ashby,"Letta",letta,2026-07-17
ashby,"Level",level,2026-07-17
ashby,"Levelpath",levelpath,2026-07-17
ashby,"Leveraged Media",leveragedmedia,2026-07-17
ashby,"Lexroom",lexroom,2026-07-17
ashby,"LG Ad Solutions",lgads,2026-07-17
ashby,"Lifen",lifen,2026-07-17
ashby,"Life Space Digital",life-space-digital,2026-07-17
ashby,"LifeStance Health",lifestance,2026-07-17
ashby,"Lifetime Quality",lifetime-quality-roofing-storm-restoration,2026-07-17
ashby,"Liftoff",liftoff,2026-07-17
ashby,"Light",light,2026-07-17
ashby,"Lightdash",lightdash,2026-07-17
ashby,"Lightfield",lightfield,2026-07-17
ashby,"Lightning Labs",lightning,2026-07-17
ashby,"Lightspark",lightspark,2026-07-17
ashby,"Lightspeed Commerce, Inc.",lightspeedhq,2026-07-17
ashby,"LILT",lilt-corporate,2026-07-17
ashby,"LILT (Production)",lilt-production,2026-07-17
ashby,"Limbic",limbic,2026-07-17
ashby,"Limble",limble,2026-07-17
ashby,"Linda AI",linda,2026-07-17
ashby,"Lindy",lindy,2026-07-17
ashby,"Linear",linear,2026-07-17
ashby,"Lio",lio,2026-07-17
ashby,"Liquid",liquid,2026-07-17
ashby,"Liquid AI",liquid-ai,2026-07-17
ashby,"Listen Labs",listenlabs,2026-07-17
ashby,"LiteLLM",litellm,2026-07-17
ashby,"Litmus",litmus,2026-07-17
ashby,"LiveFlow",liveflow,2026-07-17
ashby,"Live it Up",liveitup,2026-07-17
ashby,"LiveKit",livekit,2026-07-17
ashby,"Liven",liven,2026-07-17
ashby,"LIV Golf",liv-golf,2026-07-17
ashby,"livingHR",livinghr,2026-07-17
ashby,"LlamaIndex",llamaindex,2026-07-17
ashby,"Loadshare",loadshare,2026-07-17
ashby,"Loancrate",loancrate,2026-07-17
ashby,"Loft",loft,2026-07-17
ashby,"Loki Robotics",loki,2026-07-17
ashby,"Loom",loom,2026-07-17
ashby,"Loopio Inc.",loopio,2026-07-17
ashby,"Loot Labs",loot-labs,2026-07-17
ashby,"Lorikeet",lorikeet,2026-07-17
ashby,"Lottie",lottie,2026-07-17
ashby,"Lotus Health AI",lotushealth,2026-07-17
ashby,"Lovable",lovable,2026-07-17
ashby,"loveholidays",loveholidays,2026-07-17
ashby,"Lovelace AI",lovelace,2026-07-17
ashby,"LPA, Inc.",lpadesignstudios,2026-07-17
ashby,"LTV",ltv,2026-07-17
ashby,"LucidLink",lucidlink,2026-07-17
ashby,"Lucra Sports",lucra-sports,2026-07-17
ashby,"Lumbra",lumbra,2026-07-17
ashby,"Lumen",lumen,2026-07-17
ashby,"Lumilens",lumilens,2026-07-17
ashby,"Luminai",luminai,2026-07-17
ashby,"Lumos",lumos,2026-07-17
ashby,"Lunar",lunar,2026-07-17
ashby,"Lunar Solar Group",lunar-solar-group,2026-07-17
ashby,"Luxor Technology Corporation",luxor,2026-07-17
ashby,"Lydian",lydian,2026-07-17
ashby,"Lynk",lynk,2026-07-17
ashby,"Lyra Health",lyrahealth,2026-07-17
ashby,"Lyric",lyric,2026-07-17
ashby,"M13",m13,2026-07-17
ashby,"MACA",maca,2026-07-17
ashby,"Mach9",mach9,2026-07-17
ashby,"Mach Industries",mach,2026-07-17
ashby,"Machine Intelligence Research Institute",miri,2026-07-17
ashby,"Macroscope",macroscope,2026-07-17
ashby,"Made Card",madecard,2026-07-17
ashby,"Madhive",madhive,2026-07-17
ashby,"Magentic",magentic,2026-07-17
ashby,"Magical",magical,2026-07-17
ashby,"Magic Eden",magiceden,2026-07-17
ashby,"Magic Patterns",magicpatterns,2026-07-17
ashby,"MagicSchool AI",magicschool,2026-07-17
ashby,"Magoosh",magoosh,2026-07-17
ashby,"MAI",mai,2026-07-17
ashby,"Maihem",maihem,2026-07-17
ashby,"Maincode",maincode,2026-07-17
ashby,"Mainstay Labs Inc.",mainstay,2026-07-17
ashby,"MaintainX",maintainx,2026-07-17
ashby,"Makai Labs",makai-labs,2026-07-17
ashby,"MakiPeople",maki,2026-07-17
ashby,"Mandolin",mandolin,2026-07-17
ashby,"Mandrel",mandrel,2026-07-17
ashby,"Mangomint",mangomint,2026-07-17
ashby,"Manifest Law",manifest-law,2026-07-17
ashby,"Manus AI",manusai,2026-07-17
ashby,"Mapbox",mapbox,2026-07-17
ashby,"Maple",maple,2026-07-17
ashby,"Marble",marble,2026-07-17
ashby,"Marco",marcohire,2026-07-17
ashby,"Mariana Minerals",marianaminerals,2026-07-17
ashby,"Mariner",mariner-careers,2026-07-17
ashby,"Marketing Architects",markarch,2026-07-17
ashby,"Marloo",marloo,2026-07-17
ashby,"Marqeta",marqeta,2026-07-17
ashby,"marshmallow",marshmallow,2026-07-17
ashby,"Marvin Behavioral Health",meetmarvin,2026-07-17
ashby,"Masabi",masabi,2026-07-17
ashby,"Mastodon",mastodon,2026-07-17
ashby,"Matchnode",matchnode,2026-07-17
ashby,"Material Group",material,2026-07-17
ashby,"Materialize",materialize,2026-07-17
ashby,"Material Security",materialsecurity,2026-07-17
ashby,"Matic",maticrobots,2026-07-17
ashby,"Matterworks, Inc.",matterworks,2026-07-17
ashby,"Maven",maven,2026-07-17
ashby,"Maven AGI",maven-agi,2026-07-17
ashby,"Mavericks",mavericks,2026-07-17
ashby,"Maxhome",maxhome,2026-07-17
ashby,"Maxima",maxima,2026-07-17
ashby,"Maxima Consulting",maxima-consulting,2026-07-17
ashby,"Maximus Health, Inc.",maximustribe,2026-07-17
ashby,"MaxRewards",maxrewards,2026-07-17
ashby,"Maybern",maybern,2026-07-17
ashby,"Maze",mazedesign,2026-07-17
ashby,"Maze",mazehq,2026-07-17
ashby,"MDCalc",mdcalc,2026-07-17
ashby,"Meadow",meadow,2026-07-17
ashby,"MeBe",mebe,2026-07-17
ashby,"Mechanize, Inc.",mechanize,2026-07-17
ashby,"Medallion",medallion,2026-07-17
ashby,"Medely",medely,2026-07-17
ashby,"Mednet, Inc.",mednet,2026-07-17
ashby,"Medra",medraai,2026-07-17
ashby,"Megazone Cloud US",megazone,2026-07-17
ashby,"Melotech",melotech,2026-07-17
ashby,"Mem0",mem0,2026-07-17
ashby,"Membrane",membrane,2026-07-17
ashby,"Memfault",memfault,2026-07-17
ashby,"Memora Health",memora,2026-07-17
ashby,"Mem Protocol",mem,2026-07-17
ashby,"Menlo Security",menlosecurity,2026-07-17
ashby,"Ment",ment,2026-07-17
ashby,"Mento",mento,2026-07-17
ashby,"Meow",meow,2026-07-17
ashby,"Mercator",mercator,2026-07-17
ashby,"Mercor",mercor,2026-07-17
ashby,"Mercura",mercura,2026-07-17
ashby,"Mercury",mercury,2026-07-17
ashby,"Merge",merge,2026-07-17
ashby,"MeridianLink",meridianlink,2026-07-17
ashby,"Meshy LLC",meshy,2026-07-17
ashby,"Metaforms",metaforms,2026-07-17
ashby,"Metalenz",metalenz,2026-07-17
ashby,"Metaview",metaview,2026-07-17
ashby,"Meter",meter,2026-07-17
ashby,"Method Financial",method,2026-07-17
ashby,"Method Integration Inc.",method-crm,2026-07-17
ashby,"Meticulous",meticulous,2026-07-17
ashby,"Mia Labs, Inc.",mia-labs,2026-07-17
ashby,"Miaplaza",miaplaza,2026-07-17
ashby,"Middesk",middesk,2026-07-17
ashby,"Midnite",midnite,2026-07-17
ashby,"Midstream Health",midstream,2026-07-17
ashby,"Migaku",migaku,2026-07-17
ashby,"MikMak",mikmak,2026-07-17
ashby,"Mimica",mimica,2026-07-17
ashby,"Mindbeam",mindbeam,2026-07-17
ashby,"Mind Robotics",mindrobotics,2026-07-17
ashby,"Mindvalley",mindvalley,2026-07-17
ashby,"Mine",mine,2026-07-17
ashby,"Minerva",minerva-ai,2026-07-17
ashby,"Mintlify",mintlify,2026-07-17
ashby,"MioDottore",miodottore,2026-07-17
ashby,"Miovision",miovision,2026-07-17
ashby,"Mirage",mirage,2026-07-17
ashby,"Mirelo AI",mirelo,2026-07-17
ashby,"Miso",miso,2026-07-17
ashby,"Miter",miter,2026-07-17
ashby,"Mithrl",mithrl,2026-07-17
ashby,"M-KOPA",m-kopa,2026-07-17
ashby,"Moab",moab,2026-07-17
ashby,"Modal",modal,2026-07-17
ashby,"MODE, Inc.",tinkermode,2026-07-17
ashby,"ModernFi",modernfi,2026-07-17
ashby,"Modern Treasury",moderntreasury,2026-07-17
ashby,"Modus",modus,2026-07-17
ashby,"MoeGo",moego,2026-07-17
ashby,"Mogul & Co.",media-mogul,2026-07-17
ashby,"Molecule Software",molecule-software,2026-07-17
ashby,"molecule.xyz",molecule,2026-07-17
ashby,"Mollie",mollie,2026-07-17
ashby,"Momentic",momentic,2026-07-17
ashby,"Moment Technology",moment,2026-07-17
ashby,"Mona",mona,2026-07-17
ashby,"Monaco",monaco,2026-07-17
ashby,"Monarch",monarchcrops,2026-07-17
ashby,"Monarch",monarch-md,2026-07-17
ashby,"Monarch Money",monarchmoney,2026-07-17
ashby,"Mondoo",mondoo,2026-07-17
ashby,"Monk",monk,2026-07-17
ashby,"Monogram",monogram,2026-07-17
ashby,"Monte Carlo",montecarlodata,2026-07-17
ashby,"Monterra",monterra,2026-07-17
ashby,"Montu UK",montu-uk,2026-07-17
ashby,"Monumental",monumental,2026-07-17
ashby,"Moon Active",moonactive,2026-07-17
ashby,"Moonlake",moonlake,2026-07-17
ashby,"Moonshot",moonshot,2026-07-17
ashby,"Moonshot AI",moonshot-ai,2026-07-17
ashby,"Moonvalley AI",moonvalley-ai,2026-07-17
ashby,"Morning Consult",morningconsult,2026-07-17
ashby,"Morse Micro",morse-micro,2026-07-17
ashby,"Mosaic",mosaic,2026-07-17
ashby,"Mosey",mosey,2026-07-17
ashby,"Moss",moss,2026-07-17
ashby,"MotherDuck",motherduck,2026-07-17
ashby,"Motorway",motorway,2026-07-17
ashby,"MOXFIVE",moxfive,2026-07-17
ashby,"Moxie",moxie,2026-07-17
ashby,"MSquared",msquared,2026-07-17
ashby,"MUBI",mubi,2026-07-17
ashby,"Mudflap",mudflap,2026-07-17
ashby,"MUI",mui,2026-07-17
ashby,"Multiply",multiply,2026-07-17
ashby,"Multiverse",multiverse,2026-07-17
ashby,"MultiVM Labs",multivmlabs,2026-07-17
ashby,"Munich Electrification",munich-electrification,2026-07-17
ashby,"Mural",mural,2026-07-17
ashby,"Mutiny",mutiny,2026-07-17
ashby,"Muun",muun,2026-07-17
ashby,"Mux",mux,2026-07-17
ashby,"MyCase",mycase,2026-07-17
ashby,"MyEdSpace",myedspacecareers,2026-07-17
ashby,"Mysten Labs",mystenlabs,2026-07-17
ashby,"myTomorrows",mytomorrows,2026-07-17
ashby,"N1",n1,2026-07-17
ashby,"n8n",n8n,2026-07-17
ashby,"Nabi",nabihealth,2026-07-17
ashby,"Nabla",nabla,2026-07-17
ashby,"Nabr",nabr,2026-07-17
ashby,"Nabu Casa",nabucasa,2026-07-17
ashby,"Nango",nango,2026-07-17
ashby,"Nanonets",nanonets,2026-07-17
ashby,"Nascent",nascent,2026-07-17
ashby,"Nash",nash,2026-07-17
ashby,"NationGraph",nationgraph,2026-07-17
ashby,"Natter",natter,2026-07-17
ashby,"Nava Benefits",nava-benefits,2026-07-17
ashby,"Navattic",navattic,2026-07-17
ashby,"Navi AI",navi,2026-07-17
ashby,"Ncontracts",ncontracts,2026-07-17
ashby,"NDEAVOUR CONSULTING",ndeavour,2026-07-17
ashby,"Neara",neara,2026-07-17
ashby,"Nectar",nectar-social,2026-07-17
ashby,"Need",need,2026-07-17
ashby,"Neko Health",neko-health,2026-07-17
ashby,"Nell",nell,2026-07-17
ashby,"Nelly Solutions",nelly,2026-07-17
ashby,"Nelo",nelo,2026-07-17
ashby,"Nen",nen,2026-07-17
ashby,"Nen Creative",nen-creative,2026-07-17
ashby,"Neo Financial",neofinancial,2026-07-17
ashby,"Neon",neon,2026-07-17
ashby,"Neon Health",neon-health,2026-07-17
ashby,"NeoTaste",neotaste,2026-07-17
ashby,"NerdWallet",nerdwallet,2026-07-17
ashby,"Nesso Labs",nessolabs,2026-07-17
ashby,"Nest Health",nest-health,2026-07-17
ashby,"Nest Veterinary",nestveterinary,2026-07-17
ashby,"NetBox Labs",netboxlabs,2026-07-17
ashby,"NetEase",netease,2026-07-17
ashby,"NETGEAR",netgear,2026-07-17
ashby,"Nethermind",nethermind,2026-07-17
ashby,"Netic",netic,2026-07-17
ashby,"Netwealth",netwealth,2026-07-17
ashby,"Neural Concept",neuralconcept,2026-07-17
ashby,"Neurophos",neurophos,2026-07-17
ashby,"Neuroscale AI",neuroscale,2026-07-17
ashby,"Nevis Wealth",nevis,2026-07-17
ashby,"Nevoya",nevoya,2026-07-17
ashby,"New Culture",new-culture,2026-07-17
ashby,"Newform",newform,2026-07-17
ashby,"Newfront",newfront,2026-07-17
ashby,"NewOrbit Space",neworbit,2026-07-17
ashby,"New Story",new-story,2026-07-17
ashby,"New Story Schools (OH)",new-story-schools-oh,2026-07-17
ashby,"New Story Schools (PA)",new-story-schools-pa,2026-07-17
ashby,"Nextdata",nextdata,2026-07-17
ashby,"NextLink Labs",nextlinklabs,2026-07-17
ashby,"NextPatient",nextpatient,2026-07-17
ashby,"NextRoll",nextroll,2026-07-17
ashby,"Nexus Marketing",nexus-marketing,2026-07-17
ashby,"Nexxen",nexxen,2026-07-17
ashby,"Nira Medical",niramedical,2026-07-17
ashby,"Nirvana Insurance",nirvana,2026-07-17
ashby,"Niva",niva,2026-07-17
ashby,"Nivoda",nivoda,2026-07-17
ashby,"NODA AI",noda-ai,2026-07-17
ashby,"Noetica",noetica,2026-07-17
ashby,"Noetic Global Corp.",noetic,2026-07-17
ashby,"Noise Labs",noise-labs,2026-07-17
ashby,"Nomad Labs Inc",nomad,2026-07-17
ashby,"nomic",nomic,2026-07-17
ashby,"Nomos",nomos,2026-07-17
ashby,"Nooks",nooks,2026-07-17
ashby,"nord-security",nord-security,2026-07-17
ashby,"Norm Ai",norm-ai,2026-07-17
ashby,"Norm Law",normlaw,2026-07-17
ashby,"Northslope",northslope-technologies,2026-07-17
ashby,"northwoodspace",northwoodspace,2026-07-17
ashby,"Nory",nory,2026-07-17
ashby,"NORY",nory-co,2026-07-17
ashby,"Notabene",notabene,2026-07-17
ashby,"Notable",notable,2026-07-17
ashby,"Notch",notch,2026-07-17
ashby,"Notion",notion,2026-07-17
ashby,"Noto",noto,2026-07-17
ashby,"Nous",nous,2026-07-17
ashby,"Novel",novel,2026-07-17
ashby,"Novellia",novellia,2026-07-17
ashby,"Novig",novig,2026-07-17
ashby,"Novo",novo,2026-07-17
ashby,"NOX METALS",nox-metals,2026-07-17
ashby,"Nubank",nubank,2026-07-17
ashby,"Nuclear Promise X",npx,2026-07-17
ashby,"Nucleus Genomics",nucleus,2026-07-17
ashby,"Nudge",nudge,2026-07-17
ashby,"Numeral",numeral,2026-07-17
ashby,"Numeric",numeric,2026-07-17
ashby,"NumerixS Quant",numerixs-quant,2026-07-17
ashby,"Nuna",nuna,2026-07-17
ashby,"Nuon, Inc.",nuon,2026-07-17
ashby,"Nursa",nursa,2026-07-17
ashby,"Nusano",nusano,2026-07-17
ashby,"Nylas",nylas,2026-07-17
ashby,"Oak",oak,2026-07-17
ashby,"Oberst",oberst,2026-07-17
ashby,"Observable Space",observable-space,2026-07-17
ashby,"Obsidian Systems",obsidiansystems,2026-07-17
ashby,"Obviant",obviant,2026-07-17
ashby,"Obvious",obvious,2026-07-17
ashby,"Ocra",ocra,2026-07-17
ashby,"Oden Technologies",oden-technologies,2026-07-17
ashby,"Odin",odin,2026-07-17
ashby,"Odyssey",odyssey,2026-07-17
ashby,"OffDeal",offdeal,2026-07-17
ashby,"Oh",oh,2026-07-17
ashby,"OKTOBER",oktoberagency,2026-07-17
ashby,"Old Well Labs",old-well-labs,2026-07-17
ashby,"Oligo Space",oligo,2026-07-17
ashby,"Olive",olive,2026-07-17
ashby,"OLIX",olix,2026-07-17
ashby,"Olly Olly",olly-olly,2026-07-17
ashby,"Omada.ai",omadaai,2026-07-17
ashby,"Oma Fertility",omafertility,2026-07-17
ashby,"Omaze",omaze,2026-07-17
ashby,"Omen",omen,2026-07-17
ashby,"Omi",omi,2026-07-17
ashby,"Omnea",omnea,2026-07-17
ashby,"Omni",omni,2026-07-17
ashby,"Omniscient",omniscient,2026-07-17
ashby,"Ona",ona,2026-07-17
ashby,"On Deck",ondeck,2026-07-17
ashby,"Onebrief",onebrief,2026-07-17
ashby,"OneCrew",onecrew,2026-07-17
ashby,"OneHealth Tech Corp",onehealth,2026-07-17
ashby,"One Pass Solutions",one-pass-solutions,2026-07-17
ashby,"OnePay",oneapp,2026-07-17
ashby,"OneSchema",oneschema,2026-07-17
ashby,"OnHires",onhires,2026-07-17
ashby,"On Me Gifting",onme,2026-07-17
ashby,"Onos Health",onoshealth,2026-07-17
ashby,"OnRamp",onramp,2026-07-17
ashby,"Ontic",ontic,2026-07-17
ashby,"Ontologize",ontologize,2026-07-17
ashby,"Onton",onton,2026-07-17
ashby,"Onyx",onyx,2026-07-17
ashby,"Onyx Bio",onyx-bio,2026-07-17
ashby,"Opal Security",opal,2026-07-17
ashby,"OpenAI",openai,2026-07-17
ashby,"OpenArt AI",openart,2026-07-17
ashby,"OpenCoreOS",opencoreos,2026-07-17
ashby,"OpenEvidence",openevidence,2026-07-17
ashby,"OpenGov",opengov,2026-07-17
ashby,"Open Home Foundation",openhomefoundation,2026-07-17
ashby,"Openly",openly,2026-07-17
ashby,"OpenRouter",openrouter,2026-07-17
ashby,"OpenSea",opensea,2026-07-17
ashby,"OP Labs",oplabs,2026-07-17
ashby,"OpsMill",opsmill,2026-07-17
ashby,"Optimum",optimum,2026-07-17
ashby,"OpusClip",opusclip,2026-07-17
ashby,"Opus Medical",opus-medical,2026-07-17
ashby,"Orb",orb,2026-07-17
ashby,"Orbital",orbital,2026-07-17
ashby,"Orbit Neuro Co.",orbit,2026-07-17
ashby,"Orca",orca,2026-07-17
ashby,"Orchard Robotics",orchard,2026-07-17
ashby,"Orderful",orderful,2026-07-17
ashby,"Orion",orion,2026-07-17
ashby,"Orita",orita,2026-07-17
ashby,"Orum",orum,2026-07-17
ashby,"Oscilar",oscilar,2026-07-17
ashby,"Osmo",osmo,2026-07-17
ashby,"Oso",oso,2026-07-17
ashby,"Ostium Labs",ostium,2026-07-17
ashby,"Oumi",oumi,2026-07-17
ashby,"OurRitual",ourritual,2026-07-17
ashby,"Outpost",outpost,2026-07-17
ashby,"Outpost Technologies",outpostnow,2026-07-17
ashby,"Output Biosciences",output,2026-07-17
ashby,"Output Inc",outputinc,2026-07-17
ashby,"Outset",outset,2026-07-17
ashby,"Outsmart",outsmart,2026-07-17
ashby,"Outtake",outtake,2026-07-17
ashby,"Overflow",overflow,2026-07-17
ashby,"Overtone",overtone,2026-07-17
ashby,"Overview Corporation",overview,2026-07-17
ashby,"Overview Energy",overviewenergy,2026-07-17
ashby,"Owkin",owkin,2026-07-17
ashby,"Owner.com",owner,2026-07-17
ashby,"Own Up",ownup,2026-07-17
ashby,"Oxeon",oxeon,2026-07-17
ashby,"OXIO Corporation",oxio,2026-07-17
ashby,"Oxo",oxo,2026-07-17
ashby,"Oyster",oyster,2026-07-17
ashby,"PACE Loan Group",paceloangroup,2026-07-17
ashby,"Paddle",paddle,2026-07-17
ashby,"Padlet",padlet,2026-07-17
ashby,"Pair Eyewear, Inc.",paireyewear,2026-07-17
ashby,"Palette Media",palette-media,2026-07-17
ashby,"Palladio AI",palladio,2026-07-17
ashby,"Palmstreet",palmstreet,2026-07-17
ashby,"PALO IT",paloit,2026-07-17
ashby,"Pandektes",pandektes,2026-07-17
ashby,"Pano AI",pano-ai,2026-07-17
ashby,"Panoptyc",panoptyc,2026-07-17
ashby,"Panther Life Sciences",panther-life-sciences,2026-07-17
ashby,"Paradigm",paradigm,2026-07-17
ashby,"Paradigm Health",paradigm-health,2026-07-17
ashby,"Paradox",paradox,2026-07-17
ashby,"Parafin",parafin,2026-07-17
ashby,"Paraform",paraform,2026-07-17
ashby,"Paragon",paragon,2026-07-17
ashby,"Parallel Fluidics, Inc.",parallel-fluidics,2026-07-17
ashby,"Parallel Web Systems",parallel,2026-07-17
ashby,"Parashift",parashift,2026-07-17
ashby,"Pareto.AI",pareto-ai,2026-07-17
ashby,"Parity",parity,2026-07-17
ashby,"Pariveda",pariveda,2026-07-17
ashby,"Parker Group Inc",parker,2026-07-17
ashby,"Parspec",parspec,2026-07-17
ashby,"Partiful",partiful,2026-07-17
ashby,"PartsBase Inc.",partsbase,2026-07-17
ashby,"Passage",passage,2026-07-17
ashby,"Passes",passes,2026-07-17
ashby,"Passport",passport,2026-07-17
ashby,"Passthrough",passthrough,2026-07-17
ashby,"Patlytics, Inc.",patlytics,2026-07-17
ashby,"Patreon",patreon,2026-07-17
ashby,"Pave Bank",pavebank,2026-07-17
ashby,"Pave (Lever)",pave,2026-07-17
ashby,"Pawp",pawp,2026-07-17
ashby,"Paxos",paxos,2026-07-17
ashby,"Paxos Labs",paxoslabs,2026-07-17
ashby,"Payabli",payabli,2026-07-17
ashby,"Payrails GmbH",payrails,2026-07-17
ashby,"Payscale",payscale,2026-07-17
ashby,"PCH Digital LLC",pch-digital,2026-07-17
ashby,"PeakMetrics",peakmetrics,2026-07-17
ashby,"Pearl",pearl,2026-07-17
ashby,"Pearl Health",pearlhealth,2026-07-17
ashby,"Pearly",pearlyplan,2026-07-17
ashby,"Pearpop",pearpop,2026-07-17
ashby,"Pear VC",pear-vc,2026-07-17
ashby,"Pebl",pebl,2026-07-17
ashby,"Peec AI",peec,2026-07-17
ashby,"Peek",peek,2026-07-17
ashby,"Pennylane SAS",pennylane,2026-07-17
ashby,"People Culture Talent",people-culture-talent,2026-07-17
ashby,"People Data Labs",people-data-labs,2026-07-17
ashby,"PeopleLoop",peopleloop,2026-07-17
ashby,"Peppr",peppr,2026-07-17
ashby,"Percepta",percepta,2026-07-17
ashby,"Perchwell",perchwell,2026-07-17
ashby,"Percona",percona,2026-07-17
ashby,"Perfectly",perfectly,2026-07-17
ashby,"Pergolux",pergolux,2026-07-17
ashby,"Periodic Labs",periodic-labs,2026-07-17
ashby,"Perk",perk,2026-07-17
ashby,"PermitFlow",permitflow,2026-07-17
ashby,"Permutive",permutive,2026-07-17
ashby,"Perplexity",perplexity,2026-07-17
ashby,"Perry Weather, Inc.",perryweather,2026-07-17
ashby,"Persona",persona,2026-07-17
ashby,"Pesto",pesto,2026-07-17
ashby,"Phantom",phantom,2026-07-17
ashby,"Pharos",pharos,2026-07-17
ashby,"Pharsalus Capital",pharsalus,2026-07-17
ashby,"Phia",phia,2026-07-17
ashby,"PHIL",phil,2026-07-17
ashby,"Phoebe",phoebe,2026-07-17
ashby,"Phoenix",phoenix,2026-07-17
ashby,"Phonely",phonely,2026-07-17
ashby,"Photoroom",photoroom,2026-07-17
ashby,"Phylax Systems",phylax,2026-07-17
ashby,"Phylo, Inc.",phylo,2026-07-17
ashby,"Physical Intelligence",physicalintelligence,2026-07-17
ashby,"Physical Superintelligence",psi,2026-07-17
ashby,"Picogrid",picogrid,2026-07-17
ashby,"Pika",pika,2026-07-17
ashby,"Pilgrim",pilgrim,2026-07-17
ashby,"pineapple",pineapple,2026-07-17
ashby,"Pinecone",pinecone,2026-07-17
ashby,"Pioneer",pioneer,2026-07-17
ashby,"Pirros",pirros,2026-07-17
ashby,"Pivot",pivot,2026-07-17
ashby,"Pivotal Health",pivotal-health,2026-07-17
ashby,"Pixaera",pixaera,2026-07-17
ashby,"Plaid",plaid,2026-07-17
ashby,"Plain",plain,2026-07-17
ashby,"Planera",planera,2026-07-17
ashby,"Plane Software, Inc.",plane,2026-07-17
ashby,"Planet",planet,2026-07-17
ashby,"Planetary Scale Advisors",planetary-scale,2026-07-17
ashby,"Planhat",planhat,2026-07-17
ashby,"Plasma",plasma,2026-07-17
ashby,"Plasmidsaurus",plasmidsaurus,2026-07-17
ashby,"Platformed",platformed,2026-07-17
ashby,"Plaud",plaud,2026-07-17
ashby,"Playbook",playbook,2026-07-17
ashby,"Playground",playground,2026-07-17
ashby,"Playlab",playlab,2026-07-17
ashby,"Playpower Labs",playpowerlabs,2026-07-17
ashby,"Playson",playson,2026-07-17
ashby,"Pleo",pleo,2026-07-17
ashby,"Pliant",pliant,2026-07-17
ashby,"Plinth",plinth,2026-07-17
ashby,"Plotly",plotly,2026-07-17
ashby,"Plot Technologies, Inc.",plot,2026-07-17
ashby,"Plumerai",plumerai,2026-07-17
ashby,"Plural",pluralfinance,2026-07-17
ashby,"Pluralis Research",pluralis-research,2026-07-17
ashby,"Pocket Prep",pocketprep,2026-07-17
ashby,"Podium",podium,2026-07-17
ashby,"Podium Automation",podium-automation,2026-07-17
ashby,"Poesis",poesis,2026-07-17
ashby,"Point",point,2026-07-17
ashby,"PointFive",pointfive,2026-07-17
ashby,"PointOne",pointone,2026-07-17
ashby,"Pointr",pointr,2026-07-17
ashby,"Polar",polar,2026-07-17
ashby,"Polar Analytics",polaranalytics,2026-07-17
ashby,"Polarsteps",polarsteps,2026-07-17
ashby,"Polène Paris",polene-paris,2026-07-17
ashby,"Polly",polly,2026-07-17
ashby,"Polygon Labs",polygon-labs,2026-07-17
ashby,"Polymarket",polymarket,2026-07-17
ashby,"Poolside",poolside,2026-07-17
ashby,"Poolside Infrastructure Company",pic,2026-07-17
ashby,"Popl Co",popl,2026-07-17
ashby,"Poseidon Aerospace",poseidonaero,2026-07-17
ashby,"Posh",posh,2026-07-17
ashby,"Posh",posh-ai,2026-07-17
ashby,"Poshmark",poshmark,2026-07-17
ashby,"Positive Development",positive-development,2026-07-17
ashby,"Post.",post,2026-07-17
ashby,"Posthog",posthog,2026-07-17
ashby,"PowerLattice Technologies Inc",powerlattice,2026-07-17
ashby,"Powerline",powerline,2026-07-17
ashby,"pplwise",pplwise,2026-07-17
ashby,"Praecipio Consulting",praecipio,2026-07-17
ashby,"Pragmatike",pragmatike,2026-07-17
ashby,"PrairieLearn, Inc.",prairielearn,2026-07-17
ashby,"praxipal",praxipal,2026-07-17
ashby,"PreemptiveAI, Inc.",preemptive,2026-07-17
ashby,"Prefect",prefect,2026-07-17
ashby,"Prelim",prelim,2026-07-17
ashby,"Prelude",prelude,2026-07-17
ashby,"Prelude",preludesecurity,2026-07-17
ashby,"Preply",preply,2026-07-17
ashby,"Primary",primary,2026-07-17
ashby,"Prime",prime,2026-07-17
ashby,"Prime Intellect",primeintellect,2026-07-17
ashby,"Primer",primer,2026-07-17
ashby,"Prior Labs",prior-labs,2026-07-17
ashby,"Probably Genetic",probablygenetic,2026-07-17
ashby,"ProCure, LLC",procure,2026-07-17
ashby,"Procurement Sciences",procurementsciences,2026-07-17
ashby,"Procurify",procurify,2026-07-17
ashby,"Prodigy Education",prodigy-education,2026-07-17
ashby,"Product Hunt",producthunt,2026-07-17
ashby,"ProductNow",product-now,2026-07-17
ashby,"Profound",profound,2026-07-17
ashby,"Project44",project44,2026-07-17
ashby,"Project Expedition",project-expedition,2026-07-17
ashby,"Prokeep",prokeep,2026-07-17
ashby,"prometheus",prometheus,2026-07-17
ashby,"Promise",promise,2026-07-17
ashby,"Promise Studios",promise-studios,2026-07-17
ashby,"Prompt",prompt,2026-07-17
ashby,"Propel",propel,2026-07-17
ashby,"Propelus",propelus,2026-07-17
ashby,"Prophet Security",prophet-security,2026-07-17
ashby,"ProRata.ai",prorata,2026-07-17
ashby,"Prose",prose,2026-07-17
ashby,"Prosper AI",prosper-ai,2026-07-17
ashby,"Protagonist",humanist,2026-07-17
ashby,"Protege",protege,2026-07-17
ashby,"Protegrity",protegrity,2026-07-17
ashby,"Protocol Behavioral Health",protocol-cares,2026-07-17
ashby,"Protocol Labs",protocol,2026-07-17
ashby,"Provable",provable,2026-07-17
ashby,"Prox",prox,2026-07-17
ashby,"Proxima",proxima,2026-07-17
ashby,"Proxima Fusion",proxima-fusion,2026-07-17
ashby,"Proximal",proximal,2026-07-17
ashby,"Public Cloud Group",publiccloudgroup,2026-07-17
ashby,"Pulley",withpulley,2026-07-17
ashby,"Pulse",pulse,2026-07-17
ashby,"Punchh",punchh,2026-07-17
ashby,"Pure",pure,2026-07-17
ashby,"PureStorage",purestorage,2026-07-17
ashby,"Pursuit",pursuit,2026-07-17
ashby,"Pylon",pylon,2026-07-17
ashby,"Pylon",pylon-labs,2026-07-17
ashby,"QA Wolf",qawolf,2026-07-17
ashby,"QED.ai",qed-ai,2026-07-17
ashby,"Quadrivia",quadrivia,2026-07-17
ashby,"Qualified",qualified,2026-07-17
ashby,"Qualified Health PBC",qualified-health-pbc,2026-07-17
ashby,"Qualitate",qualitate,2026-07-17
ashby,"Qualtrics",qualtrics,2026-07-17
ashby,"Quanta",quanta,2026-07-17
ashby,"QuantAQ",quant-aq,2026-07-17
ashby,"Quantcast",quantcast,2026-07-17
ashby,"Quantexa",quantexa,2026-07-17
ashby,"Quantstamp",quantstamp,2026-07-17
ashby,"Quantum",quantum,2026-07-17
ashby,"QuantWare",quantware,2026-07-17
ashby,"Quarks",quarks-tech,2026-07-17
ashby,"Quartermaster",quartermaster,2026-07-17
ashby,"Quicknode",quicknode,2026-07-17
ashby,"Quilter",quilter,2026-07-17
ashby,"Quindar",quindar,2026-07-17
ashby,"Quintess AI",quintess-ai,2026-07-17
ashby,"Quora",quora,2026-07-17
ashby,"Quorum",quorum,2026-07-17
ashby,"QuoteWell",quotewell,2026-07-17
ashby,"Qwilr",qwilr,2026-07-17
ashby,"Rad AI",radai,2026-07-17
ashby,"Radar",radar,2026-07-17
ashby,"Radiant",radiant,2026-07-17
ashby,"Radiant Industries",radiant-industries,2026-07-17
ashby,"Raft",raft,2026-07-17
ashby,"Raiku",raiku,2026-07-17
ashby,"Railway",railway,2026-07-17
ashby,"Rain",rain,2026-07-17
ashby,"Rainforest",rainforest-pay,2026-07-17
ashby,"Ramp",ramp,2026-07-17
ashby,"Range",range,2026-07-17
ashby,"RapDev",rapdev,2026-07-17
ashby,"Raptive",raptive,2026-07-17
ashby,"Rasa",rasa,2026-07-17
ashby,"Raspberry AI",raspberry,2026-07-17
ashby,"Ravenna",ravenna,2026-07-17
ashby,"Ravio",ravio,2026-07-17
ashby,"Raycast",raycast,2026-07-17
ashby,"Reacher",reacher,2026-07-17
ashby,"Reach Security",reach,2026-07-17
ashby,"Read AI, Inc.",read-ai,2026-07-17
ashby,"ReadMe",readme,2026-07-17
ashby,"Ready",ready,2026-07-17
ashby,"Reaktor",reaktor,2026-07-17
ashby,"Real",real,2026-07-17
ashby,"Reality Defender",realitydefender,2026-07-17
ashby,"Realm",realmalliance,2026-07-17
ashby,"Rebecca School",rebecca-school,2026-07-17
ashby,"Rebuy, Inc.",rebuy,2026-07-17
ashby,"Recall",recall,2026-07-17
ashby,"Receptive",receptive,2026-07-17
ashby,"Recharge",recharge,2026-07-17
ashby,"Recraft",recraft,2026-07-17
ashby,"Recruiting School",recruitingschool,2026-07-17
ashby,"Recurrency",recurrency,2026-07-17
ashby,"Reddit",reddit,2026-07-17
ashby,"Redgate",red-gate,2026-07-17
ashby,"Redis",redis,2026-07-17
ashby,"Red Metals",redmetals,2026-07-17
ashby,"Red Oak",red-oak,2026-07-17
ashby,"Reducto",reducto,2026-07-17
ashby,"Reedsy",reedsy,2026-07-17
ashby,"Reevo",reevo,2026-07-17
ashby,"Reflection",reflectionai,2026-07-17
ashby,"Reflect Orbital",reflect-orbital,2026-07-17
ashby,"Reflex Robotics",reflexrobotics,2026-07-17
ashby,"Reframe Systems",reframesystems,2026-07-17
ashby,"Regard",regard,2026-07-17
ashby,"REGENT",regent,2026-07-17
ashby,"Rehire",rehire,2026-07-17
ashby,"Reimagine Robotics, Inc.",r2,2026-07-17
ashby,"Reka",reka,2026-07-17
ashby,"Reklame Health",reklamehealth,2026-07-17
ashby,"Reku",reku,2026-07-17
ashby,"relationrx",relationrx,2026-07-17
ashby,"Relay",relayfi,2026-07-17
ashby,"Relay",relayprotocol,2026-07-17
ashby,"Relay Technologies",relay,2026-07-17
ashby,"Relevance AI",relevanceai,2026-07-17
ashby,"Reliable Robotics Corporation",reliable-robotics,2026-07-17
ashby,"Remarcable, Inc.",remarcable-inc,2026-07-17
ashby,"Remilia Corporation",remilia,2026-07-17
ashby,"Render",render,2026-07-17
ashby,"Renuity",renuity,2026-07-17
ashby,"Reonic",reonic,2026-07-17
ashby,"Replicant",replicant,2026-07-17
ashby,"Replicated",replicated,2026-07-17
ashby,"Replit",replit,2026-07-17
ashby,"Replo",replo,2026-07-17
ashby,"RepRally",reprally,2026-07-17
ashby,"Reprise",reprise,2026-07-17
ashby,"Rerun",rerun,2026-07-17
ashby,"Rescale",rescale,2026-07-17
ashby,"Resend",resend,2026-07-17
ashby,"Reserve",reserve,2026-07-17
ashby,"Reservoir Media Management",reservoir-media,2026-07-17
ashby,"Reson8",reson8,2026-07-17
ashby,"Response",response,2026-07-17
ashby,"ResQ",resq,2026-07-17
ashby,"Restate",restate,2026-07-17
ashby,"Restream",restream,2026-07-17
ashby,"Retell AI",retell-ai,2026-07-17
ashby,"Rev",rev,2026-07-17
ashby,"Reve",reve,2026-07-17
ashby,"RevenueCat",revenuecat,2026-07-17
ashby,"Revic",revic,2026-07-17
ashby,"Revinate",revinate,2026-07-17
ashby,"Revise Robotics",reviserobotics,2026-07-17
ashby,"Revive",revive,2026-07-17
ashby,"Revv",revv-hq,2026-07-17
ashby,"Rewind",rewind,2026-07-17
ashby,"Rewst",rewst,2026-07-17
ashby,"RF Labs",rf-labs,2026-07-17
ashby,"Rho",rho,2026-07-17
ashby,"Rhoda AI",rhoda-ai,2026-07-17
ashby,"Rhythms",rhythms,2026-07-17
ashby,"Ribbon AI",ribbon-ai,2026-07-17
ashby,"Riff",riff,2026-07-17
ashby,"Rightfoot",rightfoot,2026-07-17
ashby,"Rilla",rilla,2026-07-17
ashby,"Rillet",rillet,2026-07-17
ashby,"RiseGuide",riseguide,2026-07-17
ashby,"Risk Labs",risklabs,2026-07-17
ashby,"River",river,2026-07-17
ashby,"Rivermont Schools",rivermont-schools,2026-07-17
ashby,"Riveron",riveron,2026-07-17
ashby,"River Rock Academy",river-rock-academy,2026-07-17
ashby,"Roadrunner",roadrunner,2026-07-17
ashby,"RobCo",robco,2026-07-17
ashby,"Robin Ai",robin-ai,2026-07-17
ashby,"Roboflow",roboflow,2026-07-17
ashby,"Rocket Science Group",rocketsciencegg,2026-07-17
ashby,"Roger Healthcare",rogerhealthcare,2026-07-17
ashby,"Rogo",rogo,2026-07-17
ashby,"Rohlik",rohlik,2026-07-17
ashby,"Rokt",rokt,2026-07-17
ashby,"Rollstack",rollstack,2026-07-17
ashby,"roobet",roobet,2026-07-17
ashby,"Roo Code",roo-code,2026-07-17
ashby,"RoomPriceGenie",roompricegenie,2026-07-17
ashby,"Root Access",root-access,2026-07-17
ashby,"Rothy's",rothys,2026-07-17
ashby,"Rowan Digital Infrastructure",rowan,2026-07-17
ashby,"Rox Data Corp",rox-data-corp,2026-07-17
ashby,"Ruby Labs",ruby-labs,2026-07-17
ashby,"Rula",rula,2026-07-17
ashby,"Runa",runa,2026-07-17
ashby,"Rundoo",rundoo,2026-07-17
ashby,"Rune Technologies",runetech,2026-07-17
ashby,"Runlayer",runlayer,2026-07-17
ashby,"Runna",runna,2026-07-17
ashby,"Runway",runway-ml,2026-07-17
ashby,"Runway Financial",runway,2026-07-17
ashby,"Rythm Health",rythm,2026-07-17
ashby,"Ryvn",ryvn,2026-07-17
ashby,"Sable",sable,2026-07-17
ashby,"SafeLease",safelease,2026-07-17
ashby,"Safe Software",safe,2026-07-17
ashby,"Safety Cybersecurity",safety,2026-07-17
ashby,"Safi",safi,2026-07-17
ashby,"Sage Care Inc",sagecare,2026-07-17
ashby,"Sahara",sahara,2026-07-17
ashby,"Sailor Health",sailorhealth,2026-07-17
ashby,"Sailpeak",sailpeak,2026-07-17
ashby,"SalesAPE.ai",salesape-ai,2026-07-17
ashby,"SalesLoft",salesloft,2026-07-17
ashby,"SalesPatriot",salespatriot,2026-07-17
ashby,"Salient",salient,2026-07-17
ashby,"Salonkee",salonkee,2026-07-17
ashby,"Saltz Marketplace",saltz,2026-07-17
ashby,"Samsung Next",samsungnext,2026-07-17
ashby,"Sana",sana-roles,2026-07-17
ashby,"Sanctuary",sanctuary,2026-07-17
ashby,"Sandbar",sandbar,2026-07-17
ashby,"SandboxAQ",sandboxaq,2026-07-17
ashby,"Sanity",sanity,2026-07-17
ashby,"Sardine",sardine,2026-07-17
ashby,"Saris AI",saris-ai,2026-07-17
ashby,"Saronic Technologies",saronic,2026-07-17
ashby,"Satispay",satispay,2026-07-17
ashby,"Saturn",saturn,2026-07-17
ashby,"SavvyMoney",savvymoney,2026-07-17
ashby,"Savvy Wealth",savvy,2026-07-17
ashby,"ScaleMath",scalemath,2026-07-17
ashby,"Scaler",scaler,2026-07-17
ashby,"Scan.com",scan-com,2026-07-17
ashby,"Scarlet",scarlet,2026-07-17
ashby,"Scholarly",scholarly,2026-07-17
ashby,"Schoolhouse",schoolhouse-world,2026-07-17
ashby,"Sciforium",sciforium,2026-07-17
ashby,"ScorePlay",scoreplay,2026-07-17
ashby,"Scout",scout,2026-07-17
ashby,"Screenverse",screenverse,2026-07-17
ashby,"Scribd, Inc.",scribdinc,2026-07-17
ashby,"Scribe",scribe,2026-07-17
ashby,"Scrollmark",scrollmark,2026-07-17
ashby,"Scrunch",scrunch,2026-07-17
ashby,"SE3 Labs",se3,2026-07-17
ashby,"Sealed",sealed,2026-07-17
ashby,"Seamflow",seamflow,2026-07-17
ashby,"Searchable",searchable,2026-07-17
ashby,"SearchStax",searchstax,2026-07-17
ashby,"Seccl",seccl,2026-07-17
ashby,"Secfix",secfix,2026-07-17
ashby,"Second Dinner",seconddinner,2026-07-17
ashby,"Second Front Systems",second-front-systems,2026-07-17
ashby,"Second Nature",second-nature,2026-07-17
ashby,"SecureBio",securebio,2026-07-17
ashby,"Sei Development Foundation",seifoundation,2026-07-17
ashby,"Sekai",sekai,2026-07-17
ashby,"Sellfire",sellfire,2026-07-17
ashby,"Semgrep",semgrep,2026-07-17
ashby,"Semperis",semperis,2026-07-17
ashby,"Sensmore",sensmore,2026-07-17
ashby,"Sensorfact",sensorfact,2026-07-17
ashby,"Sensor Tower",sensor-tower,2026-07-17
ashby,"Sentient",sentient,2026-07-17
ashby,"SentiLink",sentilink,2026-07-17
ashby,"Sent, Inc.",sent,2026-07-17
ashby,"Sentra",sentra,2026-07-17
ashby,"Sentry",sentry,2026-07-17
ashby,"Seon",seon,2026-07-17
ashby,"Sequence",sequence,2026-07-17
ashby,"Sequoia",sequoia,2026-07-17
ashby,"Sereact",sereact,2026-07-17
ashby,"Serif.ai",serif,2026-07-17
ashby,"Serval",serval,2026-07-17
ashby,"Serve Robotics",serverobotics,2026-07-17
ashby,"Sesame",sesame,2026-07-17
ashby,"Sevaro - Physician/Clinical Roles",brunswick,2026-07-17
ashby,"SewerAI Corporation",sewer-ai,2026-07-17
ashby,"SFG20",sfg20,2026-07-17
ashby,"Shapes",shapes,2026-07-17
ashby,"Shapr3D",shapr3d,2026-07-17
ashby,"Share",share,2026-07-17
ashby,"Shepherd",shepherd,2026-07-17
ashby,"sherpa°",joinsherpa,2026-07-17
ashby,"Shift",shift,2026-07-17
ashby,"ShiftKey",shiftkey,2026-07-17
ashby,"Shiftsmart",shiftsmart,2026-07-17
ashby,"Short Story",shortstory,2026-07-17
ashby,"Sidekick",sidekick,2026-07-17
ashby,"Siena AI",siena,2026-07-17
ashby,"Sierra",sierra,2026-07-17
ashby,"Sierra Studio",sierra-studio,2026-07-17
ashby,"Sieve",sieve,2026-07-17
ashby,"Sift",sift,2026-07-17
ashby,"SiftScience",siftscience,2026-07-17
ashby,"Sift Stack, Inc.",siftstack,2026-07-17
ashby,"Siftwell Analytics",siftwell-analytics,2026-07-17
ashby,"Sigma Prime",sigp,2026-07-17
ashby,"Signal AI",signal-ai,2026-07-17
ashby,"SignalFire",signalfire,2026-07-17
ashby,"SignalWire, Inc",signalwire,2026-07-17
ashby,"SigNoz",signoz,2026-07-17
ashby,"Silktide",silktide,2026-07-17
ashby,"Silver.dev",silver,2026-07-17
ashby,"Simile",simile,2026-07-17
ashby,"Simon Lever",simon-lever,2026-07-17
ashby,"Simplify",simplify,2026-07-17
ashby,"SimSpace Corporation",simspace-corporation,2026-07-17
ashby,"Simular",simular,2026-07-17
ashby,"Singular",singular,2026-07-17
ashby,"SIO Logistics",sio-logistics,2026-07-17
ashby,"Siro",siro,2026-07-17
ashby,"Sisu",sisu,2026-07-17
ashby,"Sitemate",sitemate,2026-07-17
ashby,"SiteMinder",siteminder,2026-07-17
ashby,"Skalar",skalar,2026-07-17
ashby,"SKELAR",skelar,2026-07-17
ashby,"Skilljar",skilljar,2026-07-17
ashby,"Skimmer",skimmer,2026-07-17
ashby,"Skip",skip,2026-07-17
ashby,"Skip Loans",skip-loans,2026-07-17
ashby,"skipup",skipup,2026-07-17
ashby,"Skydio",skydio,2026-07-17
ashby,"Skydropx - Frenet",skydropx,2026-07-17
ashby,"SkyLink",skylink,2026-07-17
ashby,"Skylo Technologies",skylo,2026-07-17
ashby,"Sky Mavis",skymavis,2026-07-17
ashby,"SkyNRG",skynrg,2026-07-17
ashby,"Skyscanner",skyscanner,2026-07-17
ashby,"SkyWatch",skywatch,2026-07-17
ashby,"Slant",slant,2026-07-17
ashby,"Slash Financial",slash-financial,2026-07-17
ashby,"Slate",slate,2026-07-17
ashby,"Sleeper",sleeper,2026-07-17
ashby,"Slingshot AI",slingshotai,2026-07-17
ashby,"Slope",slope,2026-07-17
ashby,"Smallest",smallest,2026-07-17
ashby,"smallpdf",smallpdf,2026-07-17
ashby,"Smalls",smalls,2026-07-17
ashby,"Smallstep",smallstep,2026-07-17
ashby,"Smarkets",smarkets,2026-07-17
ashby,"Smith Engineering",smith-engineering,2026-07-17
ashby,"Snackpass",snackpass,2026-07-17
ashby,"Snapdocs",snapdocs,2026-07-17
ashby,"Snappy",snappy,2026-07-17
ashby,"Snowball",snowball,2026-07-17
ashby,"Snowflake",snowflake,2026-07-17
ashby,"Snyk",snyk,2026-07-17
ashby,"Social News Desk",snd,2026-07-17
ashby,"Socket",socket,2026-07-17
ashby,"Socotra",socotra,2026-07-17
ashby,"Socure",socure,2026-07-17
ashby,"Sofar Ocean",sofarocean,2026-07-17
ashby,"Softlight",softlight,2026-07-17
ashby,"Sola",sola,2026-07-17
ashby,"Solace",solace,2026-07-17
ashby,"Sola Insurance",sola-insurance,2026-07-17
ashby,"Solcoa Industries",solcoa,2026-07-17
ashby,"Solidgate",solidgate,2026-07-17
ashby,"Solink",solink,2026-07-17
ashby,"Solstice",solstice,2026-07-17
ashby,"Solva Technology",solva,2026-07-17
ashby,"Solvd",solvd,2026-07-17
ashby,"Somethings",somethings,2026-07-17
ashby,"Somnia",somnia,2026-07-17
ashby,"Sona",sona,2026-07-17
ashby,"SonderMind",sondermind,2026-07-17
ashby,"Sonio",sonio,2026-07-17
ashby,"Sorare",sorare,2026-07-17
ashby,"Sorcerer",sorcerer,2026-07-17
ashby,"SoSafe",sosafe,2026-07-17
ashby,"Source Multiplier",source-multiplier,2026-07-17
ashby,"Sourgum",sourgum,2026-07-17
ashby,"South Geeks",southgeeks,2026-07-17
ashby,"Spacecurve",spacecurve,2026-07-17
ashby,"Spacial AI",spacial,2026-07-17
ashby,"SPAICE",spaice-tech,2026-07-17
ashby,"SPAN",span,2026-07-17
ashby,"Spare",spare,2026-07-17
ashby,"Sparrow",sparrow,2026-07-17
ashby,"Sparta",sparta-commodities,2026-07-17
ashby,"Speak",speak,2026-07-17
ashby,"Speakeasy",speakeasy,2026-07-17
ashby,"Spear AI",spear-ai,2026-07-17
ashby,"Spear Bio",spearbio,2026-07-17
ashby,"Speckle",speckle,2026-07-17
ashby,"Specter",specter,2026-07-17
ashby,"Spekit",spekit,2026-07-17
ashby,"Spellbrush",spellbrush,2026-07-17
ashby,"spendesk",spendesk,2026-07-17
ashby,"Spexi",spexi,2026-07-17
ashby,"Sphere, Inc.",sphere,2026-07-17
ashby,"Spherical",spherical,2026-07-17
ashby,"SplitMetrics",splitmetrics,2026-07-17
ashby,"Splitwise",splitwise,2026-07-17
ashby,"Spotlight Media",spotlight,2026-07-17
ashby,"SpotOn",spoton,2026-07-17
ashby,"Spreetail",spreetail,2026-07-17
ashby,"Sprig",sprig,2026-07-17
ashby,"Sprinter Health",sprinter-health,2026-07-17
ashby,"Sprout.ai",sprout-ai,2026-07-17
ashby,"Spruce",spruce,2026-07-17
ashby,"Squad | Bowery",squad,2026-07-17
ashby,"Squads",squads,2026-07-17
ashby,"Stable",stable,2026-07-17
ashby,"StackAI",stack-ai,2026-07-17
ashby,"StackedSP",stackedsp,2026-07-17
ashby,"Stacker",stacker,2026-07-17
ashby,"StackOne",stackone,2026-07-17
ashby,"Stacks",stacks,2026-07-17
ashby,"Stainless",stainlessapi,2026-07-17
ashby,"Standard Bots",standardbots,2026-07-17
ashby,"Standard Fleet",standardfleet,2026-07-17
ashby,"Standard Subsea",standardsubsea,2026-07-17
ashby,"Standard Template Labs",st-labs,2026-07-17
ashby,"Stand Insurance",standinsurance,2026-07-17
ashby,"Starbridge",starbridge,2026-07-17
ashby,"Stash",stash,2026-07-17
ashby,"Statewide",statewide,2026-07-17
ashby,"Statista",statista,2026-07-17
ashby,"Statsig",statsig,2026-07-17
ashby,"Stay22",stay22,2026-07-17
ashby,"Steadily",steadily,2026-07-17
ashby,"Stealth HC",stealthhc,2026-07-17
ashby,"Stealth-mode Battery Startup",company,2026-07-17
ashby,"Stedi",stedi,2026-07-17
ashby,"Steel",steel,2026-07-17
ashby,"Stellar Development Foundation",stellar,2026-07-17
ashby,"Stellar Entertainment Software Ltd",stellarentertainment,2026-07-17
ashby,"Stellic",stellic,2026-07-17
ashby,"Stepful",stepful,2026-07-17
ashby,"Stepwork",stepwork,2026-07-17
ashby,"Sticker Mule",stickermule,2026-07-17
ashby,"Stigg",stigg,2026-07-17
ashby,"Stork Labs",stork,2026-07-17
ashby,"Stout",stout,2026-07-17
ashby,"Strala Group, Inc.",strala-ai,2026-07-17
ashby,"Strategic Growth Partners",strategic-growth-partners,2026-07-17
ashby,"Strava",strava,2026-07-17
ashby,"Stream",stream,2026-07-17
ashby,"Street Group",streetgroup,2026-07-17
ashby,"StrongDM",strongdm,2026-07-17
ashby,"Stronghold",stronghold,2026-07-17
ashby,"Studson, Inc.",studson,2026-07-17
ashby,"Stuut",stuut-ai,2026-07-17
ashby,"Stweart Firm",jaxs,2026-07-17
ashby,"Stytch",stytch,2026-07-17
ashby,"Sublime Security",sublime-security,2026-07-17
ashby,"Subspace",subspace,2026-07-17
ashby,"Substack",substack,2026-07-17
ashby,"Substrate",substrate,2026-07-17
ashby,"Subzero Labs",subzero,2026-07-17
ashby,"Succinct",succinct,2026-07-17
ashby,"Sully.ai",sully-ai,2026-07-17
ashby,"Summation",summation,2026-07-17
ashby,"Summer Health",summerhealth,2026-07-17
ashby,"Sunday Robotics",sunday,2026-07-17
ashby,"Sunflower Sober",sunflower-sober,2026-07-17
ashby,"Suno",suno,2026-07-17
ashby,"Sunrise Robotics Corporation",sunrise,2026-07-17
ashby,"Sunset",sunset,2026-07-17
ashby,"Supabase",supabase,2026-07-17
ashby,"supercell",supercell,2026-07-17
ashby,"SuperDial",superdial,2026-07-17
ashby,"Superhuman",superhuman,2026-07-17
ashby,"Superpilot Labs",superpilot-labs,2026-07-17
ashby,"Superpower",superpower,2026-07-17
ashby,"Surfshark",surfshark,2026-07-17
ashby,"Surgical Data Science Collective",sdsc,2026-07-17
ashby,"SurveyMonkey",surveymonkey,2026-07-17
ashby,"Suzy",suzy,2026-07-17
ashby,"Svix",svix,2026-07-17
ashby,"swan",swan,2026-07-17
ashby,"Swans",swans,2026-07-17
ashby,"Swap",swap,2026-07-17
ashby,"Swarm Aero",swarmaero,2026-07-17
ashby,"Swarmer",swarmer,2026-07-17
ashby,"Sweep",sweep,2026-07-17
ashby,"Switchboard",switchboard,2026-07-17
ashby,"Swoop Technologies",swoop,2026-07-17
ashby,"Sydecar",sydecar,2026-07-17
ashby,"Sylvera",sylvera,2026-07-17
ashby,"Symbiotic",symbiotic,2026-07-17
ashby,"Symmetry AI",symmetry,2026-07-17
ashby,"Syndica",syndica,2026-07-17
ashby,"Synquery",synquery,2026-07-17
ashby,"Synthesia",synthesia,2026-07-17
ashby,"Synthetic",synthetic,2026-07-17
ashby,"Synthflow AI",synthflow,2026-07-17
ashby,"Syro",syro,2026-07-17
ashby,"Syrup",syrup,2026-07-17
ashby,"T1 Energy",t1energy,2026-07-17
ashby,"Taara",taaraconnect,2026-07-17
ashby,"Tabs",tabs,2026-07-17
ashby,"Tabz",tabz,2026-07-17
ashby,"Tactiq",tactiq,2026-07-17
ashby,"Tacto",tacto,2026-07-17
ashby,"Taekus",taekus,2026-07-17
ashby,"Tailor",tailor,2026-07-17
ashby,"Tailwind",tailwind,2026-07-17
ashby,"Tako",tako,2026-07-17
ashby,"Taktile",taktile,2026-07-17
ashby,"Talentful",talentful,2026-07-17
ashby,"Talent Safari",talentsafari,2026-07-17
ashby,"Talkdesk",talkdesk,2026-07-17
ashby,"Talkiatry",talkiatry,2026-07-17
ashby,"Talos",talos-trading,2026-07-17
ashby,"Tamarind Bio",tamarindbio,2026-07-17
ashby,"Tamr",tamr,2026-07-17
ashby,"Tandem Health",tandem-health,2026-07-17
ashby,"Tango",tango,2026-07-17
ashby,"TapBlaze",tapblaze,2026-07-17
ashby,"Tapcart Inc.",tapcart,2026-07-17
ashby,"Tapcheck",tapcheck,2026-07-17
ashby,"Taptap Send",taptapsend,2026-07-17
ashby,"TARGAN",targan,2026-07-17
ashby,"Tarro",tarro,2026-07-17
ashby,"Tasman Analytics",tasman,2026-07-17
ashby,"Tava Health",tavahealth,2026-07-17
ashby,"Tavily",tavily,2026-07-17
ashby,"Tavus",tavus,2026-07-17
ashby,"Teal Health",teal-health,2026-07-17
ashby,"Teal HQ",tealhq,2026-07-17
ashby,"Teambridge",teambridge,2026-07-17
ashby,"TeamDynamix",teamdynamix,2026-07-17
ashby,"Teamworks",teamworks,2026-07-17
ashby,"Tebi",tebi,2026-07-17
ashby,"Technitask",technitask,2026-07-17
ashby,"Techtorch",techtorch,2026-07-17
ashby,"Tekion",tekion,2026-07-17
ashby,"Teleport",goteleport,2026-07-17
ashby,"telli",telli,2026-07-17
ashby,"Tellos, Inc.",tellos,2026-07-17
ashby,"tem",tem,2026-07-17
ashby,"Tempo",tempo,2026-07-17
ashby,"Tempo",tempo-xyz,2026-07-17
ashby,"Temporal Technologies",temporal,2026-07-17
ashby,"Tenex",tenexlabs,2026-07-17
ashby,"TENEX.AI",tenex,2026-07-17
ashby,"Tenjin",tenjin,2026-07-17
ashby,"Tennr",tennr,2026-07-17
ashby,"Tenor",tenor,2026-07-17
ashby,"TensorWave",tensorwave,2026-07-17
ashby,"TensorZero",tensorzero,2026-07-17
ashby,"Terac",terac,2026-07-17
ashby,"Teraswitch",teraswitch,2026-07-17
ashby,"Terminal",terminal,2026-07-17
ashby,"Tern Travel",tern,2026-07-17
ashby,"TERRA",terra,2026-07-17
ashby,"Terra AI",terraai,2026-07-17
ashby,"TerraFirma Robotics",terrafirma,2026-07-17
ashby,"Terranova",terranova,2026-07-17
ashby,"Terrarium",terrarium,2026-07-17
ashby,"Tessera Labs",tessera-labs,2026-07-17
ashby,"Tessl",tesslcareers,2026-07-17
ashby,"TestGorilla",testgorilla,2026-07-17
ashby,"Tetrix",tetrix,2026-07-17
ashby,"Textio",textio,2026-07-17
ashby,"Teya",teya,2026-07-17
ashby,"Teza Technologies",teza-technologies,2026-07-17
ashby,"That 1 Detailer",that1detailer,2026-07-17
ashby,"thatgamecompany",thatgamecompany,2026-07-17
ashby,"The Agile Monkeys",theam,2026-07-17
ashby,"The American Housing Corporation",american-housing,2026-07-12
ashby,"The Bot Company",thebotcompany,2026-07-17
ashby,"The Deep View",tdv,2026-07-17
ashby,"The Exploration Company",the-exploration-company,2026-07-17
ashby,"The Flex",the-flex,2026-07-17
ashby,"The Flex",theflex,2026-07-17
ashby,"The General Intelligence Company of New York",generalintelligencecompany,2026-07-17
ashby,"The Generalist Company Ltd",tgc,2026-07-17
ashby,"The Global Talent Co.",the-global-talent-co,2026-07-17
ashby,"The Learning Spectrum",the-learning-spectrum,2026-07-17
ashby,"The Lumber Manufactory",lumbermanufactory,2026-07-17
ashby,"The Mind Company",themindcompany,2026-07-17
ashby,"The Mobile-First Company",mobilefirst,2026-07-17
ashby,"The Path",pathos,2026-07-17
ashby,"The Pinnacle School",the-pinnacle-school,2026-07-17
ashby,"Thera",thera,2026-07-17
ashby,"The Robot Learning Company",robot-learning-co,2026-07-17
ashby,"The San Francisco Compute Company",sfcompute,2026-07-17
ashby,"Thesis Inc.",thesis,2026-07-17
ashby,"The Spire School",the-spire-school,2026-07-17
ashby,"The Utopia Venture Platform",the-studio,2026-07-17
ashby,"The Virga Law Firm",the-virga-law-firm,2026-07-17
ashby,"The Voleon Group",voleon,2026-07-17
ashby,"The WFS Group",thewfsgroup,2026-07-17
ashby,"TheyDo",theydo,2026-07-17
ashby,"Thinkific",thinkific,2026-07-17
ashby,"Third Space",third-space-therapy,2026-07-17
ashby,"Thndr",thndr,2026-07-17
ashby,"Thorit",thorit,2026-07-17
ashby,"Thought Machine",thought-machine,2026-07-17
ashby,"Thread AI",thread-ai,2026-07-17
ashby,"Thrill Labs",thrill-labs,2026-07-17
ashby,"Thumbtack",thumbtack,2026-07-17
ashby,"Tides Network",tides,2026-07-17
ashby,"Tiger",tiger,2026-07-17
ashby,"Tiger Data",tigerdata,2026-07-17
ashby,"Tight",tight,2026-07-17
ashby,"Tilde Research",tilderesearch,2026-07-17
ashby,"Tillster",tillster,2026-07-17
ashby,"Tilt",tilt,2026-07-17
ashby,"Tilt Finance",tilthq,2026-07-17
ashby,"Timely",timely,2026-07-17
ashby,"Tin Can",tin-can,2026-07-17
ashby,"Titan",titan,2026-07-17
ashby,"Titan",titan-msp,2026-07-17
ashby,"tldraw",tldraw,2026-07-17
ashby,"todyl",todyl,2026-07-17
ashby,"Token Terminal",tokenterminal,2026-07-17
ashby,"Toku",toku,2026-07-17
ashby,"Tolan",tolan,2026-07-17
ashby,"Toma",toma,2026-07-17
ashby,"Tomo Mortgage",tomo,2026-07-17
ashby,"TOMS",toms,2026-07-17
ashby,"Tonal",tonal,2026-07-17
ashby,"tonies",tonies,2026-07-17
ashby,"Tooploox",tooploox,2026-07-17
ashby,"Top Hat",top-hat,2026-07-17
ashby,"Topline Pro",topline-pro,2026-07-17
ashby,"TORTUS",tortus,2026-07-17
ashby,"Town.com, Inc.",town,2026-07-17
ashby,"Traba",traba,2026-07-17
ashby,"Tracebit",tracebit,2026-07-17
ashby,"Tracer Cloud Inc",tracer,2026-07-17
ashby,"Traction Wellness Group",traction-wellness-group,2026-07-17
ashby,"Tradeify",tradeify,2026-07-17
ashby,"Trading212",trading212,2026-07-17
ashby,"TradingHub",tradinghub,2026-07-17
ashby,"Trainline",trainline,2026-07-17
ashby,"Trajectory",trajectory,2026-07-17
ashby,"Transform",transform,2026-07-17
ashby,"Transfr",transfr,2026-07-17
ashby,"TransGrid Energy",transgrid-energy,2026-07-17
ashby,"Traversal",traversal,2026-07-17
ashby,"Traverse",traverse,2026-07-17
ashby,"Tread",tread,2026-07-17
ashby,"Treefera",treefera,2026-07-17
ashby,"Trellis Technologies",savvyinsurance-trellis,2026-07-17
ashby,"Tremendous",tremendous,2026-07-17
ashby,"Trenchant",trenchant,2026-07-17
ashby,"TrendMD",trendmd,2026-07-17
ashby,"Trengo",careerstrengo,2026-07-17
ashby,"TriEdge Investments",triedge-investments,2026-07-17
ashby,"Trig",trig,2026-07-17
ashby,"Trilitech",trilitech,2026-07-17
ashby,"TripActions",tripactions,2026-07-17
ashby,"TRM Labs",trm-labs,2026-07-17
ashby,"Trove",trove,2026-07-17
ashby,"Trovy",trovy,2026-07-17
ashby,"TruckSmarter",trucksmarter,2026-07-17
ashby,"Truelogic",truelogic,2026-07-17
ashby,"Truemed",truemed,2026-07-17
ashby,"Trulioo",trulioo,2026-07-17
ashby,"Trust Wallet",trust-wallet,2026-07-17
ashby,"Truvo",truvo,2026-07-17
ashby,"Tryp",tryp,2026-07-17
ashby,"turbopuffer",turbopuffer,2026-07-17
ashby,"Turnkey",turnkey,2026-07-17
ashby,"Turnstile",turnstile,2026-07-17
ashby,"Turquoise",turquoise-health,2026-07-17
ashby,"Twelve",twelve,2026-07-17
ashby,"TwelveLabs",twelve-labs,2026-07-17
ashby,"Twenty",twenty,2026-07-17
ashby,"TwentyFour Industries",twentyfour-industries,2026-07-17
ashby,"Twin Prime",stream-ai,2026-07-17
ashby,"Two Dots",two-dots,2026-07-17
ashby,"TwoStep Therapeutics",twosteptx,2026-07-17
ashby,"Tyba",tyba,2026-07-17
ashby,"Uberall",uberall,2026-07-17
ashby,"UDisc",udisc,2026-07-17
ashby,"UHP (Unlock Human Potential)",uhp-unlockhumanpotential,2026-07-17
ashby,"UiPath",uipath,2026-07-17
ashby,"Ultralytics",ultralytics,2026-07-17
ashby,"Ultra Pouches",ultra,2026-07-17
ashby,"Umbrel",umbrel,2026-07-17
ashby,"Unblocked",unblocked,2026-07-17
ashby,"Uncountable Inc.",uncountable,2026-07-17
ashby,"UniCourt Inc",unicourt,2026-07-17
ashby,"Unify",unify,2026-07-17
ashby,"Union.ai",union,2026-07-17
ashby,"Union Technologies",union-tech,2026-07-17
ashby,"Uniswap Labs",uniswap,2026-07-17
ashby,"Unit",unit,2026-07-17
ashby,"Unit 410, LLC",unit410,2026-07-17
ashby,"Unity Advisory",unity-advisory,2026-07-17
ashby,"Unlearn",unlearn,2026-07-17
ashby,"UnlikelyAI",unlikelyai,2026-07-17
ashby,"Unlimited",unlimitedindustries,2026-07-17
ashby,"Unstructured Technologies Inc.",unstructured,2026-07-17
ashby,"Unto Labs",unto-labs,2026-07-17
ashby,"Unwrap",unwrap,2026-07-17
ashby,"Upchurch",upchurch,2026-07-17
ashby,"UpCodes",upcodes,2026-07-17
ashby,"UpGuard Inc.",upguard,2026-07-17
ashby,"Uplane",uplane,2026-07-17
ashby,"Upside",upside,2026-07-17
ashby,"Upside",upside-tech,2026-07-17
ashby,"UptimeAI",uptimeai,2026-07-17
ashby,"Upvest",upvest,2026-07-17
ashby,"Usul",usul,2026-07-17
ashby,"Valence",jobs-valence,2026-07-17
ashby,"Valence Discovery",valence,2026-07-17
ashby,"Valency Systems Inc.",valency,2026-07-17
ashby,"Valerie Health",valeriehealth,2026-07-17
ashby,"Valinor Enterprises, Inc.",valinor,2026-07-17
ashby,"Valkai",valkai,2026-07-17
ashby,"Valon Mortgage",valonvm,2026-07-17
ashby,"Valon Tech",valon,2026-07-17
ashby,"van den Boom & Associates",vandenboomassociates,2026-07-17
ashby,"Vanilla Technologies",vanilla,2026-07-17
ashby,"Vanta",vanta,2026-07-17
ashby,"Vantage",vantage,2026-07-17
ashby,"Vantage",vantageanalytics,2026-07-17
ashby,"Vapi",vapi,2026-07-17
ashby,"Vast",vast,2026-07-17
ashby,"Vaulted Deep",vaulted-deep,2026-07-17
ashby,"vCluster Labs",vcluster,2026-07-17
ashby,"VEA Connect",vea-connect,2026-07-17
ashby,"Vector",vector,2026-07-17
ashby,"Vega",vega,2026-07-17
ashby,"Veliu",veliu,2026-07-17
ashby,"Vellum",vellum,2026-07-17
ashby,"Velocity",velocity,2026-07-17
ashby,"Velotio",velotio,2026-07-17
ashby,"Vendelux",vendelux,2026-07-17
ashby,"Venn",venn,2026-07-17
ashby,"Venti Technologies",goventi,2026-07-17
ashby,"Vercel",vercel,2026-07-17
ashby,"Verge Genomics",verge-genomics,2026-07-17
ashby,"Verisoul",verisoul,2026-07-17
ashby,"Verkada (Lever)",verkada,2026-07-17
ashby,"Verse Medical",versemedical,2026-07-17
ashby,"Vertical Aerospace",vertical-aerospace,2026-07-17
ashby,"Vertice",vertice,2026-07-17
ashby,"Verto",verto,2026-07-17
ashby,"Vesta Innovations Inc.",vesta,2026-07-17
ashby,"Vetcove",vetcove,2026-07-17
ashby,"Vibe",vibe,2026-07-17
ashby,"VibeCode",vibecode,2026-07-17
ashby,"Victorious",victorious,2026-07-17
ashby,"Videowise",videowise,2026-07-17
ashby,"Viessmann Generations Group",viessmann,2026-07-17
ashby,"Viggle AI",viggle,2026-07-17
ashby,"Vigil Markets",vigil-markets,2026-07-17
ashby,"Viktor",viktor,2026-07-17
ashby,"Vinci4d",vinci4d,2026-07-17
ashby,"Vio",vio,2026-07-17
ashby,"VIOLET",violet,2026-07-17
ashby,"Virta Health",virtahealth,2026-07-17
ashby,"Virtuous",virtuous,2026-07-17
ashby,"Vistar Media",vistar,2026-07-17
ashby,"Visualis LLC",visualis-llc,2026-07-17
ashby,"Vitalize",vitalize,2026-07-17
ashby,"Vitally",vitally,2026-07-17
ashby,"Vital Lyfe",vital-lyfe,2026-07-17
ashby,"VITL",vitl,2026-07-17
ashby,"VitVio",vitvio,2026-07-17
ashby,"Vivid",vivid,2026-07-17
ashby,"Vivun Inc.",vivun,2026-07-17
ashby,"Vizcom",vizcom,2026-07-17
ashby,"Vizzia",vizzia,2026-07-17
ashby,"VLogic",vlogic,2026-07-17
ashby,"Vogel",vogel,2026-07-17
ashby,"Voicemod",voicemod,2026-07-17
ashby,"voize",voize,2026-07-17
ashby,"Vola Dynamics",voladynamics,2026-07-17
ashby,"Voldex Games",voldex,2026-07-17
ashby,"Voltrac S.L.",voltrac,2026-07-17
ashby,"Voodoo",voodoo,2026-07-17
ashby,"Vooma",vooma,2026-07-17
ashby,"Vori",vori,2026-07-17
ashby,"Vorticity Inc.",vorticity,2026-07-17
ashby,"Vorto",vorto,2026-07-17
ashby,"Vow",vow,2026-07-17
ashby,"Voxel",voxel,2026-07-17
ashby,"Voyant Photonics",voyant-photonics,2026-07-17
ashby,"Voyfai",voyfai,2026-07-17
ashby,"VREY",vrey,2026-07-17
ashby,"Vultr",vultr,2026-07-17
ashby,"Vyn",vyn,2026-07-17
ashby,"Vynca",vynca,2026-07-17
ashby,"Wabi, Inc.",wabi,2026-07-17
ashby,"Wagmo",wagmo,2026-07-17
ashby,"Walrus",walrusfi,2026-07-17
ashby,"Walrus Foundation",walrus,2026-07-17
ashby,"Warp",warp,2026-07-17
ashby,"Watershed",watershed,2026-07-17
ashby,"Watney Robotics",watneyrobotics,2026-07-17
ashby,"Wayflyer",wayflyer,2026-07-17
ashby,"Wealthsimple Technologies",wealthsimple,2026-07-17
ashby,"Weave",weave,2026-07-17
ashby,"webAI",webai,2026-07-17
ashby,"Weekend",weekend,2026-07-17
ashby,"Welltech",welltech,2026-07-17
ashby,"Wellth",wellth,2026-07-17
ashby,"Wemolo",wemolo,2026-07-17
ashby,"WeTravel",wetravel,2026-07-17
ashby,"what3words",what3words,2026-07-17
ashby,"Whatnot",whatnot,2026-07-17
ashby,"Wheel",wheel,2026-07-17
ashby,"Whippy",whippy,2026-07-17
ashby,"Whisk",whisk,2026-07-17
ashby,"Whoop",whoop,2026-07-17
ashby,"Willow Health",willow-health,2026-07-17
ashby,"WilsonAI",wilson,2026-07-17
ashby,"Wincent",wincent,2026-07-17
ashby,"Windmill",windmill,2026-07-17
ashby,"Windranger Labs",windranger,2026-07-17
ashby,"Winona",winona,2026-07-17
ashby,"WireScreen",wirescreen,2026-07-17
ashby,"Wisdom",withwisdom,2026-07-17
ashby,"Wisp",wisp,2026-07-17
ashby,"Wispr Flow",wispr-flow,2026-07-17
ashby,"Wissen",wissen,2026-07-17
ashby,"Wistia",wistia,2026-07-17
ashby,"withco",withco,2026-07-17
ashby,"Witness AI",witnessai,2026-07-17
ashby,"Wiz",wiz,2026-07-17
ashby,"WJB",wjb,2026-07-17
ashby,"Woflow",woflow,2026-07-17
ashby,"Wokelo AI",wokelo-ai,2026-07-17
ashby,"Wolfjaw Studios",wolfjaw-careers,2026-07-17
ashby,"Woodhouse Academy",woodhouse-academy,2026-07-17
ashby,"Wordsmith AI",wordsmith,2026-07-17
ashby,"WORKERBASE",workerbase,2026-07-17
ashby,"WorkOS",workos,2026-07-17
ashby,"WorkWhile",workwhilejobs,2026-07-17
ashby,"Workyard",workyard,2026-07-17
ashby,"Worldly",worldly,2026-07-17
ashby,"Wormhole Labs",wormholelabs,2026-07-17
ashby,"Wraithwatch Corporation",wraithwatch,2026-07-17
ashby,"Wrapbook",wrapbook,2026-07-17
ashby,"WRITER",writer,2026-07-17
ashby,"WunderGraph, Inc.",wundergraph,2026-07-17
ashby,"Wynd Labs",wynd-labs,2026-07-17
ashby,"XBOW",xbowcareers,2026-07-17
ashby,"XDOF",xdof,2026-07-17
ashby,"XDS",xds,2026-07-17
ashby,"Xenon Pharmaceuticals",xenon,2026-07-17
ashby,"Xephyr",xephyr,2026-07-17
ashby,"Xero",xero,2026-07-17
ashby,"xLabs",xlabs,2026-07-17
ashby,"Xyme",xyme,2026-07-17
ashby,"XYZ Reality",xyz-reality,2026-07-17
ashby,"Yazio",yazio,2026-07-17
ashby,"Y Combinator",ycombinator,2026-07-17
ashby,"yeet",yeet,2026-07-17
ashby,"Yendo",yendo,2026-07-17
ashby,"Yepoda",yepoda,2026-07-17
ashby,"Yobi",yobi,2026-07-17
ashby,"Yondr",yondr,2026-07-17
ashby,"Yotta Labs",yotta,2026-07-17
ashby,"You Health",you-health,2026-07-17
ashby,"Yovo",yovo,2026-07-17
ashby,"Yuma AI",yumaai,2026-07-17
ashby,"Yutori",yutori,2026-07-17
ashby,"Zania",zania,2026-07-17
ashby,"Zapier",zapier,2026-07-17
ashby,"ZayZoon",zayzoon,2026-07-17
ashby,"Zed",zed,2026-07-17
ashby,"Zefir",zefir,2026-07-17
ashby,"Zefr",zefr,2026-07-17
ashby,"Zello",zello,2026-07-17
ashby,"Zencastr",zencastr,2026-07-17
ashby,"Zenjob",zenjob,2026-07-17
ashby,"Zeno",zeno,2026-07-17
ashby,"Zeromark",zeromark,2026-07-17
ashby,"Zero RFI",zero,2026-07-17
ashby,"ZeroRFI",zerorfi,2026-07-17
ashby,"Zettabyte",zettabyte-space,2026-07-17
ashby,"Ziina",ziina,2026-07-17
ashby,"Zilch",zilch,2026-07-17
ashby,"Zip",zip,2026-07-17
ashby,"Ziplines, Inc.",ziplines,2026-07-17
ashby,"Zippy",zippymh,2026-07-17
ashby,"ZnanyLekarz",znanylekarz,2026-07-17
ashby,"ZODL",zodl,2026-07-17
ashby,"ZOE",zoe,2026-07-17
ashby,"Zowie",zowie,2026-07-17
ashby,"ZURU",zuru,2026-07-17
ashby,"Zyphra",zyphra,2026-07-17
greenhouse,"10a Labs",10alabs,2026-07-17
greenhouse,"10Pearls - UK",10pearlsuk,2026-07-17
greenhouse,"10x Genomics",10xgenomics,2026-07-17
greenhouse,"12twenty",12twenty,2026-07-17
greenhouse,"143 Studios LLC",143studiosinc,2026-07-17
greenhouse,"1-800 Contacts",1800contacts,2026-07-17
greenhouse,"1-800-GOT-JUNK?",1800gotjunk,2026-07-17
greenhouse,"1912",1912,2026-08-01
greenhouse,"21Shares",21shares,2026-07-17
greenhouse,"2K",2k,2026-07-17
greenhouse,"2U",2u,2026-07-17
greenhouse,"31st Union",31stunion,2026-07-17
greenhouse,"3Cloud",3cloud,2026-07-17
greenhouse,"3Cloud - Client Interviews",client,2026-08-01
greenhouse,"3 Day Blinds (Sales)",3dayblindssales,2026-07-17
greenhouse,"3MG Roofing & Solar",3mgroofing,2026-07-17
greenhouse,"3Red Partners",3redpartners,2026-07-17
greenhouse,"5280",5280,2026-08-01
greenhouse,"5minlab",5minlab,2026-07-17
greenhouse,"5WPR",5wpr,2026-07-17
greenhouse,"66degrees",66degrees,2026-07-17
greenhouse,"6sense",6sense,2026-07-17
greenhouse,"7shifts",7shifts,2026-07-17
greenhouse,"8451",8451,2026-08-01
greenhouse,"84.51° University Programs / Early Career Paths",8451university,2026-07-17
greenhouse,"86 Repairs",86repairs,2026-07-17
greenhouse,"8am",affinipay1,2026-07-17
greenhouse,"8AM Golf",8amgolf,2026-07-17
greenhouse,"8th Light",8thlightrebuild,2026-07-17
greenhouse,"A11",projectaservicesgmbhcokg,2026-07-17
greenhouse,"a16z",a16z,2026-08-01
greenhouse,"a16z crypto portfolio",a16zcryptoteam,2026-07-17
greenhouse,"A24",a24,2026-08-01
greenhouse,"AAVAA",aavaa,2026-07-17
greenhouse,"ABACUS",abacus,2026-08-01
greenhouse,"Abacus Insights",abacusinsights,2026-07-17
greenhouse,"Abaka AI",abakaai,2026-07-17
greenhouse,"Abarca Health",abarca,2026-08-01
greenhouse,"ABBYY",abbyy,2026-07-17
greenhouse,"AbCellera",abcellera,2026-07-17
greenhouse,"ABC Legal Services",abclegalservices,2026-08-01
greenhouse,"Able",able,2026-08-01
greenhouse,"Abnormal",abnormalsecurity,2026-08-01
greenhouse,"Abricare, Inc.",abricareinc,2026-08-01
greenhouse,"Absher Construction",absherconstruction,2026-08-01
greenhouse,"Absolics Inc",absolicsinc,2026-08-01
greenhouse,"Absurd Ventures",absurdventures,2026-08-01
greenhouse,"Acacia Animal Hospital - Pompano Beach",acaciavpp,2026-08-01
greenhouse,"Academy with Community Partners",acp,2026-07-17
greenhouse,"Acadia Pharmaceuticals Inc.",acadiapharmaceuticals,2026-07-17
greenhouse,"ACCA",acca,2026-08-01
greenhouse,"Accela",accela,2026-07-17
greenhouse,"Acceleration Partners",accelerationpartners,2026-08-01
greenhouse,"ACCEL Schools",accelschools,2026-07-17
greenhouse,"ACCEL Schools Internal",accelschoolsinternal,2026-07-17
greenhouse,"Accenture Federal Services",accenturefederalservices,2026-07-17
greenhouse,"Accenture Federal Services Careers Marketplace",afscareersmarketplace,2026-07-17
greenhouse,"accessiBe",accessibe,2026-08-01
greenhouse,"accesso",accesso,2026-07-17
greenhouse,"Access Systems - Operations & Service",accesssystemsserviceops,2026-08-01
greenhouse,"Access Systems - Sales & Administration",accesssystemsadminsales,2026-08-01
greenhouse,"Accordion",accordion,2026-07-17
greenhouse,"AccountsIQ",accountsiq,2026-08-01
greenhouse,"Accrue",accrue,2026-07-17
greenhouse,"AccuWeather Careers",accuweather,2026-07-17
greenhouse,"Achievement First Network Support",achievementfirstnetworksupportcareers,2026-08-01
greenhouse,"ACI Learning",acilearning,2026-07-17
greenhouse,"Ackermann Group",ackermanngroup,2026-08-01
greenhouse,"ACLU - Internships",acluinternships,2026-07-17
greenhouse,"ACLU - National Office",aclu,2026-07-17
greenhouse,"aCommerce",acommerce,2026-07-17
greenhouse,"A&C Plastics",acplastics,2026-08-01
greenhouse,"Acquia",acquia,2026-07-17
greenhouse,"Acrisure Innovation",acrisureinnovation,2026-07-17
greenhouse,"ActBlue",actblue,2026-08-01
greenhouse,"Action Garage Doors",action,2026-08-01
greenhouse,"ACT Power Services",actpowerservices,2026-08-01
greenhouse,"AcuityMD",acuitymd,2026-08-01
greenhouse,"Acumen",acumen,2026-07-17
greenhouse,"Acurus Solutions Private Limited",acurussolutions,2026-07-17
greenhouse,"AcuTech Group, Inc.",acutechgroupinc,2026-07-17
greenhouse,"Ada",ada18,2026-07-17
greenhouse,"Ada Health GmbH",adahealth,2026-07-17
greenhouse,"adam&eveDDB New York",adamevenyc,2026-07-17
greenhouse,"Adaptive Financial Consulting",adaptivefinancialconsulting,2026-07-17
greenhouse,"Adaptive Surface Technologies",ast,2026-08-01
greenhouse,"Adaugeo Healthcare Solutions",adaugeohealthcare,2026-08-01
greenhouse,"Addepar",addepar1,2026-07-17
greenhouse,"Adelphi Research",adelphiresearch,2026-08-01
greenhouse,"ADESA",adesa,2026-08-01
greenhouse,"ADF International",adfinternational,2026-07-17
greenhouse,"Ad Lightning",adlightning,2026-08-01
greenhouse,"Admios Jobs",admios,2026-07-17
greenhouse,"Adswerve, Inc",adswerveinc,2026-07-17
greenhouse,"Advanced Dermatology and Skin Cancer Center",advancedderm,2026-08-01
greenhouse,"AdvancedMD",advancedmd,2026-08-01
greenhouse,"Advanced Space",advancedspace,2026-07-17
greenhouse,"Advanced Technology Services",advancedtechnologyservices,2026-08-01
greenhouse,"Advocate Construction",advocateconstruction,2026-08-01
greenhouse,"Adyen",adyen,2026-07-17
greenhouse,"AEC",aec,2026-08-01
greenhouse,"Aechelon Technology",aechelontechnology,2026-07-17
greenhouse,"Aegis Ventures",aegisventures,2026-07-17
greenhouse,"AEG Worldwide",aegworldwide,2026-08-01
greenhouse,"Aer Lingus Technology Recruitment",aerlingus,2026-08-01
greenhouse,"Aerospike",aerospike,2026-07-17
greenhouse,"AE Studio",aestudio,2026-07-17
greenhouse,"AEVEX",aevexaerospace,2026-08-01
greenhouse,"Affect",joinaffect,2026-07-17
greenhouse,"Affinidi",affinidi,2026-07-17
greenhouse,"AffiniPay",affinipay,2026-08-01
greenhouse,"Affinity.co",affinity,2026-07-17
greenhouse,"Affirm",affirm,2026-07-17
greenhouse,"AffirmedRx, PBC",affirmedrxpbc,2026-07-17
greenhouse,"Afresh",afresh,2026-07-17
greenhouse,"AfterShip",aftership,2026-08-01
greenhouse,"AG1",ag1,2026-07-17
greenhouse,"Age Bold",agebold,2026-07-17
greenhouse,"Agero",agero,2026-08-01
greenhouse,"AGE Solutions",agecareers,2026-07-17
greenhouse,"Agilisys",agilisys,2026-07-17
greenhouse,"Agility Robotics",agilityrobotics,2026-08-01
greenhouse,"Agilize",agilize,2026-07-17
greenhouse,"Agilysys",agilysys,2026-08-01
greenhouse,"Agoda",agoda,2026-07-17
greenhouse,"Agoda Sandbox",agodasandbox,2026-07-17
greenhouse,"AgWest Farm Credit",agwestfarmcredit,2026-08-01
greenhouse,"Ahrefs",ahrefsjobs,2026-07-17
greenhouse,"AI Alignment Foundation (AIAF)",aiaf,2026-08-01
greenhouse,"AIC Toronto @ Samsung Research America",saictoronto,2026-07-17
greenhouse,"AIFT",aift,2026-07-17
greenhouse,"Aimé Leon Dore",aimeleondore,2026-08-01
greenhouse,"Airbnb",airbnb,2026-07-17
greenhouse,"Airia",airia,2026-07-17
greenhouse,"Air North",airnorth,2026-08-01
greenhouse,"AirSculpt",airsculpt,2026-08-01
greenhouse,"Airship",airship,2026-07-17
greenhouse,"Airspace",airspace,2026-07-17
greenhouse,"Airtable",airtable,2026-07-17
greenhouse,"AirTrunk",airtrunk,2026-07-17
greenhouse,"Airwave",airwave,2026-08-01
greenhouse,"AI Security Institute",aisi,2026-08-01
greenhouse,"Aisera",aiserajobs,2026-07-17
greenhouse,"AI Squared",aisquared,2026-07-17
greenhouse,"Aiven",aiven36,2026-08-01
greenhouse,"Aker Systems",akersystems,2026-07-17
greenhouse,"Akido",akidolabs,2026-07-17
greenhouse,"AKKO",akko,2026-07-17
greenhouse,"Akoya",akoya,2026-08-01
greenhouse,"AKQA",akqa,2026-08-01
greenhouse,"AKQA Leap",leap,2026-07-17
greenhouse,"AKS Engineering & Forestry, LLC",aksengineeringforestryllc,2026-08-01
greenhouse,"Aktos",applytoaktos,2026-07-17
greenhouse,"Akuity",akuity,2026-07-17
greenhouse,"Akuna Capital",akunacapital,2026-08-01
greenhouse,"Akuna Capital Options Trading 201 Course",optionstrading201course,2026-07-17
greenhouse,"Alabama Title Loans, Inc",alabamatitleloansinc,2026-08-01
greenhouse,"Alamar Biosciences",alamarbiosciences,2026-07-17
greenhouse,"Alarm.com",alarmcom,2026-07-17
greenhouse,"AlayaCare",alayacare,2026-08-01
greenhouse,"Albedo",albedo,2026-07-17
greenhouse,"alby",alby,2026-08-01
greenhouse,"Alchemer",alchemer,2026-08-01
greenhouse,"AlertMedia",alertmedia,2026-07-17
greenhouse,"Alethea",alethea,2026-07-17
greenhouse,"Alexander Shunnarah Trial Attorneys",shunnarahcareers,2026-07-17
greenhouse,"Algolia",algolia,2026-07-17
greenhouse,"AlgoQuant",algoquant,2026-07-17
greenhouse,"Align Communications",align46,2026-07-17
greenhouse,"Aligned",aligned,2026-08-01
greenhouse,"A-LIGN External",align,2026-08-01
greenhouse,"AlixPartners",alixpartners,2026-07-17
greenhouse,"ALKU",alku,2026-08-01
greenhouse,"Allbirds",allbirds,2026-08-01
greenhouse,"Allbirds Retail",allbirdsretail,2026-08-01
greenhouse,"Allegro",allegro,2026-08-01
greenhouse,"Allen Control Systems",allencontrolsystems,2026-07-17
greenhouse,"Allen Integrated Solutions",allenintegratedsolutions,2026-08-01
greenhouse,"Alliance",alliance,2026-07-17
greenhouse,"Alliance Defending Freedom",alliancedefendingfreedom,2026-07-17
greenhouse,"Allied Mechanical",allied,2026-08-01
greenhouse,"Alloy",alloy,2026-08-01
greenhouse,"Ally Behavior Centers",allybehaviorcenters,2026-08-01
greenhouse,"Alma",alma,2026-07-17
greenhouse,"Alma",alma31,2026-07-17
greenhouse,"ALO",aloyoga,2026-07-17
greenhouse,"Alpaca",alpaca,2026-07-17
greenhouse,"Alpha Asset & Wealth Management Consulting - Early Careers Opportunities",alphaawmnaearlycareers,2026-08-01
greenhouse,"Alpha Financial Markets Consulting",alphafmcroles,2026-07-17
greenhouse,"Alpha Financial Markets Consulting - Early Careers",alphafmcrolesearlycareers,2026-07-17
greenhouse,"Alpha FMC - Asset and Wealth Management Consulting - Europe",alphaawmeur,2026-07-17
greenhouse,"Alpha FMC - Insurance Consulting",insurance,2026-07-17
greenhouse,"Alpha FMC - UK",alphafmc,2026-07-17
greenhouse,"AlphaGrep Securities",alphagrepsecurities,2026-07-17
greenhouse,"Alphalion",alphalion,2026-07-17
greenhouse,"AlphaSense",alphasense,2026-07-17
greenhouse,"AlphaSense India",alphasenseindia,2026-07-17
greenhouse,"AlphaSights",alphasights,2026-08-01
greenhouse,"AlphaSights Campus Recruiting",alphasightsresumedrop,2026-08-01
greenhouse,"Alpine Internships",alpineinternships,2026-08-01
greenhouse,"Alpine Investors",alpineinvestors,2026-07-17
greenhouse,"Alt",alt,2026-07-17
greenhouse,"Altamira for freelancers",altamirafreelance,2026-07-17
greenhouse,"Altana",altanaai,2026-07-17
greenhouse,"ALTEN Technology USA",altentechnologyusa,2026-07-17
greenhouse,"Altium",altium,2026-07-17
greenhouse,"Altos Labs",altoslabs,2026-07-17
greenhouse,"Altruist",altruist,2026-07-17
greenhouse,"AltScore",altscore,2026-07-17
greenhouse,"ALU",alu,2026-07-17
greenhouse,"Alumni Ventures",alumniventures,2026-07-17
greenhouse,"Alveole",alveole,2026-08-01
greenhouse,"Alvys",alvys,2026-07-17
greenhouse,"ALX Africa",alxafrica,2026-07-17
greenhouse,"Alzheimer's Disease Data Initiative",addatainitiative,2026-07-17
greenhouse,"Amae Health",amaehealth,2026-07-17
greenhouse,"AMAROK",amarok,2026-08-01
greenhouse,"AM Batteries",amb,2026-08-01
greenhouse,"Ambient Enterprises",ambiententerprises,2026-07-17
greenhouse,"Amca",amca,2026-07-17
greenhouse,"AMEND Consulting",amendconsulting,2026-07-17
greenhouse,"Amenitiz",amenitiz,2026-08-01
greenhouse,"American Capital Group",americancapitalgroup,2026-08-01
greenhouse,"American College of Obstetricians and Gynecologists",acog,2026-07-17
greenhouse,"American Institute",americaninstitute,2026-07-17
greenhouse,"American Institutes for Research",americaninstitutesforresearch,2026-08-01
greenhouse,"American Marketing Association",americanmarketingassociation,2026-07-17
greenhouse,"American Museum of Natural History",amnh,2026-08-01
greenhouse,"American Quick Lube",aql,2026-08-01
greenhouse,"AMMEX Corporation",ammexcorporation,2026-07-17
greenhouse,"Amoria Group",amoriabond,2026-07-17
greenhouse,"Amperity",amperity,2026-08-01
greenhouse,"Amplemarket",amplemarket,2026-08-01
greenhouse,"Amplitude",amplitude,2026-07-17
greenhouse,"Amtech Software",amtechsoftware,2026-08-01
greenhouse,"Amwell",amwell,2026-08-01
greenhouse,"Amwins Global Risks",agr,2026-08-01
greenhouse,"Amylyx Pharmaceuticals",amylyx,2026-08-01
greenhouse,"Anaplan",anaplan,2026-07-17
greenhouse,"Anchanto",anchanto,2026-07-17
greenhouse,"Anchor Health CT",anchorhealthct,2026-08-01
greenhouse,"Andesite",andesite,2026-07-17
greenhouse,"Android @ ecobee",android,2026-08-01
greenhouse,"Anduril Industries",andurilindustries,2026-07-17
greenhouse,"Angel City",wfclainc,2026-08-01
greenhouse,"Animal Health Associates",aha,2026-08-01
greenhouse,"Animal Health Care Denver",denver,2026-08-01
greenhouse,"Animal Hospital of O'Fallon",ahof,2026-08-01
greenhouse,"AniMed Animal Hospital",animed,2026-08-01
greenhouse,"ANINE BING",aninebing,2026-07-17
greenhouse,"Anodize",anodize,2026-07-17
greenhouse,"Ansa",ansa,2026-08-01
greenhouse,"Antenna",antenna,2026-07-17
greenhouse,"Anteriad",anteriad,2026-07-17
greenhouse,"Anteris Technologies",anteristech,2026-08-01
greenhouse,"Antheia",antheia,2026-07-17
greenhouse,"Anthos Fund & Asset Management",afam,2026-08-01
greenhouse,"Anthropic",anthropic,2026-07-17
greenhouse,"Antigua Veterinary Practice",antigua,2026-08-01
greenhouse,"Antora Energy",antora,2026-07-17
greenhouse,"ANY",any,2026-08-01
greenhouse,"AnyDesk",anydesk,2026-08-01
greenhouse,"AnyMind Group",adasiaholdings,2026-08-01
greenhouse,"AOTI",aoti,2026-08-01
greenhouse,"Apaleo",apaleo,2026-08-01
greenhouse,"Apalon",apalon,2026-08-01
greenhouse,"Apartment Life",apartmentlife,2026-08-01
greenhouse,"Apera AI Inc",aperaaiinc,2026-07-17
greenhouse,"Aperia",aperiasolutions,2026-07-17
greenhouse,"Aperture Labs",aperture,2026-08-01
greenhouse,"Apex Companies",apexcompanies,2026-07-17
greenhouse,"Apex Companies - CSW",apexcompaniescsw,2026-08-01
greenhouse,"Apiiro",apiiro,2026-08-01
greenhouse,"apiphani",apiphani,2026-07-17
greenhouse,"A Plus Garage Doors - Utah",aputah,2026-08-01
greenhouse,"Apogee Therapeutics",apogeetherapeutics,2026-07-17
greenhouse,"Apollo Behavior",apollobehaviorservices,2026-08-01
greenhouse,"Apollo Education Systems",apollo,2026-08-01
greenhouse,"Apollo.io",apolloio,2026-07-17
greenhouse,"APPARATUS",apparatus,2026-08-01
greenhouse,"AppDirect",appdirect,2026-07-17
greenhouse,"Appfire",appfire,2026-08-01
greenhouse,"Appian Corporation",appian,2026-07-17
greenhouse,"Appier",appier,2026-07-17
greenhouse,"Appinio",appinio,2026-08-01
greenhouse,"AppleTree Prep",appletreeprep,2026-07-17
greenhouse,"Applicant Privacy Notice",apn,2026-08-01
greenhouse,"Applied Engineering",appliedengineering,2026-07-17
greenhouse,"Applied Intuition",appliedintuition,2026-07-17
greenhouse,"AppLovin",applovin,2026-07-17
greenhouse,"Appnext",appnext,2026-08-01
greenhouse,"Appnovation Technologies",appnovation,2026-07-17
greenhouse,"Appodeal",appodeal,2026-07-17
greenhouse,"AppOmni",appomni,2026-07-17
greenhouse,"Apprentice",apprentice,2026-08-01
greenhouse,"AppsFlyer",appsflyer,2026-08-01
greenhouse,"Appspace",appspace,2026-07-17
greenhouse,"Apptegy",apptegy,2026-08-01
greenhouse,"Apptronik",apptronik,2026-08-01
greenhouse,"AppViewX",appviewx,2026-07-17
greenhouse,"aPriori",apr,2026-08-01
greenhouse,"Aptos",aptoslabs,2026-07-17
greenhouse,"APT Research",aptportfolio,2026-07-17
greenhouse,"AQR India",india,2026-08-01
greenhouse,"Aquatic Capital Management",aquaticcapitalmanagement,2026-07-17
greenhouse,"Aquia",aquia,2026-07-17
greenhouse,"Arbital Health",arbitalhealth,2026-07-17
greenhouse,"Arcadia",arcadiacareers,2026-07-17
greenhouse,"Arcana Analytics",arcanaanalytics,2026-07-17
greenhouse,"Arc Boat Company",arcboatcompany,2026-07-17
greenhouse,"Arcellx",arcellx,2026-07-17
greenhouse,"Arcesium LLC",arcesiumllc,2026-07-17
greenhouse,"Archer",archer56,2026-07-17
greenhouse,"Archera",archera,2026-07-17
greenhouse,"Archer Veterinary Clinic",archer,2026-08-01
greenhouse,"Archipelago Analytics Inc.",onarchipelago,2026-07-17
greenhouse,"Archway Lawn Care",archway,2026-08-01
greenhouse,"Arc Institute",arcinstitute,2026-07-17
greenhouse,"Arco Educação",arcoeducacao,2026-07-17
greenhouse,"arculus",arculus,2026-08-01
greenhouse,"Ardent",ardentmc,2026-08-01
greenhouse,"Ariel Investments",arielinvestments,2026-08-01
greenhouse,"Arine",arine,2026-07-17
greenhouse,"Arize AI",arizeai,2026-07-17
greenhouse,"Arizona Commerce Authority",arizonacommerceauthority,2026-08-01
greenhouse,"Arizona Eye Institute & Cosmetic Laser Center",azeyeinstitute,2026-07-12
greenhouse,"Arkestro",arkestroinc,2026-07-17
greenhouse,"Arkose Labs",arkoselabs,2026-07-17
greenhouse,"Arkose Labs - India",arkoselabsindia,2026-07-17
greenhouse,"Ark Veterinary Hospital & Urgent Care",ark,2026-08-01
greenhouse,"Ark Workplace Risk",awr,2026-08-01
greenhouse,"Arlo Solutions LLC",arlosolutionsllc,2026-07-17
greenhouse,"Armada",armada,2026-07-17
greenhouse,"Armis Security",armissecurity,2026-07-17
greenhouse,"ArmorCode Inc.",armorcode,2026-08-01
greenhouse,"Armorous",armorous,2026-08-01
greenhouse,"ARMRA Colostrum",armracolostrum,2026-08-01
greenhouse,"Array",array,2026-08-01
greenhouse,"Array Education",arrayeducation,2026-07-17
greenhouse,"Artefact",artefact,2026-07-17
greenhouse,"Artefact US",artefactus,2026-08-01
greenhouse,"Article Group",articlegroup,2026-07-17
greenhouse,"Art of Problem Solving",artofproblemsolving,2026-08-01
greenhouse,"ArtStation",artstation,2026-08-01
greenhouse,"Asana",asana,2026-08-01
greenhouse,"Ascend",ascend21,2026-08-01
greenhouse,"Ascend Analytics",ascendanalytics,2026-07-17
greenhouse,"Ascend Healthcare",ascendhealthcare,2026-08-01
greenhouse,"Ascent Developer Solutions",ascentds,2026-08-01
greenhouse,"-ASG-",asgjobs,2026-07-17
greenhouse,"ASG",asg,2026-07-17
greenhouse,"ASI Hastings",asi,2026-08-01
greenhouse,"ASM",asm,2026-07-17
greenhouse,"Aspect Biosystems",aspectbiosystems,2026-07-17
greenhouse,"Aspire Employment Opportunities",aspireinternaljobboard,2026-08-01
greenhouse,"Aspire Living & Learning",allinc,2026-07-17
greenhouse,"AssemblyAI",assemblyai,2026-07-17
greenhouse,"Asset Living",assetliving,2026-08-01
greenhouse,"AssetWatch, Inc.",assetwatch,2026-07-17
greenhouse,"Assured Guaranty",assuredguaranty,2026-07-17
greenhouse,"ASSYST, Inc.",assystinc,2026-08-01
greenhouse,"Astera Labs",asteralabs,2026-07-17
greenhouse,"Astera Labs Early Career",asteraearlycareer2026,2026-07-17
greenhouse,"Astranis",astranis,2026-07-17
greenhouse,"AST SpaceMobile",astspacemobile,2026-08-01
greenhouse,"Atari, Inc.",atariinc,2026-08-01
greenhouse,"At-Bay",atbayjobs,2026-08-01
greenhouse,"A-TEK Inc.",atek,2026-08-01
greenhouse,"Athena Club",athenaclub,2026-08-01
greenhouse,"Athena Group Advisors",athena,2026-08-01
greenhouse,"A Thinking Ape",athinkingape,2026-07-17
greenhouse,"Athletics - Baseball Operations",athleticsbaseballops,2026-07-17
greenhouse,"Athletics - Business Operations",athleticsbusinessops,2026-07-17
greenhouse,"Athletics - Private",athletics,2026-08-01
greenhouse,"At Home Healthcare",athomehealth,2026-08-01
greenhouse,"Atlas Air",atlasair,2026-08-01
greenhouse,"ATLAS SP",atlassp,2026-08-01
greenhouse,"Atolls",atolls,2026-08-01
greenhouse,"Atomic Cartoons",atomiccartoons,2026-07-17
greenhouse,"Atomic Industries, Inc.",atomicindustriesinc,2026-08-01
greenhouse,"Atomic Machines",atomicmachines,2026-08-01
greenhouse,"Atomico",atomico,2026-08-01
greenhouse,"Atomicwork Inc",atomicwork,2026-07-17
greenhouse,"Atoms",atoms,2026-08-01
greenhouse,"ATOSS Aloud GmbH - Crewmeister",crewmeister,2026-08-01
greenhouse,"Atrium Campus",atriumcampus,2026-08-01
greenhouse,"Atropos",atropos,2026-07-17
greenhouse,"Attain",attain,2026-07-17
greenhouse,"Attain Partners",attainpartners,2026-07-17
greenhouse,"Attain Talent",attaintalent,2026-07-17
greenhouse,"Attentive",attentive,2026-07-17
greenhouse,"Attivo Partners",attivopartners,2026-07-17
greenhouse,"attn:",attn,2026-08-01
greenhouse,"Atto Trading",attotrading,2026-07-17
greenhouse,"Attune",attune,2026-07-17
greenhouse,"Atwell Internships",atwellinternships,2026-08-01
greenhouse,"Atwell, LLC",atwellgroup,2026-07-17
greenhouse,"Auctane",auctane,2026-07-17
greenhouse,"Audax Group",audaxgroup,2026-07-17
greenhouse,"Audia",audia,2026-08-01
greenhouse,"audibene / hear.com",audibenehearcom,2026-07-17
greenhouse,"AudioEye",audioeye,2026-08-01
greenhouse,"Augment Code",augmentcomputing,2026-07-17
greenhouse,"Augury",augury,2026-08-01
greenhouse,"Aura",aura,2026-08-01
greenhouse,"Aurora Innovation",aurorainnovation,2026-08-01
greenhouse,"Auros",aurosglobal,2026-07-17
greenhouse,"Australian Energy Market Operator",australianenergymarketoperator,2026-07-17
greenhouse,"Auterion",auterion,2026-08-01
greenhouse,"Authentic Brands Group",authenticbrandsgroup,2026-07-17
greenhouse,"Authenticx",authenticx,2026-08-01
greenhouse,"AutoDS",autods,2026-07-17
greenhouse,"Automattic Careers",automatticcareers,2026-07-17
greenhouse,"Automox",automox,2026-07-17
greenhouse,"AutoProff",autoproff,2026-07-17
greenhouse,"AutoScout24",autoscout24,2026-07-17
greenhouse,"Autotrader",autotrader,2026-08-01
greenhouse,"AutoTrader.ca",autotradercanada,2026-08-01
greenhouse,"Autura",autura,2026-07-17
greenhouse,"Avani Media",avani,2026-08-01
greenhouse,"Avantium",avantium,2026-07-17
greenhouse,"Avantus",avantus,2026-08-01
greenhouse,"Avela",avela,2026-07-12
greenhouse,"Avetta, LLC",avetta,2026-08-01
greenhouse,"Aviary",aviary,2026-07-17
greenhouse,"Aviation Institute of Maintenance",aviationinstituteofmaintenance,2026-07-17
greenhouse,"Aviator Nation",aviatornation,2026-07-12
greenhouse,"Aviatrix",aviatrix,2026-08-01
greenhouse,"AvidXchange, Inc.",avidxchangeinc,2026-07-17
greenhouse,"Avi Medical",avimedical,2026-08-01
greenhouse,"Avride",avride,2026-07-17
greenhouse,"Awardco",awardco,2026-08-01
greenhouse,"AWeber",aweber,2026-08-01
greenhouse,"Awin",awin,2026-07-17
greenhouse,"AWL",allwebleads,2026-07-17
greenhouse,"Axi",axicorpfinancialservicesptyltd,2026-07-17
greenhouse,"Axial",axial,2026-07-12
greenhouse,"Axicom",axicom,2026-07-17
greenhouse,"Axiom",axiom,2026-07-17
greenhouse,"Axiom Talent Platform",axiomtalentplatform,2026-08-01
greenhouse,"Axios",axios,2026-07-17
greenhouse,"AXIS Teletherapy",axisteletherapy,2026-08-01
greenhouse,"Axle",axle,2026-07-17
greenhouse,"Axon",axon,2026-07-17
greenhouse,"Axonius",axonius,2026-08-01
greenhouse,"AXQ Capital",axq,2026-07-17
greenhouse,"AXS",axs,2026-07-17
greenhouse,"Axsome Therapeutics",axsometherapeutics,2026-07-12
greenhouse,"Aya Healthcare",ayahealthcare,2026-08-01
greenhouse,"Aylo Health",eagleslandinghealth,2026-08-01
greenhouse,"Aypa Power",aypapower,2026-07-17
greenhouse,"Azumo",azumo,2026-07-17
greenhouse,"Azurity Pharmaceuticals - India",azuritypharmaceuticalsindia,2026-07-17
greenhouse,"Azurity Pharmaceuticals - Switzerland",azuritypharmaceuticalsswitzerland,2026-07-17
greenhouse,"Azurity Pharmaceuticals - US",azuritypharmaceuticals,2026-07-17
greenhouse,"B12",b12,2026-07-17
greenhouse,"Babylist",babylist,2026-07-17
greenhouse,"Backbase",workatbackbase,2026-08-01
greenhouse,"Backblaze External Website",backblaze,2026-07-17
greenhouse,"Backpack Healthcare",hellobackpack,2026-08-01
greenhouse,"Baidu USA",baidu,2026-08-01
greenhouse,"Bailiwick",bailiwick,2026-08-01
greenhouse,"Bain Capital Ventures",baincapitalventures,2026-08-01
greenhouse,"BambooHR",bamboohr17,2026-07-17
greenhouse,"Banco PAN",bancopan,2026-08-01
greenhouse,"Bandai Namco Entertainment America Inc.",bandainamco,2026-08-01
greenhouse,"Bandwidth",bandwidth,2026-07-17
greenhouse,"Bankrate",bankrate,2026-08-01
greenhouse,"Banks Power",bankspower,2026-08-01
greenhouse,"Banyan Infrastructure Corporation",banyaninfrastructure,2026-07-17
greenhouse,"Banyan Software",banyansoftware,2026-07-17
greenhouse,"Barbarian",barbarian,2026-08-01
greenhouse,"Barbaricum",barbaricum,2026-07-17
greenhouse,"Baringa",baringa,2026-08-01
greenhouse,"BARK",bark,2026-08-01
greenhouse,"Barkley",barkley,2026-07-17
greenhouse,"Baron Capital",baroncapital,2026-07-17
greenhouse,"Baselayer",baselayer,2026-07-17
greenhouse,"Bath Fitter Corporate",bathfitterdistributinginc,2026-08-01
greenhouse,"BathWorks Michigan",bathworksmichigan,2026-08-01
greenhouse,"Baton (A Ryder Technology Lab)",baton,2026-07-17
greenhouse,"Battery",batteryventures,2026-07-17
greenhouse,"Bauer Hockey/ Cascade Maverik Lacrosse",bauerhockeycascademaveriklacrosse,2026-07-17
greenhouse,"BAYADA Home Health Care",bayada,2026-08-01
greenhouse,"Baya Systems",bayasystems,2026-07-17
greenhouse,"BBPOS Limited",bbposlimited,2026-07-17
greenhouse,"BCC-NIH",bcc,2026-08-01
greenhouse,"BCS",bcscareers,2026-07-17
greenhouse,"BDA",bdainc,2026-07-17
greenhouse,"Beacon Biosignals",beaconbiosignals,2026-07-17
greenhouse,"Beacon Platform",beaconplatform,2026-08-01
greenhouse,"Beacon Software",beaconsoftware,2026-07-17
greenhouse,"Beam Healthcare",beamhealthcare,2026-08-01
greenhouse,"Bearing",bearing,2026-08-01
greenhouse,"Beatbox Beverages, LLC",beatboxbeveragesllc,2026-08-01
greenhouse,"Beauhurst",beauhurst,2026-08-01
greenhouse,"Beautiful.ai",beautifulai,2026-07-17
greenhouse,"Becket Community Services",bcs,2026-08-01
greenhouse,"BEDI Partnerships",udemybedi,2026-08-01
greenhouse,"Bedrock Academy",bedrockacademy,2026-08-01
greenhouse,"Bedrock Robotics",bedrockrobotics,2026-07-17
greenhouse,"Beeline Medicines",beelinemedicines,2026-08-01
greenhouse,"BEES",bees,2026-08-01
greenhouse,"Behavox",behavox,2026-07-17
greenhouse,"BELLA+CANVAS",bellacanvas,2026-08-01
greenhouse,"Bellroy",bellroy,2026-08-01
greenhouse,"Belmont Charter Network",belmontcharternetwork,2026-08-01
greenhouse,"Benchmark Physical Therapy",benchmarkpt,2026-07-17
greenhouse,"BenchPrep",benchprep,2026-07-17
greenhouse,"Benesch",alfredbeneschco,2026-08-01
greenhouse,"Benjamin",benjamin,2026-08-01
greenhouse,"Bennie",bennie,2026-08-01
greenhouse,"Berkadia",berkadia,2026-08-01
greenhouse,"Berlin Brands Group SK",berlinbrandssk,2026-07-17
greenhouse,"Berlin City Auto Group",berlincity,2026-07-17
greenhouse,"Berlin Packaging",berlinpackaging,2026-07-17
greenhouse,"Berlin Packaging Canada Corporation",bpcanada,2026-07-17
greenhouse,"BerlinRosen",berlinrosen,2026-07-17
greenhouse,"Bertke Electric",bertkeasp,2026-07-12
greenhouse,"BES Fellowship and School Leadership Opportunities",besfellowship,2026-08-01
greenhouse,"Best Care Pet Hospital",bestcare,2026-07-12
greenhouse,"Best Friend Finance",bff,2026-07-17
greenhouse,"Best Version Media",bestversionmedia,2026-08-01
greenhouse,"BETA Technologies",betatechnologiesinc,2026-08-01
greenhouse,"Bethesda Health Group",bethesdahealthgroup,2026-08-01
greenhouse,"Bethesda Physical Therapy",bethesda,2026-08-01
greenhouse,"Betsson Group",betsson,2026-07-17
greenhouse,"Betsson Group Data Privacy",consent,2026-08-01
greenhouse,"BetterHelp",betterhelp,2026-07-17
greenhouse,"BetterHelp",betterhelpcom,2026-07-17
greenhouse,"Betterment",betterment,2026-08-01
greenhouse,"Betty",bettyjobboard,2026-07-17
greenhouse,"Bevi",bevicareers,2026-07-17
greenhouse,"Beyond",beyond,2026-08-01
greenhouse,"Beyond Finance",beyondfinance,2026-07-17
greenhouse,"Beyond Mission Capable Solutions LLC",beyondmissioncapablesolutionsllc,2026-07-17
greenhouse,"Beyond ONE",beyondone,2026-07-17
greenhouse,"BeyondTrust",beyondtrust,2026-07-17
greenhouse,"Bezos Academy",day1academies,2026-08-01
greenhouse,"BGB Group",bgbgroup,2026-08-01
greenhouse,"BGE, Inc",bgeinc,2026-07-17
greenhouse,"BGE Inc.  Campus Recruiting",bgeinccampus,2026-08-01
greenhouse,"BGW",bgw,2026-08-01
greenhouse,"Bicycle Health",bicyclehealth,2026-08-01
greenhouse,"Bidease",bidease,2026-08-01
greenhouse,"BidMachine",bidmachine,2026-08-01
greenhouse,"BiggsKofford",biggskofford,2026-08-01
greenhouse,"BigID",bigid,2026-07-17
greenhouse,"BILL",billcom,2026-07-17
greenhouse,"BillionToOne",billiontoone,2026-07-17
greenhouse,"BIMM",bimm,2026-08-01
greenhouse,"Binance",binance,2026-07-17
greenhouse,"Biofourmis",biofourmis,2026-08-01
greenhouse,"Biograph",biograph,2026-07-17
greenhouse,"Biohub",biohub,2026-07-17
greenhouse,"BioMed Realty",biomedrealty,2026-07-17
greenhouse,"biomodal",biomodal,2026-07-17
greenhouse,"Biorasi, LLC",biorasillc,2026-07-17
greenhouse,"Biosphere",biosphere,2026-07-17
greenhouse,"Birch Hill - Harvard University",harvard,2026-08-01
greenhouse,"Bird",bird,2026-08-01
greenhouse,"Birdy Grey",birdygrey,2026-07-17
greenhouse,"Birgo",birgo,2026-08-01
greenhouse,"Bishop Fox",bishopfox,2026-08-01
greenhouse,"Bitcoin Depot",bitcoindepot,2026-07-17
greenhouse,"BitGo",bitgo,2026-07-17
greenhouse,"BitGo Campaigns",growth,2026-08-01
greenhouse,"BITKRAFT Ventures",bitkraft,2026-07-17
greenhouse,"Bitly Inc.",bitly,2026-07-17
greenhouse,"BitMEX",bitmex,2026-07-17
greenhouse,"Bitmovin",bitmovin,2026-08-01
greenhouse,"Bitpanda",bitpanda,2026-07-17
greenhouse,"Bitpanda Enterprise",bts,2026-08-01
greenhouse,"Bitwage",bitwage,2026-08-01
greenhouse,"Bitwarden",bitwarden,2026-08-01
greenhouse,"B Lab",blab,2026-07-17
greenhouse,"Blackbird Health",blackbirdhealth,2026-07-17
greenhouse,"Black Canyon Consulting",blackcanyonconsulting,2026-07-17
greenhouse,"Black Duck Software, Inc.",blackduck,2026-07-17
greenhouse,"BlackEdge Capital",blackedgecapital,2026-07-17
greenhouse,"Black Forest Labs",blackforestlabs,2026-07-17
greenhouse,"BLACKLANE",blacklane,2026-07-17
greenhouse,"BlackSky",blacksky,2026-08-01
greenhouse,"Blackthorn.io",blackthorn,2026-07-17
greenhouse,"Blank Street",blankstreet,2026-07-17
greenhouse,"BlastPoint",blastpoint,2026-07-17
greenhouse,"Blend",blend,2026-08-01
greenhouse,"Blenheim Chalcot India",blenheimchalcotindia,2026-07-17
greenhouse,"Blink Health",blinkhealth,2026-07-17
greenhouse,"Blip",blip,2026-08-01
greenhouse,"Block",block,2026-08-01
greenhouse,"Blockchain.com",blockchain,2026-07-17
greenhouse,"Bloomerang",bloomerang,2026-07-17
greenhouse,"Bloomreach",bloomreach,2026-07-17
greenhouse,"BlueConic",blueconic,2026-08-01
greenhouse,"Bluecore, Inc.",bluecoreinc,2026-08-01
greenhouse,"BlueCrest Capital Management",bluecrestcapitalmanagement,2026-07-17
greenhouse,"Blue Moon Metals",bluemoonmetals,2026-08-01
greenhouse,"Blueprint Internal",blueprintinternal,2026-08-01
greenhouse,"Blueprint Technologies",bpcs,2026-07-17
greenhouse,"Blue Rose Research",blueroseresearch,2026-07-17
greenhouse,"Blue Sky Innovators",blueskyinnovators,2026-07-17
greenhouse,"BlueSky Telepsych",blueskytelepsych,2026-08-01
greenhouse,"Bluestaq AUS External",bluestaqaus,2026-08-01
greenhouse,"Blue Star Families",bluestarfamilies,2026-08-01
greenhouse,"Bluestone Physician Services",bluestone,2026-08-01
greenhouse,"Blue Valley Heating, Cooling & Plumbing",bluevalley,2026-08-01
greenhouse,"Bluevine - India",bluevineindia,2026-07-17
greenhouse,"Bluevine - US",bluevineus,2026-07-17
greenhouse,"Blue Water Thinking",bluewaterthinking,2026-07-17
greenhouse,"Blue Wireless",bluewireless,2026-08-01
greenhouse,"Blumira",blumira,2026-08-01
greenhouse,"Blytheco",blytheco,2026-07-17
greenhouse,"BME",bmeasp,2026-08-01
greenhouse,"BME Inc.",bme,2026-08-01
greenhouse,"BMG Money",bmgmoney,2026-08-01
greenhouse,"BMNT",bmnt,2026-08-01
greenhouse,"bob",bob,2026-08-01
greenhouse,"Bobbie",bobbie,2026-08-01
greenhouse,"Boingo",boingo,2026-08-01
greenhouse,"Boku",boku,2026-08-01
greenhouse,"bol.com EN",bolcomen,2026-08-01
greenhouse,"Bold Business",boldbusiness,2026-07-17
greenhouse,"Bold Careers",bold,2026-07-17
greenhouse,"Boldly",boldly,2026-08-01
greenhouse,"Bolo AI",boloai,2026-07-17
greenhouse,"Bolster",bolster,2026-08-01
greenhouse,"Bolt.new",stackblitz,2026-07-17
greenhouse,"Bolt Technology",boltv2,2026-08-01
greenhouse,"BoltWise",applytoboltwise,2026-07-17
greenhouse,"Bombas",bombas,2026-07-17
greenhouse,"Bombora",bombora,2026-08-01
greenhouse,"Bondora",bondora,2026-08-01
greenhouse,"Bond Vet",bondvet,2026-08-01
greenhouse,"Boom Entertainment",boomentertainment,2026-08-01
greenhouse,"Boostlingo",boostlingo,2026-08-01
greenhouse,"Bosa Properties Inc.",bosapropertiesinc,2026-07-17
greenhouse,"Bot Auto",botauto,2026-07-17
greenhouse,"Bottomline",bottomlinetechnologies,2026-07-17
greenhouse,"Boulder Care",bouldercare,2026-08-01
greenhouse,"Boulevard",boulevard,2026-07-17
greenhouse,"Box",boxinc,2026-07-17
greenhouse,"Boxxe Group",boxxe,2026-08-01
greenhouse,"Bozzuto",bozzuto,2026-08-01
greenhouse,"BPD",bpd,2026-08-01
greenhouse,"BR",independent,2026-08-01
greenhouse,"Bracebridge Capital",bracebridgecapital,2026-07-17
greenhouse,"Brady Services",brady,2026-08-01
greenhouse,"Braeburn",braeburn,2026-08-01
greenhouse,"Brain Corp",braincorporation,2026-08-01
greenhouse,"Brainloop",brainloop,2026-08-01
greenhouse,"BrainPOP",brainpop,2026-07-17
greenhouse,"BrainRocket",brainrocketltd,2026-07-17
greenhouse,"BrainStation",brainstation,2026-07-17
greenhouse,"Branch",branch,2026-07-17
greenhouse,"Brandfolder",brandfolder,2026-08-01
greenhouse,"Brandtech+",brandtechplus,2026-07-17
greenhouse,"Brandwatch",brandwatch,2026-07-17
greenhouse,"Braskem",braskem,2026-08-01
greenhouse,"Brave",brave,2026-07-17
greenhouse,"BRAVO - A Cooperative Company",bravo,2026-07-17
greenhouse,"Braze",braze,2026-07-17
greenhouse,"Breeze",breezecash,2026-07-17
greenhouse,"Breeze Airways™",breezeairways,2026-07-17
greenhouse,"Breezeway",breezeway,2026-07-17
greenhouse,"Brex",brex,2026-07-17
greenhouse,"Brick",getbrick,2026-08-01
greenhouse,"BridgeBio Pharma",bridgebio,2026-07-17
greenhouse,"Bridge to Enter Advanced Mathematics (BEAM)",beam,2026-07-17
greenhouse,"Bridgewater Associates",bridgewater89,2026-07-17
greenhouse,"Bridgewater Associates LP",bwaltpostings,2026-07-17
greenhouse,"BrightAI",brightai1,2026-07-17
greenhouse,"BrightAI Corporation",brightai,2026-07-17
greenhouse,"Brightcore Energy",brightcoreenergy,2026-08-01
greenhouse,"Brighthaven",brighthavencommunities,2026-08-01
greenhouse,"BrightHire",brighthire,2026-08-01
greenhouse,"Brightidea",brightidea,2026-08-01
greenhouse,"Bright Network",brightnetwork,2026-07-17
greenhouse,"BrightSign",brightsign,2026-08-01
greenhouse,"B. Riley Securities",brileysecurities,2026-07-17
greenhouse,"Brilliant Earth",brilliantearth,2026-08-01
greenhouse,"Bringg",bringg,2026-08-01
greenhouse,"Brinqa",brinqa,2026-07-17
greenhouse,"British Asian Trust",britishasiantrust,2026-07-17
greenhouse,"Broad River Animal Hospital",broadriver,2026-08-01
greenhouse,"Broadsign Careers",broadsign,2026-07-17
greenhouse,"Broadvoice",broadvoice,2026-07-17
greenhouse,"Broadway Ventures",broadwayventures,2026-07-17
greenhouse,"Broadway Veterinary Clinic",broadway,2026-08-01
greenhouse,"Brooklinen",brooklinen,2026-07-17
greenhouse,"BRPH",brph,2026-07-17
greenhouse,"Brunswick Group",brunswickgroup,2026-07-17
greenhouse,"BRUNT Workwear",bruntworkwear,2026-08-01
greenhouse,"Bryant Park Consulting",bryantparkconsulting,2026-08-01
greenhouse,"bswift",bswift,2026-07-17
greenhouse,"bswift India",bswiftindia,2026-07-17
greenhouse,"BTG Pactual",btgpactual,2026-07-17
greenhouse,"BTIG",btig27,2026-07-17
greenhouse,"Bubble Skincare",bubbleskincare,2026-07-17
greenhouse,"Bugcrowd",bugcrowd,2026-07-17
greenhouse,"Builder.io",builder,2026-07-17
greenhouse,"Buildkite",buildkite,2026-07-17
greenhouse,"BuildOps",buildops,2026-08-01
greenhouse,"Built In",builtin,2026-07-17
greenhouse,"BuiltInBoston",builtinboston,2026-08-01
greenhouse,"BuiltIn Integration Sandbox",builtinintegrationsandbox,2026-07-17
greenhouse,"Built Technologies",getbuilt,2026-07-17
greenhouse,"Bulk Handling Systems",bhs,2026-08-01
greenhouse,"Bungie",bungie,2026-07-17
greenhouse,"Burson",bursonglobalcareers,2026-07-17
greenhouse,"Business Insider",insider,2026-08-01
greenhouse,"Businessolver",businessolver,2026-08-01
greenhouse,"Butlr",butlr,2026-07-17
greenhouse,"Butterfly Network",butterflynetwork,2026-08-01
greenhouse,"Butternut Box",butternutbox,2026-07-17
greenhouse,"Buutti CodeMatch",codematch,2026-08-01
greenhouse,"Buyers Edge Platform, LLC",buyersedgeplatformrecruiting,2026-07-17
greenhouse,"Buynomics",buynomics,2026-07-17
greenhouse,"Buzz Solutions",buzzsolutions,2026-07-17
greenhouse,"BVNK",bvnk,2026-07-17
greenhouse,"BW",bw,2026-08-01
greenhouse,"Bybit",bybit,2026-08-01
greenhouse,"BYD North America",byd,2026-07-17
greenhouse,"By the Bay Health",bythebayhealth,2026-07-17
greenhouse,"C3 AI",c3iot,2026-07-17
greenhouse,"C3 AI Ascend Internship Program: Summer 2026",c3ascend,2026-07-17
greenhouse,"C3 Integrated Solutions",c3integratedsolutions,2026-07-17
greenhouse,"C6 Bank",c6bank,2026-07-17
greenhouse,"Cabify",cabify,2026-07-17
greenhouse,"Caddell Construction",caddellconstruction,2026-07-17
greenhouse,"Cadence Health",cadencehealth,2026-08-01
greenhouse,"Cadence Solutions",cadencesolutions,2026-07-17
greenhouse,"Cadwell",cadwell,2026-07-17
greenhouse,"CAIS",cais,2026-07-17
greenhouse,"Cajal Therapeutics",cajal-tx,2026-07-17
greenhouse,"Cake",cakeai,2026-08-01
greenhouse,"Calendly",calendly,2026-07-17
greenhouse,"Caliber",caliber,2026-08-01
greenhouse,"Calico",calicolabs,2026-08-01
greenhouse,"Calif",calif,2026-07-17
greenhouse,"California Academy of Sciences",californiaacademyofsciences,2026-08-01
greenhouse,"CALIFORNIA AUTISM CENTER",californiaautismcenter,2026-07-17
greenhouse,"California Psychics",californiapsychics,2026-07-17
greenhouse,"Callibrity",callibrity,2026-07-17
greenhouse,"CallRail",callrail,2026-07-17
greenhouse,"Calm.com",calm,2026-07-17
greenhouse,"Calvetti Ferguson - Experienced Professionals",calvettifergusonexperiencedprofessionals,2026-08-01
greenhouse,"Calyxo",calyxo,2026-07-17
greenhouse,"Cambridge Mobile Telematics",cambridgemobiletelematics,2026-07-17
greenhouse,"Cameo",cameo,2026-08-01
greenhouse,"CAMP",camp,2026-07-17
greenhouse,"Campbell Ewald",ce,2026-08-01
greenhouse,"Campus CTC - LinkedIn",chicagotradingcampushiring,2026-07-17
greenhouse,"Campus Opportunities",campusopportunities,2026-07-17
greenhouse,"Candid",candid,2026-08-01
greenhouse,"Candidly",candidly,2026-07-17
greenhouse,"Cannabis & Glass",cannabisandglass,2026-08-01
greenhouse,"CannonDesign",cannondesign,2026-08-01
greenhouse,"Canonical",canonical,2026-07-17
greenhouse,"Canopy",canopytax,2026-07-17
greenhouse,"Canto",canto,2026-08-01
greenhouse,"Capco",capco,2026-07-17
greenhouse,"Capella",capellaspace,2026-08-01
greenhouse,"CapIntel",capintel,2026-07-17
greenhouse,"Capitalize",capitalize,2026-08-01
greenhouse,"Capital on Tap",capitalontap,2026-07-17
greenhouse,"capSpire - Australia",australia,2026-08-01
greenhouse,"capSpire - Canada",canada1,2026-08-01
greenhouse,"Capstone Investment Advisors",capstoneinvestmentadvisors,2026-08-01
greenhouse,"Captivation Software",captivation,2026-08-01
greenhouse,"CaptiveAire",captiveaire,2026-08-01
greenhouse,"CarbonChain",carbonchain,2026-07-17
greenhouse,"Carbon Direct",carbondirect,2026-07-17
greenhouse,"Carbonfuture",carbonfuture,2026-07-17
greenhouse,"Carbon, Inc.",carbon,2026-08-01
greenhouse,"Carbon Robotics",carbonrobotics,2026-08-01
greenhouse,"CardFlight",cardflight,2026-07-17
greenhouse,"Cardinal Point, Focus Partners Canada",cardinalpoint,2026-07-17
greenhouse,"Care Access",careaccess,2026-07-17
greenhouse,"Care.com (Dev)",devboard,2026-08-01
greenhouse,"Care Dimensions",caredimensions,2026-08-01
greenhouse,"CareDx, Inc.",caredxinc,2026-07-17
greenhouse,"Careem",careem,2026-07-17
greenhouse,"Careers at Eucalyptus",eucalyptus,2026-07-17
greenhouse,"Careers at GTCR",gtcr,2026-07-17
greenhouse,"Careers at Libra Group",thelibragroup,2026-07-17
greenhouse,"CAREERS AT NLC",nlcventures,2026-07-17
greenhouse,"Careers at Tide",tide,2026-07-17
greenhouse,"Career Team",careerteam,2026-07-17
greenhouse,"CareerVillage.org",careervillage,2026-07-17
greenhouse,"Carefeed",carefeed,2026-07-17
greenhouse,"Carewell",carewell,2026-08-01
greenhouse,"Cargomatic",cargomatic,2026-07-17
greenhouse,"Cargoo",cargoo,2026-08-01
greenhouse,"CarGurus",cargurus,2026-07-17
greenhouse,"Caribou Financial",caribou,2026-07-17
greenhouse,"Caring Hands Animal Hospital - Alexandria",chalexandria,2026-08-01
greenhouse,"CarOnSale",caronsale,2026-07-17
greenhouse,"Carr Allison",carrallison,2026-08-01
greenhouse,"Carrot",carrotfertility,2026-07-17
greenhouse,"Carta",carta,2026-07-17
greenhouse,"Cartesian Systems",cartesiansystems,2026-08-01
greenhouse,"Cartwheel",cartwheelcare,2026-07-17
greenhouse,"Carvana",carvana,2026-08-01
greenhouse,"Casa",casa,2026-08-01
greenhouse,"Casago",casago,2026-08-01
greenhouse,"Cascade Financial Services",cascadeloans,2026-08-01
greenhouse,"Cascala Health",cascalahealth,2026-07-17
greenhouse,"Casechek",casechek,2026-07-17
greenhouse,"CaseGuard",caseguard,2026-07-17
greenhouse,"CASE Management Consulting, LLC",casemanagementconsulting,2026-08-01
greenhouse,"Case Status",casestatus,2026-08-01
greenhouse,"CASETiFY",casetify,2026-07-17
greenhouse,"Cash Cow - Louisiana",cashcowlouisiana,2026-08-01
greenhouse,"Cast AI",castaigroupinc,2026-07-17
greenhouse,"Castlery",castlery,2026-08-01
greenhouse,"Catamount Constructors",catamountconstructors,2026-08-01
greenhouse,"Catapult Sports",catapultsports,2026-08-01
greenhouse,"Cataract Institute of Oklahoma",cio,2026-08-01
greenhouse,"Catawiki",catawiki,2026-08-01
greenhouse,"Catch Creation, LLC",catchcreationllc,2026-08-01
greenhouse,"Catena Clearing",catenaclearing,2026-07-17
greenhouse,"Cato Networks",catonetworks,2026-08-01
greenhouse,"Cattaneo Zanetto Pomposo Co.",cattaneozanetto,2026-07-17
greenhouse,"Caylent",caylent,2026-07-17
greenhouse,"Cayuse",cayuse,2026-07-17
greenhouse,"CB4",cb4,2026-08-01
greenhouse,"CBCS",cbcs,2026-08-01
greenhouse,"cBEYONData + SMX",ess,2026-08-01
greenhouse,"CB Insights",cbinsights,2026-07-17
greenhouse,"CCOF",ccof,2026-08-01
greenhouse,"CCS, Corporate",ccscorpcareers,2026-07-17
greenhouse,"Cedar Rapids Prep",cedarrapidsprep,2026-08-01
greenhouse,"Celigo",celigo,2026-07-17
greenhouse,"Cellanome",cellanome,2026-08-01
greenhouse,"Celonis",celonis,2026-07-17
greenhouse,"Censys",censys,2026-07-17
greenhouse,"Centennial Real Estate Company LLC",centennial,2026-08-01
greenhouse,"Center for Employment Opportunities",centerforemploymentopportunities,2026-08-01
greenhouse,"Centessa Pharmaceuticals, LLC",centessapharmaceuticalsinc,2026-07-17
greenhouse,"Central California Alliance for Health",ccah,2026-08-01
greenhouse,"Central California Alliance for Health (Remote)",ccahremote,2026-08-01
greenhouse,"CentralReach",centralreach,2026-07-17
greenhouse,"Centria Autism",centriaautism,2026-08-01
greenhouse,"Centri Business Consulting",centribusinessconsulting,2026-08-01
greenhouse,"Centrum Health",centrumhealth,2026-07-17
greenhouse,"Cerebral",cerebral,2026-07-17
greenhouse,"Cerebras",earlytalentcerebras,2026-08-01
greenhouse,"Cerebras Systems",cerebrassystems,2026-07-17
greenhouse,"Ceribell, Inc",ceribell,2026-07-17
greenhouse,"Ceros",ceros,2026-08-01
greenhouse,"CFM",cfm,2026-08-01
greenhouse,"CFO Insights",cfoinsights,2026-07-17
greenhouse,"CGC",cgc,2026-08-01
greenhouse,"CGS (Computer Generated Solutions Inc.)",computergeneratedsolutions,2026-07-17
greenhouse,"Chainguard",chainguard,2026-07-17
greenhouse,"ChalkBooks",applytochalkbooks,2026-08-01
greenhouse,"Challenge Manufacturing",challengemfgcompany,2026-08-01
greenhouse,"Champion & Nash HVAC",championnashhvac,2026-08-01
greenhouse,"Chan Zuckerberg Initiative",chanzuckerberginitiative,2026-07-17
greenhouse,"CHAOS Industries",chaosindustries,2026-07-17
greenhouse,"Chaparral Medical Group",chaparralmedicalgroup,2026-08-01
greenhouse,"ChargePoint",chargepoint,2026-08-01
greenhouse,"charles",charles,2026-08-01
greenhouse,"Charles River Associates",charlesriverassociates,2026-07-17
greenhouse,"Charleys",charleys,2026-08-01
greenhouse,"Charlie Health",charliehealth,2026-08-01
greenhouse,"Chartboost",chartboost,2026-08-01
greenhouse,"CharterUP",charterup,2026-07-17
greenhouse,"CHAS",chas,2026-08-01
greenhouse,"Chase Center",chasecenter,2026-08-01
greenhouse,"Chatham Financial",chathamfinancial,2026-07-17
greenhouse,"Checkbook",checkbook,2026-08-01
greenhouse,"Checkr",checkr,2026-07-17
greenhouse,"Checkr - Chile",chile,2026-07-17
greenhouse,"Cheddar",cheddar,2026-08-01
greenhouse,"Cherry",cherry,2026-08-01
greenhouse,"Chicago Public Media",cpm,2026-08-01
greenhouse,"Chime Financial, Inc",chime,2026-08-01
greenhouse,"Chomps",chompscareers,2026-07-17
greenhouse,"Chowbus",chowbus,2026-07-17
greenhouse,"Christ Fellowship",christfellowship,2026-08-01
greenhouse,"Chrome Industries",chromeindustries,2026-08-01
greenhouse,"Chronograph",chronograph,2026-07-17
greenhouse,"CI Azumano",ciazumano,2026-08-01
greenhouse,"Cincinnati Eye Institute",cei,2026-08-01
greenhouse,"Circa - IPG DXTRA",dxacirca,2026-08-01
greenhouse,"CircleCI",circleci,2026-08-01
greenhouse,"Circle.so",circleso,2026-07-17
greenhouse,"Cirkul, Inc",cirkul,2026-08-01
greenhouse,"Cisco ThousandEyes",thousandeyes,2026-07-17
greenhouse,"Cision",cision,2026-07-17
greenhouse,"Citian",citian,2026-07-17
greenhouse,"Citrus Health Group, Inc",citrushealthgroup,2026-07-17
greenhouse,"City Beauty",citybeauty,2026-08-01
greenhouse,"CIV",civ,2026-08-01
greenhouse,"Civil Science",civilscience,2026-08-01
greenhouse,"Civis Analytics",civisanalytics,2026-07-17
greenhouse,"Clara",clara,2026-08-01
greenhouse,"Clariness",clariness,2026-08-01
greenhouse,"Claritas Rx",claritasrx,2026-07-17
greenhouse,"Clariti Cloud Inc.",clariticloudinc,2026-07-17
greenhouse,"Clarity",clarity,2026-08-01
greenhouse,"Clarity AI",clarityai,2026-07-17
greenhouse,"Clarity Innovations",clarityinnovates,2026-07-17
greenhouse,"Clarkson Eyecare",clarksoneyecare,2026-08-01
greenhouse,"Clarkson Eyecare Georgia",eyeelements,2026-08-01
greenhouse,"ClassApp",classapp,2026-08-01
greenhouse,"ClassPass",classpass,2026-08-01
greenhouse,"CLEAR - Corporate",clear,2026-07-17
greenhouse,"Clear Street",clearstreet,2026-07-17
greenhouse,"Clear Tech",cleartech,2026-08-01
greenhouse,"ClearView Healthcare Partners",clearviewhealthcarepartners,2026-07-17
greenhouse,"Clearway Energy",clearwayjobs,2026-07-17
greenhouse,"Clearway Group",clearway,2026-08-01
greenhouse,"Clēnera, LLC",clenera,2026-08-01
greenhouse,"Cleo (India)",cleoindia,2026-07-17
greenhouse,"Cleo (US)",cleo,2026-07-17
greenhouse,"Cleveland Guardians - Baseball Operations",clevelandguardiansbops,2026-07-17
greenhouse,"Clever",clever,2026-08-01
greenhouse,"ClickHouse",clickhouse,2026-07-17
greenhouse,"Clickstop",clickstop,2026-07-17
greenhouse,"Click Therapeutics",clicktherapeutics,2026-07-17
greenhouse,"ClimateAi",climateai,2026-08-01
greenhouse,"ClimateBase",climatebase,2026-08-01
greenhouse,"Climate Cabinet",climatecabinet,2026-07-17
greenhouse,"Climate Corps",cc,2026-08-01
greenhouse,"Climate First Bank",climatefirstbank,2026-08-01
greenhouse,"Cline",cline,2026-08-01
greenhouse,"Clinical Architecture",clinicalarchitecture,2026-08-01
greenhouse,"Closure Technologies",closure-tech,2026-08-01
greenhouse,"Cloudbeds",cloudbeds,2026-07-17
greenhouse,"Cloud Chamber",cloudchamberen,2026-08-01
greenhouse,"Cloud Chamber Montreal",cloudchamberfr,2026-07-17
greenhouse,"Cloudflare",cloudflare,2026-07-17
greenhouse,"CloudKitchens",css,2026-07-17
greenhouse,"CloudSEK",cloudsek,2026-07-17
greenhouse,"CloudWerx, Inc.",cloudwerxinc,2026-07-17
greenhouse,"Clover Health",cloverhealth,2026-08-01
greenhouse,"Club Monaco",clubmonaco,2026-07-17
greenhouse,"Clutch Technologies Inc.",clutch,2026-07-17
greenhouse,"CLV",clv,2026-08-01
greenhouse,"cm4all",cm4all,2026-08-01
greenhouse,"CMBlu Energy AG",cmbluenergyag,2026-07-17
greenhouse,"CMF by Nothing",cmf,2026-08-01
greenhouse,"Coalition, Inc.",coalition,2026-07-17
greenhouse,"Coast",coast,2026-07-17
greenhouse,"Coast Energy",coastenergy,2026-08-01
greenhouse,"Cobalt",cobaltio,2026-07-17
greenhouse,"Cobalt Service Partners",cobaltservicepartners,2026-07-17
greenhouse,"Cobblestone Energy -  Dubai, UAE.",cobblestoneenergy4,2026-07-17
greenhouse,"Cobblestone Energy,  Dubai - UAE.",cobblestoneenergy1,2026-07-17
greenhouse,"Cobo",cobo,2026-08-01
greenhouse,"Cobre",cobre,2026-07-17
greenhouse,"Cockroach Labs",cockroachlabs,2026-08-01
greenhouse,"Coconut Software",coconutsoftware,2026-08-01
greenhouse,"Cocoon",cocoon,2026-07-17
greenhouse,"Codal",codalinc,2026-07-17
greenhouse,"Code and Theory",codeandtheory,2026-08-01
greenhouse,"CodeBlack",codeblack,2026-08-01
greenhouse,"Code for America",codeforamerica,2026-08-01
greenhouse,"Code.org",codeorg,2026-07-17
greenhouse,"CodePath",codepath,2026-07-17
greenhouse,"Coefficient",coefficient,2026-07-17
greenhouse,"Coeo (Website)",coeo,2026-08-01
greenhouse,"Cofertility",cofertility,2026-07-17
greenhouse,"COFRA Holding",cofraholding,2026-07-17
greenhouse,"Cogent Biosciences",cogentbiosciences,2026-08-01
greenhouse,"Cognite - AI for Industry",cognite,2026-07-17
greenhouse,"Cogstate",cogstateinc,2026-07-17
greenhouse,"Cohere Health",coherehealth,2026-07-17
greenhouse,"Coherus Oncology",coherusbiosciences,2026-08-01
greenhouse,"CoLab Software",colabsoftware,2026-07-17
greenhouse,"Coldwater Veterinary Hospital",coldwater,2026-08-01
greenhouse,"Collective Health",collectivehealth,2026-08-01
greenhouse,"Collectively",collectively,2026-08-01
greenhouse,"College Recruitment",hogwarts,2026-08-01
greenhouse,"Collegium Pharmaceutical",collegiumpharma,2026-08-01
greenhouse,"Collibra",collibra,2026-08-01
greenhouse,"Colombia",colombia,2026-08-01
greenhouse,"Colorado",colorado,2026-08-01
greenhouse,"Colossal Biosciences",colossalbiosciences,2026-08-01
greenhouse,"Columbus Arts and Technology Academy",cata,2026-07-17
greenhouse,"Columbus Bilingual Academy North",columbusbilingualacademynorth,2026-08-01
greenhouse,"Columbus Bilingual West",columbusbilingualwest,2026-08-01
greenhouse,"Columbus Humanities, Arts, and Technology Academy",chata,2026-08-01
greenhouse,"Columbus Ophthalmology Associates",coa,2026-08-01
greenhouse,"Comet",comet,2026-08-01
greenhouse,"CommerceIQ",commerceiq,2026-07-17
greenhouse,"commercetools",commercetools,2026-07-17
greenhouse,"Commercial Real Estate Company",commercialrealestatecompany,2026-08-01
greenhouse,"Common Thread Collective",commonthreadcollective,2026-07-17
greenhouse,"Community Food Funders",cff,2026-08-01
greenhouse,"Commvault",commvault,2026-07-17
greenhouse,"Company",company,2026-08-01
greenhouse,"Compass Health Center",compasshealthcenter,2026-08-01
greenhouse,"Compass Pathways",compasspathways,2026-08-01
greenhouse,"Compeer Financial",compeerfinancial,2026-07-17
greenhouse,"Compliancy Group LLC.",compliancygroupllc,2026-07-17
greenhouse,"ComplyAdvantage",complyadvantage,2026-08-01
greenhouse,"CompTech Computer Technologies",comptechcomputertechnologies,2026-08-01
greenhouse,"CompuNet, Inc.",compunetinc,2026-07-17
greenhouse,"Comstock",comstock,2026-07-17
greenhouse,"Concentric",concentric,2026-07-17
greenhouse,"Concentric Advisors",concentricadvisors,2026-08-01
greenhouse,"Conga",conga,2026-07-17
greenhouse,"Connected Careers Page",connectedcannabis,2026-07-17
greenhouse,"Connections Health Solutions",connectionshealthsolutions,2026-08-01
greenhouse,"‎ConnectWise",connectwise,2026-07-17
greenhouse,"Connor, Clark & Lunn Funds Inc.",funds,2026-08-01
greenhouse,"Connor, Clark & Lunn Investment Management",cclim,2026-08-01
greenhouse,"Conquer",conquer,2026-08-01
greenhouse,"Consensys",consensys,2026-08-01
greenhouse,"Constant Contact",constantcontact,2026-07-17
greenhouse,"Constellation Schools",constellationschools,2026-08-01
greenhouse,"Construction Resources",constructionresources,2026-07-17
greenhouse,"Consumer Edge",consumeredge,2026-07-17
greenhouse,"Consumer Reports",consumerreports,2026-07-17
greenhouse,"ContactMonkey",contactmonkey,2026-08-01
greenhouse,"Contentful",contentful,2026-07-17
greenhouse,"Contentstack",contentstack,2026-08-01
greenhouse,"Contextual AI",contextualai,2026-08-01
greenhouse,"Contractor Jobs at Airbnb",contractorjobs,2026-08-01
greenhouse,"Convene",convene,2026-07-17
greenhouse,"ConvenientMD",convenientmd,2026-08-01
greenhouse,"Convera",convera,2026-07-17
greenhouse,"Converted Board Dana",converted,2026-08-01
greenhouse,"Conviva",conviva,2026-08-01
greenhouse,"Convoso",convoso,2026-08-01
greenhouse,"Cook Systems",cooksys,2026-07-17
greenhouse,"CookUnity",cookunity,2026-07-17
greenhouse,"Cool Willy's",coolwillys,2026-08-01
greenhouse,"Co-Ops at New York ISO",nyisocoops,2026-07-17
greenhouse,"Copia Power",copiapower,2026-07-17
greenhouse,"Copperstate Farms",copperstatefarms,2026-07-17
greenhouse,"Coras",corasps,2026-07-17
greenhouse,"Cordance",cordance,2026-07-17
greenhouse,"Cordial Experience Inc.",cordial81,2026-08-01
greenhouse,"Core One",coreone,2026-07-17
greenhouse,"Core Scientific",corescientific,2026-08-01
greenhouse,"Coretelligent",coretelligent,2026-08-01
greenhouse,"CoreWeave",coreweave,2026-08-01
greenhouse,"CoreWeave Europe",coreweaveu,2026-07-17
greenhouse,"Corporate Synergies",corpsyn,2026-07-17
greenhouse,"Correlation One Expert Network",expertnetwork,2026-07-17
greenhouse,"Cortex",cortex,2026-07-17
greenhouse,"Cortica - Neurodevelopmental",allcareers,2026-07-17
greenhouse,"Cortland",cortland,2026-08-01
greenhouse,"Corvee",corvee,2026-07-17
greenhouse,"Corvias Corporate Services, LLC",corviascorporateservicesllc,2026-07-17
greenhouse,"Co–Star",costar,2026-08-01
greenhouse,"COTE Miami",cotemiami,2026-08-01
greenhouse,"Coterie Insurance",coterieinsurance,2026-08-01
greenhouse,"COTE Vegas",cotevegas,2026-07-17
greenhouse,"Cottingham & Butler",cottinghambutlerinsuranceservicesinc,2026-08-01
greenhouse,"Cotulla Education",cotullaeducation,2026-08-01
greenhouse,"Counterpart",counterpart,2026-07-17
greenhouse,"Counterpart Health",counterparthealth,2026-08-01
greenhouse,"Countryside Veterinary Hospital",countryside,2026-08-01
greenhouse,"Coupang",coupang,2026-08-01
greenhouse,"Courier Health",courierhealth,2026-07-17
greenhouse,"Course Hero",coursehero,2026-08-01
greenhouse,"Coursemojo",coursemojo,2026-07-17
greenhouse,"Coursera",coursera,2026-07-17
greenhouse,"CoVar",covar,2026-07-17
greenhouse,"Covariance.ai",covariance,2026-07-17
greenhouse,"Coveo",coveoen,2026-08-01
greenhouse,"Covera Health",coverahealth,2026-07-17
greenhouse,"CPI Security",cpisecurity,2026-08-01
greenhouse,"Craftsman+",craftsman,2026-08-01
greenhouse,"Cranial Technologies",cranialtechnologies,2026-08-01
greenhouse,"CrashPlan",crashplan,2026-07-17
greenhouse,"Crayon",crayon,2026-07-17
greenhouse,"Creating Behavioral + Educational Momentum",cbem,2026-08-01
greenhouse,"Creative Fabrica",creativefabrica,2026-08-01
greenhouse,"CreativeX",creativex,2026-07-17
greenhouse,"Credera Experienced Hiring Job Board",credera,2026-08-01
greenhouse,"Credible",credible,2026-07-17
greenhouse,"Credit Karma",creditkarma,2026-07-17
greenhouse,"Crescent",crescent,2026-07-17
greenhouse,"Cresco Labs",crescolabs,2026-07-17
greenhouse,"Cresta",cresta,2026-07-17
greenhouse,"Crestline Investors, Inc.",crestline,2026-08-01
greenhouse,"Crestwood Behavioral Health",crestwoodcareers,2026-07-17
greenhouse,"Crexi",crexi,2026-07-17
greenhouse,"Cribl",cribl,2026-07-17
greenhouse,"Crisp",crisp,2026-08-01
greenhouse,"Crisp Recruit",crisprecruit,2026-07-17
greenhouse,"Critical Mass",criticalmass,2026-07-17
greenhouse,"Crossbeam",crossbeam,2026-07-17
greenhouse,"CrossKnowledge",crossknowledge,2026-08-01
greenhouse,"Cross River",crossriverbank,2026-08-01
greenhouse,"Crossroads Health",crossroadshealth,2026-08-01
greenhouse,"Crowd Street",crowdstreet,2026-08-01
greenhouse,"Crowell & Moring",crowellmoring,2026-07-17
greenhouse,"Crunchyroll, LLC",crunchyroll,2026-07-17
greenhouse,"CSCI Consulting",csciconsulting,2026-08-01
greenhouse,"CTC Campus - External, Not Advertised",ctccampusboard,2026-07-17
greenhouse,"CTC Campus - Website",chicagotradingcampus,2026-07-17
greenhouse,"CTC Lateral - External, Not Advertised",chicagotradingreferral,2026-07-17
greenhouse,"CTC Lateral - Website & LinkedIn",chicagotrading,2026-07-17
greenhouse,"CTI",cti,2026-07-17
greenhouse,"Cubic Motion",cubicmotion,2026-08-01
greenhouse,"CueBox",applytocuebox,2026-07-17
greenhouse,"Culture Amp",cultureamp,2026-07-17
greenhouse,"Curaleaf",curaleaf,2026-07-17
greenhouse,"Current",current,2026-08-01
greenhouse,"Current",current81,2026-08-01
greenhouse,"Current Media Group",currentcatalog,2026-08-01
greenhouse,"Customer.io",customerio,2026-07-17
greenhouse,"Cuyana",cuyana,2026-08-01
greenhouse,"CVOnline",cvonline,2026-08-01
greenhouse,"CVX Ventures",cvx,2026-07-17
greenhouse,"CWE",cwe,2026-08-01
greenhouse,"CyberSheath",cybersheath,2026-07-17
greenhouse,"Cybrid",cybrid,2026-07-17
greenhouse,"Cycles",cycles,2026-08-01
greenhouse,"Cyclic Materials Inc.",cyclicmaterialsinc,2026-08-01
greenhouse,"CycloKinetics (CleanJoule)",cyclokinetics,2026-08-01
greenhouse,"Cytokinetics",cytokinetics,2026-07-17
greenhouse,"Cyware",cyware,2026-07-17
greenhouse,"D2L",d2l,2026-07-17
greenhouse,"D2 Technical Services",d2consulting,2026-07-17
greenhouse,"D3",d3,2026-08-01
greenhouse,"Dagger",dagger,2026-08-01
greenhouse,"Dagster Labs",dagsterlabs,2026-07-17
greenhouse,"Dalio Family Office",marinomanagementllc,2026-07-17
greenhouse,"Dante",dante,2026-08-01
greenhouse,"Dark Wolf Solutions",darkwolfsolutions,2026-07-17
greenhouse,"DAS42",das42,2026-07-17
greenhouse,"Dashlane",dashlane,2026-07-17
greenhouse,"Databento",databento,2026-07-17
greenhouse,"Databricks",databricks,2026-07-17
greenhouse,"DataCamp",datacamp,2026-07-17
greenhouse,"Datacor",datacor,2026-07-17
greenhouse,"Datadog",datadog,2026-08-01
greenhouse,"DataDome",ddome,2026-07-17
greenhouse,"DataGrail",datagrail,2026-08-01
greenhouse,"DataHub",acryldata,2026-07-17
greenhouse,"Dataiku",dataiku,2026-07-17
greenhouse,"Dataiku Misc Postings",dataikujobs,2026-08-01
greenhouse,"DataKind",datakindinc,2026-08-01
greenhouse,"Data Systems Analysts, Inc.",datasystemsanalystsinc,2026-07-17
greenhouse,"Datavant",datavant2,2026-08-01
greenhouse,"David Zwirner",davidzwirnergallery,2026-07-17
greenhouse,"Da Vinci",davinciderivatives,2026-07-17
greenhouse,"Davis Development",davisdevelopment,2026-07-17
greenhouse,"Daybreak Health",daybreakhealth,2026-08-01
greenhouse,"Daylight",daylight,2026-07-17
greenhouse,"Daymark Health",daymarkhealth,2026-07-17
greenhouse,"DB E.C.O. North America",dbeconorthamerica,2026-07-17
greenhouse,"dbt Labs",dbtlabsinc,2026-07-17
greenhouse,"Dcard",dcard,2026-08-01
greenhouse,"DDB Chicago",ddbchicago,2026-08-01
greenhouse,"Dealpath",dealpath,2026-08-01
greenhouse,"DebtBook",debtbook,2026-07-17
greenhouse,"Debt Relief Advocates",dra,2026-08-01
greenhouse,"Debut Biotech",debutbiotech25,2026-08-01
greenhouse,"Decathlon Digital EN",decathlontechnologyen,2026-08-01
greenhouse,"Decibel Foundation",decibelfoundation,2026-08-01
greenhouse,"Decima International",decimainternational,2026-07-17
greenhouse,"Decisions",decisions,2026-08-01
greenhouse,"Dedicated IT",dedicatedit,2026-08-01
greenhouse,"Deep Blue Sports & Entertainment",deepblue,2026-08-01
greenhouse,"DeepIntent",deepintent,2026-07-17
greenhouse,"Deeplocal",deeplocal,2026-08-01
greenhouse,"DeepMind",deepmind,2026-07-17
greenhouse,"DEFCON AI",defcon,2026-08-01
greenhouse,"Defense News",defensenewscareers,2026-07-17
greenhouse,"Defense Unicorns",defenseunicorns,2026-07-17
greenhouse,"Definitive Healthcare, Sweden",monocl,2026-07-17
greenhouse,"Definitive Healthcare, US",definitivehc,2026-07-17
greenhouse,"Degreed",degreed,2026-07-17
greenhouse,"Delart",delartech,2026-08-01
greenhouse,"Delasport",delasport,2026-08-01
greenhouse,"Delfina",delfina,2026-08-01
greenhouse,"Delivery Associates",deliveryassociates,2026-07-17
greenhouse,"Delterra.org",delterra,2026-07-17
greenhouse,"Democorp",example,2026-07-17
greenhouse,"Democracy Forward",democracyforward,2026-08-01
greenhouse,"Denver Broncos and Stadium Management Company",denverbroncosteamllc,2026-08-01
greenhouse,"Deporvillage",deporvillage,2026-08-01
greenhouse,"DEPT®",dept,2026-07-17
greenhouse,"Descope",descope,2026-08-01
greenhouse,"Descript",descript,2026-07-17
greenhouse,"Designed Conveyor Systems",designedconveyorsystems,2026-07-17
greenhouse,"Design Pickle",designpickle,2026-08-01
greenhouse,"Des Moines Prep",desmoinesprep,2026-08-01
greenhouse,"Destination Canada",destinationcanada,2026-07-17
greenhouse,"Destination Canada (français)",destinationcanadafr,2026-07-17
greenhouse,"Detroit Lions",detroitlions,2026-07-17
greenhouse,"DevRev",devrev,2026-07-17
greenhouse,"DeVries",devries,2026-08-01
greenhouse,"Dev Technology",devtechnology,2026-07-17
greenhouse,"Dexis",dexisconsultinggroup,2026-07-17
greenhouse,"Dexory",dexory,2026-08-01
greenhouse,"DFINITY",dfinity,2026-07-17
greenhouse,"DFO Referrals",dforeferrals,2026-07-17
greenhouse,"DHI Group, Inc.",dhigroupinc,2026-07-17
greenhouse,"DH Pace",dhpace,2026-08-01
greenhouse,"Dialectic",dialecticch,2026-07-17
greenhouse,"Dialpad",dialpad,2026-07-17
greenhouse,"Diamondback Plumbing & Cooling",dpc,2026-08-01
greenhouse,"Diana Health",dianahealth94,2026-07-17
greenhouse,"Dianthus Therapeutics",dianthustherapeutics,2026-08-01
greenhouse,"Digible",digible,2026-07-17
greenhouse,"DigiCert",digicert,2026-08-01
greenhouse,"Digimarc",digimarc,2026-07-17
greenhouse,"Digi Security Systems",digisecuritysystems,2026-08-01
greenhouse,"Digit",digit,2026-08-01
greenhouse,"DigitalBridge",digitalbridge,2026-07-17
greenhouse,"Digital Eclipse Entertainment Partners",digitaleclipse,2026-08-01
greenhouse,"Digital Extremes",digitalextremes,2026-08-01
greenhouse,"Digital Hands",digitalhands,2026-08-01
greenhouse,"Digs",digs,2026-07-17
greenhouse,"Diligent Corporation",diligentcorporation,2026-07-17
greenhouse,"Diligent Robotics",diligentrobotics,2026-08-01
greenhouse,"Diligent Services",diligent,2026-08-01
greenhouse,"DIM",dim,2026-08-01
greenhouse,"Dinosaur Car Wash",dino,2026-08-01
greenhouse,"Di Rezze Family Office",dfo,2026-08-01
greenhouse,"DISCO",disco,2026-07-17
greenhouse,"Discord",discord,2026-07-17
greenhouse,"Dispatch Technologies, Inc",dispatch,2026-08-01
greenhouse,"DistantJob",distantjob,2026-07-17
greenhouse,"DistroKid",distrokid,2026-07-17
greenhouse,"DivcoWest",divcowest,2026-08-01
greenhouse,"Divergent",divergent,2026-07-17
greenhouse,"Divergent (Confidential)",dti,2026-08-01
greenhouse,"DiversityJobs",diversityjobs,2026-08-01
greenhouse,"DKatalis",dkatalislabs,2026-07-17
greenhouse,"DKatalis Singapore",dkatalissingapore,2026-07-17
greenhouse,"DLH",dlhcorporation,2026-07-17
greenhouse,"DLR Group",dlrgroup,2026-07-17
greenhouse,"DMC Engineering - Campus Recruiting",dmcengineering2024,2026-07-17
greenhouse,"dmg events",dmgevents,2026-07-17
greenhouse,"DMSI",dmsi,2026-08-01
greenhouse,"DNSFilter",dnsfilter,2026-08-01
greenhouse,"DOC",danieloconnellssons,2026-07-17
greenhouse,"Doctolib",doctolib,2026-08-01
greenhouse,"Doctors Without Borders / Médecins Sans Frontières (MSF) Canada",doctorswithoutborders,2026-08-01
greenhouse,"Documo",documocareers,2026-07-17
greenhouse,"Dodgshun Medlin",dodgshunmedlin,2026-08-01
greenhouse,"DoiT",doitintl,2026-07-17
greenhouse,"Dollar Shave Club",dollarshaveclub,2026-07-17
greenhouse,"Dome Construction Corporation",domeconstruction,2026-07-17
greenhouse,"Domino Data Lab",dominodatalab,2026-08-01
greenhouse,"Donorbox",donorbox,2026-07-17
greenhouse,"DonorsChoose",donorschoose,2026-07-17
greenhouse,"DoorDash Australia",doordashaustralia,2026-07-17
greenhouse,"DoorDash Canada",doordashcanada,2026-07-17
greenhouse,"DoorDash High Volume",high-volume,2026-08-01
greenhouse,"DoorDash India",doordashindia,2026-07-17
greenhouse,"DoorDash Quebec",doordashquebec,2026-08-01
greenhouse,"DoorDash USA",doordashusa,2026-07-17
greenhouse,"Doppel",doppel,2026-07-17
greenhouse,"Dorset Street Animal Hospital",dorset,2026-08-01
greenhouse,"Dorsia",dorsia,2026-07-17
greenhouse,"Dots",dots,2026-08-01
greenhouse,"DoubleVerify",doubleverify,2026-07-17
greenhouse,"Downing Capital Group",downingcapitalgroup,2026-07-17
greenhouse,"Downtown Music",downtownmusic,2026-08-01
greenhouse,"Doximity",doximity,2026-08-01
greenhouse,"doxo Careers",doxo,2026-08-01
greenhouse,"DQ Technologies",dqt,2026-08-01
greenhouse,"Dragos",dragos,2026-07-17
greenhouse,"DRC",drc,2026-07-17
greenhouse,"Dream Games",dreamgames,2026-07-17
greenhouse,"DreaMotion",dreamotion,2026-08-01
greenhouse,"Dreem Health",dreemhealth,2026-07-17
greenhouse,"DriveWealth",drivewealth,2026-08-01
greenhouse,"Dropbox",dropbox,2026-08-01
greenhouse,"Dropps",dropps,2026-08-01
greenhouse,"Dr. Richard Izquierdo Health & Science Charter School",drizquierdocharterschools,2026-08-01
greenhouse,"Dr. Squatch",drsquatch,2026-08-01
greenhouse,"Druva",druva,2026-08-01
greenhouse,"DRW",drweng,2026-07-17
greenhouse,"DRW Montreal",drwfr,2026-07-17
greenhouse,"Drybar",drybar,2026-08-01
greenhouse,"Dscout",dscout,2026-07-17
greenhouse,"Dubber",dubber,2026-07-17
greenhouse,"DuckWorks Millwork Solutions",duckworksmillworksolutions,2026-07-17
greenhouse,"Duda",duda,2026-08-01
greenhouse,"Dude Perfect",dudeperfect,2026-07-17
greenhouse,"Duetto Research",duettoresearch,2026-07-17
greenhouse,"dunnhumby",dunnhumby,2026-07-17
greenhouse,"Duolingo",duolingo,2026-07-17
greenhouse,"Duplicati Inc.",duplicati,2026-08-01
greenhouse,"Durable",durable,2026-07-17
greenhouse,"Dusty Robotics",dustyrobotics,2026-08-01
greenhouse,"Dutchie",thedutchie,2026-07-17
greenhouse,"dv01",dv01,2026-07-17
greenhouse,"DV Trading",dvtrading,2026-07-17
greenhouse,"Dwelly",dwelly,2026-08-01
greenhouse,"Dynamic Air Solutions",dynamic-air-solutions,2026-08-01
greenhouse,"Dynamis, Inc.",dynamisinc,2026-07-17
greenhouse,"DYOPATH",dyopath,2026-07-17
greenhouse,"e2open",e2openllc,2026-07-17
greenhouse,"Early Learning Academies",ela,2026-08-01
greenhouse,"Early Talent Job Board - Penn Interactive",coop,2026-08-01
greenhouse,"Earnest",earnest,2026-08-01
greenhouse,"EarnIn",earnin,2026-07-17
greenhouse,"Eastern Pennsylvania Veterinary Medical Center",eastern-pennsylvania-veterinary-medical-center,2026-08-01
greenhouse,"East Hampton Veterinary Group",easthampton,2026-08-01
greenhouse,"Eastland Preparatory Academy",eastlandpreparatoryacademy,2026-07-17
greenhouse,"Easygo",easygo,2026-07-17
greenhouse,"Easyship",easyship,2026-07-17
greenhouse,"Eat Just",eatjust,2026-08-01
greenhouse,"EBANX",ebanx,2026-07-17
greenhouse,"ECC",eccintegrator,2026-08-01
greenhouse,"Echodyne Corp",echodynecorp,2026-07-17
greenhouse,"eClinical Solutions",eclinicalsolutions,2026-07-17
greenhouse,"Eclipse",eclipse,2026-07-17
greenhouse,"Eclipse Trading",eclipsetrading,2026-07-17
greenhouse,"ecoATM | Gazelle",ecoatmgazelle,2026-08-01
greenhouse,"ecosio",ecosio,2026-08-01
greenhouse,"ecoworks",ecoworks,2026-08-01
greenhouse,"EDB",edb,2026-08-01
greenhouse,"Edge",edge,2026-08-01
greenhouse,"EdgeConneX",edgeconnex,2026-08-01
greenhouse,"Edged Infrastructure",edged_infrastructure,2026-08-01
greenhouse,"Edgestream",edgestream,2026-08-01
greenhouse,"Edinburgh Animal Hospital",edinburgh,2026-08-01
greenhouse,"Edison",edison,2026-08-01
greenhouse,"Edmentum",edmentum,2026-07-17
greenhouse,"EDO",edo,2026-07-17
greenhouse,"Educate!",educate,2026-07-17
greenhouse,"eduMe",edume,2026-08-01
greenhouse,"EEI",eei,2026-07-17
greenhouse,"Effectual",effectual,2026-07-17
greenhouse,"E-gineering, Inc.",egineering,2026-08-01
greenhouse,"Egress",egress,2026-08-01
greenhouse,"eko",eko,2026-08-01
greenhouse,"Elastic",elastic,2026-08-01
greenhouse,"Elation Health",elationhealth,2026-08-01
greenhouse,"Electra",electrasteel,2026-07-17
greenhouse,"Electric Kiwi",electrickiwi,2026-08-01
greenhouse,"Electrosoft",electrosoft,2026-08-01
greenhouse,"Element Biosciences",elementbiosciences,2026-08-01
greenhouse,"eLEND",elend,2026-08-01
greenhouse,"Eleos Health",eleoshealth,2026-07-17
greenhouse,"ELEVI Associates",eleviassociates,2026-08-01
greenhouse,"Eliot Community Human Services",eliotcommunityhumanservices,2026-07-17
greenhouse,"Elite Dental Partners",elitedentalpartnersllc,2026-07-17
greenhouse,"Elite Physical Therapy, Inc.",elite,2026-08-01
greenhouse,"Elite Technology",elitetechnology,2026-07-17
greenhouse,"Ellea Nursing",elleanursing,2026-08-01
greenhouse,"EllieMD",elliemd,2026-08-01
greenhouse,"Elligint Health",elliginthealth,2026-07-17
greenhouse,"elly",elly,2026-08-01
greenhouse,"Elo",elo,2026-08-01
greenhouse,"Elsevier",elsevier,2026-08-01
greenhouse,"eMAG",emag,2026-08-01
greenhouse,"EMARKETER",emarketer,2026-07-17
greenhouse,"Embrace",embrace,2026-07-17
greenhouse,"Emergency Veterinary Care Center",evcc,2026-08-01
greenhouse,"Emergent Labs",emergentlabsinc,2026-07-17
greenhouse,"EMI",emi,2026-08-01
greenhouse,"Emigrant Partners",emigrantpartners,2026-07-17
greenhouse,"Emily's Entourage",ee,2026-08-01
greenhouse,"EMIT Technologies, Inc.",emittechnologiesinc,2026-07-17
greenhouse,"emnify",emnify,2026-08-01
greenhouse,"eMoney Advisor",emoneyadvisor,2026-08-01
greenhouse,"Emplifi",emplifi,2026-08-01
greenhouse,"Employment Opportunities at BuzzFeed, Inc.",buzzfeed,2026-08-01
greenhouse,"Empower Pharmacy",empowerpharmacy,2026-08-01
greenhouse,"Emtrain",emtrain,2026-08-01
greenhouse,"Enavate",enavatecareers,2026-07-17
greenhouse,"Enboarder",enboarder,2026-08-01
greenhouse,"EnCharge AI",enchargeai36,2026-07-17
greenhouse,"Encora",encora10,2026-08-01
greenhouse,"Encore",encore,2026-08-01
greenhouse,"Encoura",encoura,2026-07-17
greenhouse,"Endeavour. Inspired Infrastructure.",endeavourinspiredinfrastructure,2026-08-01
greenhouse,"Endgame Systems, LLC",endgamesystemsllc,2026-08-01
greenhouse,"Endor Labs",endorlabs,2026-07-17
greenhouse,"Endorsed",endorsed,2026-08-01
greenhouse,"Energage",energage,2026-08-01
greenhouse,"Energize Colleges",enco,2026-08-01
greenhouse,"Energy Exemplar",energyexemplarllc,2026-07-17
greenhouse,"EnergyHub",energyhub,2026-07-17
greenhouse,"Energy Innovation",energyinnovation,2026-08-01
greenhouse,"Energy Solutions - USA",energysolutions,2026-07-17
greenhouse,"energytec.ai",etec,2026-07-17
greenhouse,"Enforce",enforce,2026-08-01
greenhouse,"Enformion",enformion,2026-07-17
greenhouse,"ENGAGE Australia",engage,2026-08-01
greenhouse,"EngagedMD",engagedmd,2026-08-01
greenhouse,"Engelhart",engelhart,2026-07-17
greenhouse,"Engine",engine,2026-07-17
greenhouse,"Engineering Excellence",engineeringexcellence,2026-07-17
greenhouse,"Engineers Gate",engineersgate,2026-07-17
greenhouse,"Enhesa",enhesa,2026-07-17
greenhouse,"Enigma",enigmaio,2026-07-17
greenhouse,"enmacc",enmacc,2026-08-01
greenhouse,"Ennoble Care",ennoblecare,2026-07-17
greenhouse,"Enova International",enova,2026-07-17
greenhouse,"ENSCO, Inc.",ensco,2026-07-17
greenhouse,"ENSCO - Internships",enscointernships,2026-08-01
greenhouse,"ENSCO - Transportation Technology Center (TTC)",enscottc,2026-07-17
greenhouse,"Ensemble",ensemble,2026-07-17
greenhouse,"Ensono",ensono,2026-08-01
greenhouse,"Enterpret",enterpret,2026-07-17
greenhouse,"Entersekt",entersekt,2026-07-17
greenhouse,"Enthought",enthought,2026-08-01
greenhouse,"Entree Health",entreehealth,2026-08-01
greenhouse,"Entrega",entrega,2026-08-01
greenhouse,"Entry Level Positions at Global Atlantic Financial Group",entrylevelga,2026-08-01
greenhouse,"Enumerate",enumerate,2026-08-01
greenhouse,"Enveritas",enveritas,2026-07-17
greenhouse,"Environmental Science Associates",environmentalscienceassociates,2026-08-01
greenhouse,"Enviva",enviva,2026-07-17
greenhouse,"Envoy Global, Inc.",envoyglobalinc,2026-07-17
greenhouse,"Enya Labs",enyalabs,2026-08-01
greenhouse,"Enzene INC",enzeneinc,2026-07-17
greenhouse,"EOLA Power",eolapower,2026-08-01
greenhouse,"EOS https://app2.greenhouse.io/job_boards/4008206002/settings",eositsolutions,2026-07-17
greenhouse,"Epic Games",epicgames,2026-08-01
greenhouse,"Epic Kids Inc.",epickids,2026-07-17
greenhouse,"Epicrispr Biotechnologies",epicbio,2026-07-17
greenhouse,"Epirus",epirus,2026-08-01
greenhouse,"Episode Six",episodesix,2026-07-17
greenhouse,"Episode Six US",episodesixlinkedin,2026-07-17
greenhouse,"ePlus Technology, inc.",eplusinc,2026-08-01
greenhouse,"EQT Corporation",eqtcorporation,2026-07-17
greenhouse,"EQT Group",eqtpartners,2026-07-17
greenhouse,"Equal Experts",equalexperts,2026-07-17
greenhouse,"Equatic",equatic,2026-07-17
greenhouse,"Equilibrium",equilibrium,2026-08-01
greenhouse,"Equilibrium Energy",equilibriumenergy,2026-08-01
greenhouse,"Equipment Finance Services",efs,2026-08-01
greenhouse,"EquityZen",equityzen,2026-08-01
greenhouse,"Eqvilent",eqvilentjobs,2026-07-17
greenhouse,"ERC Pathlight",erc8585757pathlight53t353,2026-08-01
greenhouse,"eRezLife",erezlife,2026-08-01
greenhouse,"Ergeon",ergeon,2026-07-17
greenhouse,"Eridan",eridan,2026-07-17
greenhouse,"Ernest",ernestpackagingsolutions,2026-07-17
greenhouse,"Escada",escada,2026-07-17
greenhouse,"Escala Partners",escala,2026-08-01
greenhouse,"eSCRIBE",escribe,2026-07-17
greenhouse,"eScribers",escribers,2026-07-17
greenhouse,"ESO",eso,2026-08-01
greenhouse,"Espirita",espirita,2026-08-01
greenhouse,"Espresa",espresa,2026-08-01
greenhouse,"Esri",esri,2026-08-01
greenhouse,"Essential Anesthesia Management",essential,2026-08-01
greenhouse,"Etched",etchedai,2026-07-17
greenhouse,"Ethernovia",2bc11c2c7us,2026-07-17
greenhouse,"Ethernovia, Inc.",ethernovia,2026-07-17
greenhouse,"Ethos",ethos,2026-08-01
greenhouse,"Ethos Life",ethoslife,2026-07-17
greenhouse,"Euclid Power",euclidpower,2026-07-17
greenhouse,"Eudia",eudia,2026-07-17
greenhouse,"Eve",eve,2026-08-01
greenhouse,"Eventbrite, Inc.",eventbriteinc,2026-07-17
greenhouse,"Events",events,2026-08-01
greenhouse,"Events",mwamevents,2026-07-17
greenhouse,"Events/University Recruiting",eventsandinterns,2026-07-17
greenhouse,"Ever",ever,2026-08-01
greenhouse,"Ever.Ag",everagtester,2026-07-17
greenhouse,"Ever.green",evergreen,2026-08-01
greenhouse,"Evergreen Action",evergreenaction,2026-08-01
greenhouse,"Evergreen Nephrology",evergreennephrology,2026-07-17
greenhouse,"Evergreen Services Group",evergreenservicesgroup,2026-07-17
greenhouse,"Everlane",everlane,2026-07-17
greenhouse,"Evernest",evernest,2026-08-01
greenhouse,"Everpure",purestorage,2026-07-17
greenhouse,"Everway",everway,2026-07-17
greenhouse,"Every Cure",everycure,2026-08-01
greenhouse,"EVERY™",theeverycompany,2026-07-17
greenhouse,"Evio",evio,2026-08-01
greenhouse,"Evismart",evismart,2026-07-17
greenhouse,"Evolutionary Scale",evolutionaryscale,2026-07-17
greenhouse,"Evolution Cloud Services (EVOCS)",evolutioncloudservicesevocs,2026-08-01
greenhouse,"EvolutionIQ",evolutioniq,2026-07-17
greenhouse,"evolvedMD",evolvedmd,2026-08-01
greenhouse,"Evolver",evolver,2026-07-17
greenhouse,"EVPassport",evpassport,2026-07-17
greenhouse,"EVYD Technology",evydtech,2026-07-17
greenhouse,"Exabeam",exabeam,2026-08-01
greenhouse,"Exact Sales",exactsales,2026-07-17
greenhouse,"Exadel Inc (Website)",exadelinc,2026-07-17
greenhouse,"Exame | Saint Paul",exame,2026-08-01
greenhouse,"Example Corp",examplecorpsandbox,2026-07-17
greenhouse,"Excel Learning Center",excel,2026-07-17
greenhouse,"Excel Sports Management",excelsportsmanagement,2026-08-01
greenhouse,"Exclaimer",exclaimer,2026-08-01
greenhouse,"Exiger",exiger,2026-08-01
greenhouse,"Exness Internship",exnessinternship,2026-08-01
greenhouse,"Exodus Movement Inc.",exodus54,2026-07-17
greenhouse,"ExodusPoint",exoduspoint,2026-07-17
greenhouse,"ExodusPoint Campus",xpcampus,2026-08-01
greenhouse,"Expel",expel,2026-08-01
greenhouse,"ExperiGreen",experigreen,2026-08-01
greenhouse,"Explore",explore,2026-08-01
greenhouse,"ExpressVPN",expressvpn,2026-07-17
greenhouse,"Extend",extend,2026-07-17
greenhouse,"Extenteam Client Roles",extenteam,2026-07-17
greenhouse,"ExtraHop",extrahopnetworks,2026-07-17
greenhouse,"EyeCare Associates",eyecareassociates,2026-08-01
greenhouse,"eyecarecenter",eyecarecenter,2026-08-01
greenhouse,"eyeo",eyeo,2026-07-17
greenhouse,"ezCater, Inc",ezcaterinc,2026-07-17
greenhouse,"Ezra",ezra,2026-08-01
greenhouse,"Facility Door Solutions",fds,2026-08-01
greenhouse,"Factored",factored,2026-07-17
greenhouse,"Factorial Energy",factorialenergy,2026-07-17
greenhouse,"Faherty Brand",fahertybrand,2026-08-01
greenhouse,"Faircom New York",faircomny,2026-07-17
greenhouse,"Faire",faire,2026-07-17
greenhouse,"fairlife",fairlife,2026-07-17
greenhouse,"Fairmarkit",fairmarkit,2026-08-01
greenhouse,"Fairstead ESC LLC",fairsteadescllc,2026-08-01
greenhouse,"Fairway Jockey",fairwayjockey,2026-08-01
greenhouse,"fal",fal,2026-07-17
greenhouse,"FalconX",falconx,2026-07-17
greenhouse,"FAM Brands",fambrands,2026-07-17
greenhouse,"Family Office",fo,2026-07-17
greenhouse,"FamilyWell",familywell,2026-07-17
greenhouse,"Fanatics Betting & Gaming",fanaticsfbg,2026-08-01
greenhouse,"Fanatics Collectibles",fanaticscollectibles,2026-08-01
greenhouse,"Fanatics Commerce",fanaticscommerce,2026-08-01
greenhouse,"Fanatics Inc.",fanaticsinc,2026-08-01
greenhouse,"Fandom",fandom,2026-08-01
greenhouse,"FanDuel",fanduel,2026-08-01
greenhouse,"Faraday Future",faradayfuture,2026-07-17
greenhouse,"Farallon Capital Management, L.L.C.",faralloncapitalmanagementllc,2026-07-17
greenhouse,"FareHarbor",fareharbor,2026-08-01
greenhouse,"Faropoint",faropoint,2026-07-17
greenhouse,"Farther",fartherfinance,2026-07-17
greenhouse,"Fashion Nova",fashionnova,2026-07-17
greenhouse,"Fashion Nova Logistics",fnlogistics,2026-08-01
greenhouse,"Fast Forward",fastforward,2026-07-17
greenhouse,"fasthosts",fasthosts,2026-08-01
greenhouse,"Fastly",fastly,2026-07-17
greenhouse,"FastSpring",fastspring,2026-08-01
greenhouse,"Fay",fay,2026-07-17
greenhouse,"FCB",fcbworldwide,2026-07-17
greenhouse,"FCB New York",fcbnewyork,2026-07-17
greenhouse,"Feastables",feastables,2026-08-01
greenhouse,"Federato",federato,2026-07-17
greenhouse,"Feedzai",feedzai,2026-08-01
greenhouse,"FE International",feinternational,2026-08-01
greenhouse,"Fellow",fellow,2026-08-01
greenhouse,"Fender",fender,2026-07-17
greenhouse,"FERMÀT",fermat,2026-08-01
greenhouse,"Festival Veterinary Clinic",festival,2026-08-01
greenhouse,"Fetch",fetch,2026-08-01
greenhouse,"FeverUp",feverup,2026-07-17
greenhouse,"FFG FINANZCHECK Finanzportale GmbH",finanzcheck,2026-07-17
greenhouse,"FGS Global",fgsglobal,2026-07-17
greenhouse,"Fictiv",fictiv,2026-07-17
greenhouse,"Fidelity & Guaranty Life Insurance Company",fidelityguarantylife,2026-08-01
greenhouse,"Fields Mechanical Systems",fms,2026-08-01
greenhouse,"Fieldwire",fieldwire,2026-08-01
greenhouse,"Figma",figma,2026-07-17
greenhouse,"Figment",figment,2026-07-17
greenhouse,"Figure",figureai,2026-07-17
greenhouse,"Figure Lending",figure,2026-07-17
greenhouse,"Filecoin Foundation",filecoinfoundation,2026-08-01
greenhouse,"Files.com",filescom,2026-07-17
greenhouse,"Filson",filson,2026-07-17
greenhouse,"Fin",intercom,2026-07-17
greenhouse,"Financial Technology Partners",financialtechnologypartners,2026-07-17
greenhouse,"Financial Times",financialtimes33,2026-07-17
greenhouse,"FIND Healthcareers",find,2026-07-17
greenhouse,"Finfare Financial",finfare-financial,2026-07-17
greenhouse,"Fingerprint",fingerprint,2026-08-01
greenhouse,"FINISH",finish,2026-08-01
greenhouse,"Finite State",finitestate,2026-07-17
greenhouse,"Finster AI",finsterai,2026-07-17
greenhouse,"Firaxis",firaxis,2026-08-01
greenhouse,"Fireblocks",fireblocks,2026-07-17
greenhouse,"Fireworks AI",fireworksai,2026-07-17
greenhouse,"Firmus Technologies",firmus,2026-07-17
greenhouse,"First Connect Insurance",firstconnectinsurance,2026-07-17
greenhouse,"First Global Management Services, Inc.",firstglobalmanagementservicesinc,2026-08-01
greenhouse,"firsthand Health",firsthand,2026-07-17
greenhouse,"First Information Technology Services",fits,2026-08-01
greenhouse,"FirstMind",firstmind,2026-07-17
greenhouse,"FirstPrinciples",firstprinciples,2026-07-17
greenhouse,"First San Francisco Partners",firstsanfranciscopartners,2026-07-17
greenhouse,"First We Feast",firstwefeast,2026-08-01
greenhouse,"FIS® Amount™",amount,2026-07-17
greenhouse,"Fischer Homes",f1sch3rh0m3s,2026-08-01
greenhouse,"FISCHER HOMES",fischerhomes,2026-08-01
greenhouse,"Five9",five9,2026-08-01
greenhouse,"Five & Done",fivedone,2026-07-17
greenhouse,"Five Rings LLC - Careers",fiveringsllc,2026-07-17
greenhouse,"Five Rings LLC - Events",fiveringsevents,2026-07-17
greenhouse,"Fivetran",fivetran,2026-08-01
greenhouse,"flaconi",flaconi,2026-08-01
greenhouse,"Flagship Pioneering, Inc.",flagshippioneeringinc,2026-07-17
greenhouse,"Flagstone Group LTD",flagstone,2026-07-17
greenhouse,"Flamingo",flamingo,2026-08-01
greenhouse,"Flash",flash,2026-08-01
greenhouse,"Flashfood",flashfood,2026-08-01
greenhouse,"Flaunt",flaunt,2026-08-01
greenhouse,"Fleetio",fleetio,2026-07-17
greenhouse,"Fleetworthy",bestpass,2026-07-17
greenhouse,"Fletcher Jones Automotive Group",fletcherjonesautomotivegroup,2026-07-17
greenhouse,"Fletcher Jones Imports",fletcherjonesimports,2026-08-01
greenhouse,"Flex",flex,2026-07-17
greenhouse,"Flexe",flexe,2026-08-01
greenhouse,"Flickr",flickr,2026-08-01
greenhouse,"FlightHub",flighthub,2026-07-17
greenhouse,"Flip",flip,2026-07-17
greenhouse,"Flipdish",flipdish,2026-07-17
greenhouse,"Flip GmbH",flipapp1,2026-08-01
greenhouse,"Flipp",flipp,2026-08-01
greenhouse,"Flipside",flipside,2026-07-17
greenhouse,"Flix",flix,2026-08-01
greenhouse,"Flock Homes",flockhomes,2026-07-17
greenhouse,"Flodesk",flodesk,2026-08-01
greenhouse,"Flo Health",flohealth,2026-07-17
greenhouse,"Flora Food Group",florafoodgroup,2026-08-01
greenhouse,"Florence Healthcare - US",florencehealthcare,2026-08-01
greenhouse,"Flores Technical Services",fts,2026-08-01
greenhouse,"Florida Medical Clinic",floridamedicalclinic,2026-08-01
greenhouse,"Flourish",flourish,2026-08-01
greenhouse,"FloVision Solutions",flovisionsolutions,2026-07-17
greenhouse,"Flowcode",flowcode,2026-07-17
greenhouse,"FlowFuse",flowfuse,2026-07-17
greenhouse,"Flow Traders",flowtraders,2026-07-17
greenhouse,"Flow Traders Campus Partner",flowtradersuspartners,2026-07-17
greenhouse,"Fluency",fluency,2026-08-01
greenhouse,"Fluxon",fluxon,2026-07-17
greenhouse,"Fluxx",fluxx,2026-07-17
greenhouse,"FlyFlat",flyflat,2026-08-01
greenhouse,"FLYR",flyr,2026-07-17
greenhouse,"Flywheel Digital",flywheeldigital,2026-07-17
greenhouse,"FNS, Inc. Affiliates",fns,2026-08-01
greenhouse,"Focal Systems",focalsystems,2026-07-17
greenhouse,"Focused",focused,2026-07-17
greenhouse,"Focus Financial Partners",focusfinancialpartners,2026-07-17
greenhouse,"Focus Partners Australia & Escala Partners",focuspartnersaustralia,2026-07-17
greenhouse,"Focus Partners Wealth",focuspartnerswealth,2026-08-01
greenhouse,"Foley Hoag LLP",foleyhoag,2026-07-17
greenhouse,"Folia Health",foliahealth,2026-08-01
greenhouse,"Follett Software, LLC",follettsoftware,2026-07-17
greenhouse,"Foothold Technology",footholdtechnology,2026-08-01
greenhouse,"Fora",foratravel,2026-08-01
greenhouse,"Fora Financial",forafinancial,2026-07-17
greenhouse,"Forage",joinforage,2026-07-17
greenhouse,"Forbes",forbes,2026-07-17
greenhouse,"Foresight Mental Health",foresightmentalhealth,2026-08-01
greenhouse,"Forethought",forethought,2026-08-01
greenhouse,"Forge Biologics",forgebiologics,2026-07-17
greenhouse,"Forge Global",forgeglobal,2026-08-01
greenhouse,"Forge Health",forgehealth,2026-08-01
greenhouse,"Forgen",forgen,2026-08-01
greenhouse,"Form3 - External",form3,2026-08-01
greenhouse,"Forma.ai",formaaiinc,2026-08-01
greenhouse,"Forma.ai - India Campus",formaaiinc3,2026-07-17
greenhouse,"Forman Family Office",ffo,2026-08-01
greenhouse,"Formation Bio",formationbio,2026-07-17
greenhouse,"Formerra",formerra,2026-08-01
greenhouse,"Form Health",formhealth,2026-07-17
greenhouse,"Formic",formic,2026-07-17
greenhouse,"Formlabs",formlabs,2026-08-01
greenhouse,"Forsgren Associates",forsgrenassociates,2026-08-01
greenhouse,"Forta Job Board",forta,2026-08-01
greenhouse,"Forter",forter,2026-07-17
greenhouse,"Forthea",forthea,2026-08-01
greenhouse,"FortifyIQ",fortifyiq,2026-07-17
greenhouse,"Fortitude Re",fortitudegroupholdingsllc,2026-08-01
greenhouse,"Fortra",fortra,2026-07-17
greenhouse,"Forward",forward,2026-07-17
greenhouse,"Forward Networks",forwardnetworks,2026-07-17
greenhouse,"Fospha",fosphamarketing,2026-07-17
greenhouse,"FOSSA",fossainc,2026-07-17
greenhouse,"Found",found,2026-07-17
greenhouse,"Foundation Risk Partners",foundationriskpartners,2026-08-01
greenhouse,"Founders Green Animal Hospital",founders,2026-08-01
greenhouse,"Foundit (Monster)",foundit,2026-08-01
greenhouse,"Foundry",foundry,2026-07-17
greenhouse,"Foundry",foundrydigital,2026-08-01
greenhouse,"Four Hands",fourhands,2026-07-17
greenhouse,"FourKites",fourkites,2026-07-17
greenhouse,"Four Seasons Garage Doors",fourseasons,2026-08-01
greenhouse,"Fourthline",fourthline,2026-08-01
greenhouse,"Fox Creek Veterinary Hospital - Wildwood",fox,2026-08-01
greenhouse,"Foxen",foxen,2026-07-17
greenhouse,"Free Association Live",freeassociationlive,2026-08-01
greenhouse,"Free DEI Programs at Mosaic Group",mosaicdei,2026-07-17
greenhouse,"FreedomCare",freedomcare,2026-08-01
greenhouse,"Freeform",freeformfuturecorp,2026-07-17
greenhouse,"Freenome",freenome,2026-07-17
greenhouse,"FREENOW",freenow,2026-07-17
greenhouse,"Freestar",freestar,2026-08-01
greenhouse,"Fresh Air Fund",faf,2026-08-01
greenhouse,"Fresh Prints",freshprints,2026-07-17
greenhouse,"Fried Frank Attorney Opportunities",attorneysfriedfrankharrisshriverjacobsonllp,2026-08-01
greenhouse,"Friendship Hospital for Animals",fha,2026-08-01
greenhouse,"Frisco Eye Associates",frisco,2026-08-01
greenhouse,"FronteraCare",fronteracare,2026-08-01
greenhouse,"Frontier Dermatology Provider Careers",frontierdermatologyprovidercareers,2026-07-17
greenhouse,"Fruitful",fruitful,2026-08-01
greenhouse,"F. Schumacher & Co.",fschumacherco,2026-07-17
greenhouse,"FSG",fsg,2026-07-17
greenhouse,"Fubo",fubotv,2026-08-01
greenhouse,"Fueled",fueledcareers,2026-07-17
greenhouse,"FUGA",fuga,2026-08-01
greenhouse,"Fulcher Financial Group",ffg,2026-08-01
greenhouse,"Fulcrum GT—Startup Lab [2026]",fulcrumgt,2026-08-01
greenhouse,"Fulfil Solutions",fulfil,2026-07-17
greenhouse,"Full Throttle",fullthrottle,2026-08-01
greenhouse,"Fundraise Up",fundraiseup,2026-07-17
greenhouse,"Further",further,2026-07-17
greenhouse,"Further Early Career Opportunities",furtherearlycareer,2026-08-01
greenhouse,"Fusion Worldwide",fusionworldwide,2026-07-17
greenhouse,"Fussball Club Cincinnati LLC (“FC Cincinnati”)",fccincinnati,2026-08-01
greenhouse,"Future",future,2026-07-17
greenhouse,"FutureHouse, Inc.",futurehouse,2026-07-17
greenhouse,"Future Secure AI",futuresecureai,2026-08-01
greenhouse,"Future Standard",futurestandard,2026-07-17
greenhouse,"Fuze Health",fuzehealth,2026-07-17
greenhouse,"FWD.us",fwdus,2026-08-01
greenhouse,"G2IT",g2it,2026-07-17
greenhouse,"Galactic Resource Advancement Mechanism Technologies Corporation",gram,2026-07-17
greenhouse,"Galaxia Technologies Inc.",galaxiatech,2026-08-01
greenhouse,"Galaxy",galaxydigitalservices,2026-07-17
greenhouse,"Galaxy Integrated Technologies",galaxy,2026-08-01
greenhouse,"Galileo",galileo,2026-07-17
greenhouse,"Galileo Financial Technologies",galileofinancialtechnologies,2026-07-17
greenhouse,"Gallup",gallup,2026-07-17
greenhouse,"Galvanize",galvanizeclimatesolutions,2026-08-01
greenhouse,"Game Seven",gameseven,2026-07-17
greenhouse,"Gametime United",gametimeunited,2026-07-17
greenhouse,"Garage Door Doctor",garagedoordoctor,2026-08-01
greenhouse,"Garage Pros",garagepros,2026-08-01
greenhouse,"Garda Capital Partners",gardacp,2026-07-17
greenhouse,"Garner Health",garnerhealth,2026-07-17
greenhouse,"Garners Ferry Animal Hospital",garners,2026-08-01
greenhouse,"Gas South",gassouth,2026-07-17
greenhouse,"Gates Ventures",gatesventures,2026-07-17
greenhouse,"Gateway Aesthetic Institute & Laser Center",gateway,2026-08-01
greenhouse,"GATEWAY CAREERS",gatewayfm,2026-07-17
greenhouse,"Gather",gather,2026-07-17
greenhouse,"Gather AI",gatherai,2026-08-01
greenhouse,"GatherUp",gatherup,2026-08-01
greenhouse,"Gatik AI",gatikaiinc,2026-08-01
greenhouse,"Gator Garage Doors",gator,2026-08-01
greenhouse,"GBD Talent",gbd,2026-08-01
greenhouse,"GCI Health",gcihealth,2026-07-17
greenhouse,"GDPR test",gdpr,2026-08-01
greenhouse,"Gearbox",gearbox,2026-08-01
greenhouse,"Gelber Group",gelbergroup,2026-07-17
greenhouse,"Gelber Group Handshake",gelberhandshake,2026-07-17
greenhouse,"Gemini",gemini,2026-07-17
greenhouse,"Genea",genea,2026-07-17
greenhouse,"GeneDx",genedx,2026-08-01
greenhouse,"Generac",generac,2026-08-01
greenhouse,"General Assembly",generalassembly,2026-07-17
greenhouse,"General Atlantic",generalatlantic,2026-07-17
greenhouse,"General Atlantic - Campus",gacampus,2026-07-17
greenhouse,"General Catalyst",generalcatalyst,2026-07-17
greenhouse,"General Interest",general,2026-07-17
greenhouse,"General Legal",generallegalllp,2026-08-01
greenhouse,"General Matter",generalmatter,2026-07-17
greenhouse,"Genetix Biotherapeutics",genetixbiotherapeutics,2026-07-17
greenhouse,"Geneva Trading",genevatrading,2026-07-17
greenhouse,"Genezen",genezenlabs,2026-08-01
greenhouse,"Genius Sports",geniussports,2026-07-17
greenhouse,"Genius Sports Statistician Network",geniussportssn,2026-08-01
greenhouse,"GenScript/ProBio",genscript,2026-07-17
greenhouse,"Gensyn",gensyn,2026-07-17
greenhouse,"Genuine",genuine,2026-08-01
greenhouse,"Geometrics Engineering",geometrics,2026-08-01
greenhouse,"George Masion University",gmu,2026-08-01
greenhouse,"George P. Johnson Experience Marketing",georgepjohnsonexperiencemarketing,2026-08-01
greenhouse,"Georgia Dermatology Partners",georgiadermatology,2026-07-17
greenhouse,"Georgia Kids Academy",georgiakidsacademy,2026-08-01
greenhouse,"Geotab",geotab,2026-07-17
greenhouse,"GeoTek Operations Limited",geotekoperationslimited,2026-08-01
greenhouse,"Getnet",getnet,2026-08-01
greenhouse,"Get Well Network",getwellnetwork,2026-07-17
greenhouse,"GetYourGuide",getyourguide,2026-08-01
greenhouse,"GFiber",googlefiber,2026-08-01
greenhouse,"GH",abcd,2026-08-01
greenhouse,"Ghost",ghost,2026-08-01
greenhouse,"GHX",globalhealthcareexchangeinc,2026-07-17
greenhouse,"Gibson Dunn",gibsondunn,2026-08-01
greenhouse,"Giga Energy",gigaenergy,2026-07-17
greenhouse,"GigFinesse",gigfinesse,2026-08-01
greenhouse,"Gigs",gigs,2026-07-17
greenhouse,"GILLIG",gillig,2026-07-17
greenhouse,"Ginkgo Bioworks Inc.",ginkgobioworks,2026-07-17
greenhouse,"Girl Effect",girleffect,2026-07-17
greenhouse,"GITAI",gitai,2026-07-17
greenhouse,"GitLab",gitlab,2026-07-17
greenhouse,"GiveCampus",givecampus,2026-07-17
greenhouse,"Givecloud",givecloud,2026-07-17
greenhouse,"GiveDirectly",givedirectly,2026-07-17
greenhouse,"GiveWell",givewell,2026-07-17
greenhouse,"Glance",glance,2026-07-17
greenhouse,"Glassdoor",glassdoor,2026-07-17
greenhouse,"GLC Advisors & Co., LLC",glcadvisors,2026-08-01
greenhouse,"Glean",gleanwork,2026-07-17
greenhouse,"Glide",glide,2026-07-17
greenhouse,"GLMX",glmx,2026-07-17
greenhouse,"Global Accelerator",globalaccelerator,2026-07-17
greenhouse,"Global Atlantic Financial Group",gafg,2026-07-17
greenhouse,"Global Atlantic Financial Group- Leadership Networking",exploratory,2026-08-01
greenhouse,"Global Atlantic Financial Group Opportunities",ghd,2026-08-01
greenhouse,"Global Energy Alliance for People and Planet (Global Energy Alliance) LLC",globalenergyallianceforpeopleandplanetgeappllc,2026-07-17
greenhouse,"Global Fishing Watch",globalfishingwatch,2026-07-17
greenhouse,"Globalli",globalli,2026-07-17
greenhouse,"Global Relay",globalrelay,2026-08-01
greenhouse,"GlossGenius",glossgenius,2026-07-17
greenhouse,"Glossier",glossier,2026-08-01
greenhouse,"Glow",glow,2026-08-01
greenhouse,"Glydways",glydways,2026-07-17
greenhouse,"Glyphic Biotechnologies",glyphicbiotechnologies,2026-08-01
greenhouse,"GMMB",gmmb,2026-08-01
greenhouse,"GMP",gmp,2026-08-01
greenhouse,"GOAL",goal,2026-08-01
greenhouse,"Goalcast",goalcast,2026-07-17
greenhouse,"GOAL Jordan",goaljordan,2026-07-17
greenhouse,"GOAT Group",goatgroup,2026-07-17
greenhouse,"GoCardless",gocardless,2026-07-17
greenhouse,"GoDaddy",godaddy,2026-08-01
greenhouse,"Godfrey Dadich Partners",godfreydadichpartners,2026-08-01
greenhouse,"GoFasti",gofasti,2026-08-01
greenhouse,"GoFibre",gofibre,2026-08-01
greenhouse,"GoFundMe",gofundme,2026-07-17
greenhouse,"GoGuardian",goguardian,2026-07-17
greenhouse,"Gojo",gojo,2026-08-01
greenhouse,"Goken",gokenamericallc,2026-08-01
greenhouse,"Golden Apple Foundation Careers",goldenapplefoundationcareers,2026-07-17
greenhouse,"Golden Customer Care",goldencustomercare,2026-08-01
greenhouse,"Golden Hippo",goldenhippo,2026-08-01
greenhouse,"Golden Pet Brands",goldenpetbrands,2026-08-01
greenhouse,"Golden Pet Manufacturing",goldenpetmanufacturing,2026-08-01
greenhouse,"Golden State",goldenstate,2026-07-17
greenhouse,"GOLF.com/GOLF Magazine",golf,2026-08-01
greenhouse,"Golin",golin,2026-08-01
greenhouse,"Gong.io",gongio,2026-07-17
greenhouse,"Goodfire",goodfire,2026-07-17
greenhouse,"Goodhouse",goodhouse,2026-08-01
greenhouse,"Good Inside",goodinside,2026-07-17
greenhouse,"Good Job Games",goodjobgames,2026-07-17
greenhouse,"Goodman",goodman,2026-08-01
greenhouse,"Goodnotes",goodnotes,2026-07-17
greenhouse,"Goodnotes Internships and Contracts",gntemp,2026-07-17
greenhouse,"goodr",goodr,2026-08-01
greenhouse,"Goodshuffle Pro",goodshufflepro,2026-08-01
greenhouse,"Goodway Group",goodwaygroup,2026-07-17
greenhouse,"Goodwin",goodwin,2026-08-01
greenhouse,"Goody Garage Doors",goody,2026-07-17
greenhouse,"Gore Mutual Insurance",goremutualinsurance,2026-07-17
greenhouse,"gorjana",gorjana,2026-07-17
greenhouse,"GoStudent",gostudent,2026-07-17
greenhouse,"Gotion, Inc.",gotion,2026-07-17
greenhouse,"Govini",govini,2026-08-01
greenhouse,"GovTech",govtech,2026-08-01
greenhouse,"GovTech Barbados",govtechbarbados,2026-07-17
greenhouse,"G-P",globalizationpartners,2026-07-17
greenhouse,"GR8_TECH",gr8tech,2026-07-17
greenhouse,"Gracent",gracent,2026-08-01
greenhouse,"Gracent Pediatric Therapy",gracent-peds,2026-08-01
greenhouse,"Gracious Hospitality Management",gracioushospitality,2026-08-01
greenhouse,"Gradial",gradial,2026-07-17
greenhouse,"Gradient AI",gradientai,2026-07-17
greenhouse,"Gradle Technologies",gradle,2026-08-01
greenhouse,"Grafana Labs",grafanalabs,2026-07-17
greenhouse,"Graham Capital Management, L.P.",grahamcapitalmanagement,2026-08-01
greenhouse,"Grailed",grailed,2026-08-01
greenhouse,"Gram Games",gramgamescareers,2026-07-17
greenhouse,"Grantbook",grantbook,2026-07-17
greenhouse,"Granum",granum,2026-08-01
greenhouse,"Graphcore",graphcore,2026-07-17
greenhouse,"Grasshopper",grasshopperasia,2026-08-01
greenhouse,"Gravitate",gravitate,2026-07-17
greenhouse,"Graviton Research Capital LLP",gravitonresearchcapital,2026-08-01
greenhouse,"Gravity",gravity,2026-07-17
greenhouse,"Gravity Payments",gravitypayments17,2026-08-01
greenhouse,"Gravwell",gravwell,2026-08-01
greenhouse,"Grayscale Investments",grayscaleinvestments,2026-07-17
greenhouse,"Grayscale (Sandbox)",grayscale,2026-07-17
greenhouse,"Greenbrook Medical",greenbrookmedical,2026-08-01
greenhouse,"Greencube Corp",greencubesandbox,2026-07-17
greenhouse,"Greenhouse",greenhouse,2026-07-17
greenhouse,"Greenland Investment Management",greenlandinvestmentmanagement,2026-07-17
greenhouse,"Greenlight Consulting",greenlightconsulting,2026-08-01
greenhouse,"Greenline Logistics",greenline,2026-08-01
greenhouse,"Greenpeace USA",greenpeace,2026-07-17
greenhouse,"Greenplaces",greenplaces,2026-07-17
greenhouse,"Greenpoint Technologies",greenpointtechnologies,2026-08-01
greenhouse,"Green Room Communications",greenroomcommunications,2026-08-01
greenhouse,"GreenSpark",applytogreenspark,2026-07-17
greenhouse,"Green Thumb",greenthumbindustries,2026-07-17
greenhouse,"Greenworks",greenworkssunriseglobalmarketing,2026-07-17
greenhouse,"Gremlin",gremlin,2026-08-01
greenhouse,"Grey London",greylondon,2026-07-17
greenhouse,"Grey US",greyus,2026-08-01
greenhouse,"Griffis Residential",griffisresidential,2026-07-17
greenhouse,"GRIN",grin,2026-08-01
greenhouse,"Grist",grist,2026-08-01
greenhouse,"Grön Confections",eatgron,2026-07-17
greenhouse,"Groome Industrial Service Group",groomecareers,2026-07-17
greenhouse,"GROPYUS",gropyus,2026-08-01
greenhouse,"Ground Logistics",groundlogistics,2026-08-01
greenhouse,"Group14 Technologies",group14,2026-07-17
greenhouse,"Groupon",groupon,2026-07-17
greenhouse,"Group PMX",grouppmx,2026-08-01
greenhouse,"Grove Collaborative",grovecollaborative,2026-07-17
greenhouse,"Grover",grover,2026-07-17
greenhouse,"GROWE",growe,2026-07-17
greenhouse,"GrowthDay",growthday,2026-07-17
greenhouse,"Grow Therapy",growtherapy,2026-07-17
greenhouse,"Groww",groww,2026-08-01
greenhouse,"Grüns",gruns,2026-07-17
greenhouse,"Grupo QuintoAndar",quintoandar,2026-07-17
greenhouse,"GRVTY",grvty,2026-08-01
greenhouse,"GTB",gtb,2026-08-01
greenhouse,"GT'S Living Foods",gtslivingfoods,2026-08-01
greenhouse,"Guardian Restoration",guardianrestoration,2026-08-01
greenhouse,"Guardsquare",guardsquare,2026-08-01
greenhouse,"Guardz",guardz,2026-08-01
greenhouse,"Guerrilla Games",guerrilla-games,2026-07-17
greenhouse,"Guidelight Health",guidelighthealth,2026-07-17
greenhouse,"Guidepoint",guidepoint,2026-07-17
greenhouse,"GuidePoint Security",guidepointsecurity,2026-07-17
greenhouse,"Guidepost Global Education Asia",gge-asia,2026-07-17
greenhouse,"Guidepost Montessori",guidepostmontessori,2026-07-17
greenhouse,"Guidewheel",guidewheel,2026-07-17
greenhouse,"Guild",guild,2026-07-17
greenhouse,"Guild Garage Group",guildgaragegroup,2026-08-01
greenhouse,"GumGum",gumgum,2026-08-01
greenhouse,"GURUS Solutions",gurussolutions,2026-08-01
greenhouse,"Gusto, Inc.",gusto,2026-07-17
greenhouse,"GWI",globalwebindex,2026-07-17
greenhouse,"Gyde",gyde,2026-08-01
greenhouse,"Gymshark",gymshark,2026-07-17
greenhouse,"Habitat for Humanity Greater San Francisco",habitatforhumanitygreatersanfranciscoinc,2026-07-17
greenhouse,"Habitat Health",habitathealth,2026-07-17
greenhouse,"HackerRank Careers",hackerrank,2026-07-17
greenhouse,"Haize Labs",haizelabs,2026-07-17
greenhouse,"HALA",hala,2026-07-17
greenhouse,"Halcyon",halcyon,2026-07-17
greenhouse,"Hankook Tire America Corp.",hankooktireamericacorp,2026-07-17
greenhouse,"Hanover",hanover,2026-08-01
greenhouse,"Hanwha Energy USA",hanwhaenergyusa,2026-08-01
greenhouse,"Hanwha Renewables",hanwharenewables,2026-07-17
greenhouse,"Happy Money",happymoney,2026-08-01
greenhouse,"Harbinger Motors Inc.",harbingermotors,2026-07-17
greenhouse,"Harbor",harborglobal,2026-07-17
greenhouse,"Harbor Animal Hospital",harbor,2026-08-01
greenhouse,"Hark",hark,2026-08-01
greenhouse,"Harmonic",harmonic,2026-07-17
greenhouse,"Harness",harnessinc,2026-08-01
greenhouse,"Harper Group",harpergroup,2026-07-17
greenhouse,"Harris Associates",harrisassociates,2026-07-17
greenhouse,"Harrow, Inc.",harrowhealth,2026-07-17
greenhouse,"Harry's",harrys,2026-07-17
greenhouse,"Harvester Veterinary Hospital of Burr Ridge",burr,2026-08-01
greenhouse,"Hasbro",hasbro,2026-07-17
greenhouse,"Hatch",hatchcareers,2026-07-17
greenhouse,"Hatch Contracts",hatchhirescontractors,2026-07-17
greenhouse,"HavenHub",havenhub,2026-07-17
greenhouse,"Hayden Consulting Group",haydenconsultinggroupllc,2026-08-01
greenhouse,"Hazel Health",hazel,2026-07-17
greenhouse,"HBK Capital Management",hbkcapitalmanagement,2026-08-01
greenhouse,"HBS",hbs,2026-08-01
greenhouse,"HCG",hcg,2026-08-01
greenhouse,"HDM Capital LLC",hdmcapitalllc,2026-08-01
greenhouse,"Headout",headoutcareers,2026-08-01
greenhouse,"Headout LI",headoutlinkedin,2026-07-17
greenhouse,"Headspace",hs,2026-07-17
greenhouse,"Headspace Providers",headspaceproviders,2026-08-01
greenhouse,"Headspace Sourcing",headspacesourcing,2026-07-17
greenhouse,"Headway",headway,2026-07-17
greenhouse,"HealthCheck360",hc360,2026-08-01
greenhouse,"HealtheConnections",healtheconnections,2026-07-17
greenhouse,"HealthJoy",healthjoy,2026-08-01
greenhouse,"Health Link",healthlink,2026-08-01
greenhouse,"Health & Wellbeing Collective",hwc,2026-08-01
greenhouse,"Hear.com IN",hearcomin,2026-07-17
greenhouse,"Hear.com US",hearcom,2026-07-17
greenhouse,"Heartflow",heartflowinc,2026-07-17
greenhouse,"Heart + Paw",heartpaw,2026-07-17
greenhouse,"Helium",helium,2026-08-01
greenhouse,"Helium 10",helium10,2026-07-17
greenhouse,"Hello Alice",helloalice,2026-07-17
greenhouse,"HelloFresh",hellofresh,2026-08-01
greenhouse,"Hello Heart",helloheart,2026-07-17
greenhouse,"HELLOMONDAY/DEPT®",hellomonday,2026-07-17
greenhouse,"HELP",help,2026-08-01
greenhouse,"Helsing",helsing,2026-08-01
greenhouse,"Henry Meds",henrymeds,2026-08-01
greenhouse,"Herald",heraldapi,2026-07-17
greenhouse,"HERE",hereio,2026-07-17
greenhouse,"Herewith Caregivers",herewithgmbh,2026-08-01
greenhouse,"Herewith Inc.",herewithinc,2026-07-17
greenhouse,"Herself Health",herselfhealth,2026-08-01
greenhouse,"Heven AeroTech",hevenaerotech,2026-08-01
greenhouse,"HexArmor",hexarmor,2026-07-17
greenhouse,"Hex Technologies",hextechnologies,2026-08-01
greenhouse,"heycar",heycar,2026-07-17
greenhouse,"HeyGen",heygen,2026-07-17
greenhouse,"HG Insights",hginsights,2026-08-01
greenhouse,"Hibu",hibu,2026-07-17
greenhouse,"Hidden Events",jshiddenevents,2026-07-17
greenhouse,"Hidden Road",hiddenroad,2026-07-17
greenhouse,"Highdive",highdive,2026-07-17
greenhouse,"Higher Logic",higherlogic,2026-07-17
greenhouse,"Highland Animal Hospital",highland,2026-08-01
greenhouse,"Highnote",highnote,2026-07-17
greenhouse,"Hightouch",hightouch,2026-07-17
greenhouse,"Highwire",highwire,2026-07-17
greenhouse,"Hillel International",hillel,2026-07-17
greenhouse,"Hill House Home",hillhousehome,2026-07-17
greenhouse,"Hi Marley",himarley,2026-08-01
greenhouse,"Hippo Insurance",hippo70,2026-08-01
greenhouse,"Hiram Animal Hospital",hiram,2026-08-01
greenhouse,"hireEZ-CN",hireez,2026-08-01
greenhouse,"Hirist",hirist,2026-08-01
greenhouse,"Hiro Systems PBC",hiro,2026-07-17
greenhouse,"Hive",hive,2026-07-12
greenhouse,"Hive Financial Systems",hivefinancialsystems,2026-07-17
greenhouse,"HiveMQ",hivemq,2026-07-17
greenhouse,"Hivestack",hivestack,2026-07-17
greenhouse,"Holcomb Laser Center",holcomb,2026-08-01
greenhouse,"Holder",holder,2026-08-01
greenhouse,"Holder Construction",holderconstruction,2026-08-01
greenhouse,"Holistic Industries",holisticindustries,2026-07-17
greenhouse,"Hologram",hologram,2026-08-01
greenhouse,"Home Instead",homeinstead,2026-08-01
greenhouse,"Homeland Safety Systems",homeland,2026-08-01
greenhouse,"HomeLight",homelight,2026-07-17
greenhouse,"Homes Alive Pets",homesalive,2026-08-01
greenhouse,"Hometap",hometap,2026-07-17
greenhouse,"Homeward",homewardhealth,2026-07-17
greenhouse,"Hone Health",honehealth,2026-07-17
greenhouse,"Honest Networks",honestnetworks,2026-07-17
greenhouse,"Honeycomb Insurance",honeycombinsurance,2026-08-01
greenhouse,"Honeycomb.io",honeycomb,2026-07-17
greenhouse,"Honor",honor,2026-07-17
greenhouse,"Honor Foods",honorfoods,2026-08-01
greenhouse,"Hook",hook,2026-07-17
greenhouse,"Hoonigan",hoonigan,2026-08-01
greenhouse,"Hootsuite",hootsuite,2026-08-01
greenhouse,"Hope and Healing Clinic",hopeandhealingcliniccareers,2026-08-01
greenhouse,"HOPPR",hoppr,2026-07-17
greenhouse,"HopSkipDrive",hopskipdrive,2026-07-17
greenhouse,"Horace Mann",horacemannservicecorporation,2026-07-17
greenhouse,"Horace Mann agencies for sale across the country.",agenciesforsale,2026-07-17
greenhouse,"Horace Mann - Agent Opportunities",horacemannagents,2026-08-01
greenhouse,"Horizen",horizen,2026-08-01
greenhouse,"Horsepower Automotive Group",hpag,2026-08-01
greenhouse,"HouseAccount",houseaccount,2026-07-17
greenhouse,"House Buyers of America",housebuyersofamerica,2026-08-01
greenhouse,"Housecall Pro",housecall,2026-08-01
greenhouse,"Housemarque",housemarque,2026-07-17
greenhouse,"HousingAnywhere Group",housinganywhere,2026-07-17
greenhouse,"Hover",hover,2026-08-01
greenhouse,"Hovercraft",hovercraft,2026-08-01
greenhouse,"HoYoverse",hoyoverse,2026-07-17
greenhouse,"HP Hood",hoodhp,2026-07-17
greenhouse,"HP IQ",hpiq,2026-07-17
greenhouse,"HPR",hyannisportresearch,2026-07-17
greenhouse,"HPS Investment Partners",hpsinvestmentpartners,2026-07-17
greenhouse,"HubSpot",hubspotjobs,2026-08-01
greenhouse,"HubSpot Product",hubspot,2026-08-01
greenhouse,"Huddle Up",huddleup,2026-08-01
greenhouse,"Hudl",hudl,2026-07-17
greenhouse,"Hudl India",hudlindia,2026-07-17
greenhouse,"Hudson River Trading",wehrtyou,2026-08-01
greenhouse,"Hudson Rouge",hudsonrouge,2026-08-01
greenhouse,"HugeInc",hugeinc,2026-07-17
greenhouse,"Hughes Hubbard & Reed LLP",hugheshubbardreedllp,2026-08-01
greenhouse,"Human Agency",humanagency,2026-07-17
greenhouse,"Human Interest",humaninterest,2026-07-17
greenhouse,"Human Rights Watch",humanrightswatch,2026-07-17
greenhouse,"HumanSignal",humansignal,2026-07-17
greenhouse,"Hume",hume,2026-08-01
greenhouse,"Hume AI",humeai,2026-07-17
greenhouse,"Hummingbird",hummingbirdregtech,2026-07-17
greenhouse,"Hungryroot",hungryroot,2026-07-17
greenhouse,"Hunter Douglas",hunterdouglas,2026-08-01
greenhouse,"Huntress",huntress,2026-07-17
greenhouse,"Hurley Engineering",hrl,2026-08-01
greenhouse,"Hut 8",hut8,2026-07-17
greenhouse,"Hyperfine",hyperfine53,2026-07-17
greenhouse,"Hyphen Connect Limited",hyphenconnect,2026-07-17
greenhouse,"Hypori",hypori,2026-07-17
greenhouse,"HYPR",hypr,2026-08-01
greenhouse,"i.AI",iai,2026-08-01
greenhouse,"IANS",ians,2026-07-17
greenhouse,"iBanFirst",ibanfirst,2026-08-01
greenhouse,"iCapital",icapitalnetwork,2026-07-17
greenhouse,"Ice Miller",icemiller,2026-07-17
greenhouse,"ICON",iconcareers,2026-08-01
greenhouse,"ICONIQ",iconiq,2026-07-17
greenhouse,"ICON Talent Community",icon,2026-08-01
greenhouse,"ID5",id5,2026-08-01
greenhouse,"IDEO",ideo,2026-07-17
greenhouse,"ID.me",idme,2026-07-17
greenhouse,"ID Quantique",idquantique,2026-08-01
greenhouse,"IE",ie,2026-07-17
greenhouse,"IEX Group",iex,2026-08-01
greenhouse,"iFIT",ifit,2026-08-01
greenhouse,"iFood",ifoodcarreiras,2026-07-17
greenhouse,"IFT",iftother,2026-07-17
greenhouse,"iHerb",iherb,2026-07-17
greenhouse,"ília",ilia,2026-08-01
greenhouse,"IMA Financial Group",imafinancialgroup,2026-08-01
greenhouse,"Imagine Pediatrics",imaginepediatrics,2026-07-17
greenhouse,"Imagine Worldwide",imagineworldwide,2026-07-17
greenhouse,"Imbibe",imbibeinc,2026-07-17
greenhouse,"Imbue",imbue,2026-07-17
greenhouse,"IMC",imc,2026-07-17
greenhouse,"IMC Sandbox",imcsandbox33,2026-07-17
greenhouse,"Imgur",imgur,2026-08-01
greenhouse,"IMI",imi,2026-08-01
greenhouse,"immoverkauf24",immoverkauf24,2026-08-01
greenhouse,"Immunefi",immunefi,2026-08-01
greenhouse,"Immunome, Inc.",immunomeinc,2026-08-01
greenhouse,"Impact - Cape Town",capetown,2026-08-01
greenhouse,"Impact.com",impact,2026-07-17
greenhouse,"Impinj",impinjexternal,2026-07-17
greenhouse,"Impinj - DEV",impinj,2026-08-01
greenhouse,"Impiricus",impiricus,2026-07-17
greenhouse,"Implicit",implicit,2026-07-17
greenhouse,"Imply",imply,2026-08-01
greenhouse,"imre",imre,2026-08-01
greenhouse,"Imubit",imubit,2026-07-17
greenhouse,"IMVT Corporation",imvtcorporation,2026-07-17
greenhouse,"Inari Agriculture",inariagriculture,2026-08-01
greenhouse,"Inbound Application Test",inbound,2026-08-01
greenhouse,"INCA Engineering",incaengineering,2026-07-17
greenhouse,"Inceptive",inceptive,2026-07-17
greenhouse,"InCharge Energy",inchargeenergy,2026-07-17
greenhouse,"Incident IQ",incidentiq,2026-07-17
greenhouse,"Incode Technologies",incode,2026-07-17
greenhouse,"Incognia",incognia,2026-08-01
greenhouse,"Indagare",indagare,2026-08-01
greenhouse,"Indeed",indeed,2026-08-01
greenhouse,"Indie Campers",indiecampers,2026-08-01
greenhouse,"Indie Campers | LinkedIn",indiecampers-linkedin,2026-08-01
greenhouse,"Indigo",indigo,2026-08-01
greenhouse,"Industrial Door Company",industrial,2026-08-01
greenhouse,"Industrial Electric Manufacturing",industrialelectricmanufacturing,2026-07-17
greenhouse,"Inflect",inflect,2026-08-01
greenhouse,"Inflection AI",inflectionai,2026-07-17
greenhouse,"Infomedia",infomedia,2026-08-01
greenhouse,"Informal Systems",informal,2026-08-01
greenhouse,"Infront",infront,2026-08-01
greenhouse,"INFUSE",infuse,2026-07-17
greenhouse,"INGENIOUS.BUILD",ingenious,2026-08-01
greenhouse,"InHerSight",inhersight,2026-08-01
greenhouse,"Inizio",inizio,2026-07-17
greenhouse,"Inizio Evoke",inizioevoke,2026-08-01
greenhouse,"Inizio Ignite",ashfieldadvisory,2026-07-17
greenhouse,"Inizio Ignite | Putnam",putnamassociatesllc,2026-07-17
greenhouse,"Inizio Ignite | STEM",stemhealthcare,2026-07-17
greenhouse,"Inizio Medical",iniziomedical,2026-07-17
greenhouse,"Inkhouse",inkhousehq,2026-08-01
greenhouse,"inKind",inkind,2026-07-17
greenhouse,"INLAN",inlan,2026-07-17
greenhouse,"InMobi",inmobi,2026-07-17
greenhouse,"Innodata Inc.",innodatainc,2026-08-01
greenhouse,"Innovative Air",ino,2026-08-01
greenhouse,"Innovid",innovid,2026-08-01
greenhouse,"inovalon",inovalon,2026-08-01
greenhouse,"Insider Jobs @ Credit Karma",cker,2026-08-01
greenhouse,"insightly",insightly,2026-08-01
greenhouse,"Insomniac Games",insomniac,2026-07-17
greenhouse,"Inspira Education",inspiraeducation,2026-07-17
greenhouse,"inspire11",inspire11,2026-08-01
greenhouse,"Inspire Medical Systems Inc.",inspiremedicalsystemsinc,2026-07-17
greenhouse,"Inspiren",inspiren,2026-07-17
greenhouse,"Instabase",instabase,2026-07-17
greenhouse,"instacart",instacart,2026-08-01
greenhouse,"Instawork",instawork,2026-07-17
greenhouse,"Instead",instead,2026-07-17
greenhouse,"instiglioconsultantroster",instiglioconsultantroster,2026-08-01
greenhouse,"instigliointernships",instigliointernships,2026-08-01
greenhouse,"InStride",instride,2026-07-17
greenhouse,"Insurify",insurify,2026-07-17
greenhouse,"Insurtech Insights",insurtechinsights,2026-07-17
greenhouse,"intake",intake,2026-08-01
greenhouse,"IntegraFEC",integra,2026-07-17
greenhouse,"integralmolecular",integralmolecular,2026-08-01
greenhouse,"integratedbiosciencesinc",integratedbiosciencesinc,2026-08-01
greenhouse,"integrity",integrity,2026-08-01
greenhouse,"Integrity Home Care & Hospice",ihc,2026-08-01
greenhouse,"integrityrehabgroup",integrityrehabgroup,2026-08-01
greenhouse,"intellishoredk",intellishoredk,2026-08-01
greenhouse,"Intellum, Inc.",intelluminc,2026-07-17
greenhouse,"inter",inter,2026-08-01
greenhouse,"Interactive Brokers",ibkr,2026-07-17
greenhouse,"Interactive Brokers External",ibkrexternal,2026-07-17
greenhouse,"Interbrand",interbrand,2026-07-17
greenhouse,"Interdependence",interdependence,2026-07-17
greenhouse,"Interface AI",interfaceai,2026-07-17
greenhouse,"Intermex Wire Transfer",intermexwiretransfer,2026-07-17
greenhouse,"internalassociates",internalassociates,2026-08-01
greenhouse,"Internal External",contract,2026-08-01
greenhouse,"Internal Job Board",internaljobsatlush,2026-07-17
greenhouse,"international",international,2026-08-01
greenhouse,"internationalbusinessuniversity",internationalbusinessuniversity,2026-08-01
greenhouse,"internetx",internetx,2026-08-01
greenhouse,"interns",interns,2026-08-01
greenhouse,"Internship and Full-Time",internshipsandftjobboard,2026-07-17
greenhouse,"Internship List",internshiplist2000,2026-07-17
greenhouse,"Internship Opportunities",liscinternships,2026-07-17
greenhouse,"Internship Positions at Global Atlantic Financial Group",gainternships,2026-08-01
greenhouse,"interpath",interpath,2026-08-01
greenhouse,"Interpublic Group",app4,2026-08-01
greenhouse,"interseller",interseller,2026-08-01
greenhouse,"Interstellar Lab",interstellarlab,2026-07-17
greenhouse,"intersystems",intersystems,2026-08-01
greenhouse,"Interview Engineering",interviewengineering,2026-07-17
greenhouse,"Interview Kickstart",interviewkickstart,2026-07-17
greenhouse,"InterWorks",interworks,2026-07-17
greenhouse,"intowngolfclub",intowngolfclub,2026-08-01
greenhouse,"intrinsicdevelopment",intrinsicdevelopment,2026-08-01
greenhouse,"intrinsicrobotics",intrinsicrobotics,2026-08-01
greenhouse,"Inversion",inversionspace,2026-07-17
greenhouse,"invgate",invgate,2026-08-01
greenhouse,"invisible",invisible,2026-08-01
greenhouse,"Invisible Agency",agency,2026-07-17
greenhouse,"Invisible Technologies",invisibletech,2026-07-17
greenhouse,"Invite-Only Job Board",genius,2026-08-01
greenhouse,"Invivyd",invivyd,2026-07-17
greenhouse,"invoca",invoca,2026-08-01
greenhouse,"invoicecloud",invoicecloud,2026-08-01
greenhouse,"ionos",ionos,2026-08-01
greenhouse,"IonQ",ionq,2026-07-17
greenhouse,"Iovance Biotherapeutics",iovancebiotherapeutics,2026-07-17
greenhouse,"iowacannabiscompany",iowacannabiscompany,2026-08-01
greenhouse,"iris",iris,2026-08-01
greenhouse,"isaac",isaac,2026-07-17
greenhouse,"isaraerospace",isaraerospace,2026-08-01
greenhouse,"isidor",isidor,2026-08-01
greenhouse,"ism",ism,2026-08-01
greenhouse,"Isomorphic Labs",isomorphiclabs,2026-07-17
greenhouse,"iSpot",ispottv,2026-07-17
greenhouse,"israel",israel,2026-08-01
greenhouse,"itb",itb,2026-08-01
greenhouse,"itcss",itcss,2026-08-01
greenhouse,"itd",itd,2026-08-01
greenhouse,"itel",itel,2026-08-01
greenhouse,"Iterable",iterable,2026-07-17
greenhouse,"Iterative Health",iterativehealth,2026-07-17
greenhouse,"Itero Group",itero-group,2026-07-17
greenhouse,"its",its,2026-08-01
greenhouse,"ITS Logistics, LLC",itslogisticsllc,2026-07-17
greenhouse,"ivalua",ivalua,2026-08-01
greenhouse,"Ivanti",a3c41b8b71eff8c4,2026-08-01
greenhouse,"ivxhealth",ivxhealth,2026-08-01
greenhouse,"iwf",iwf,2026-08-01
greenhouse,"iwjv",iwjv,2026-08-01
greenhouse,"J2 Health",j2health,2026-07-17
greenhouse,"jackmorton",jackmorton,2026-08-01
greenhouse,"jackmortonworldwide",jackmortonworldwide,2026-08-01
greenhouse,"jackpot",jackpot,2026-08-01
greenhouse,"Jade Biosciences",jadebiosciences,2026-07-17
greenhouse,"jaguar",jaguar,2026-08-01
greenhouse,"jamasoftware",jamasoftware,2026-08-01
greenhouse,"jamf",jamf,2026-08-01
greenhouse,"jampp",jampp,2026-08-01
greenhouse,"Janea Systems",janeasystems,2026-07-17
greenhouse,"Janes",janes,2026-07-17
greenhouse,"Jane Street",janestreet,2026-07-17
greenhouse,"Jane Street Events",janestreetevents,2026-07-17
greenhouse,"japan",japan,2026-08-01
greenhouse,"Jaris",jaris,2026-07-17
greenhouse,"JazzX AI",jazzx-ai,2026-07-17
greenhouse,"jcdecaux",jcdecaux,2026-08-01
greenhouse,"jdm",jdm,2026-08-01
greenhouse,"jdpower",jdpower,2026-08-01
greenhouse,"JD Sports",jdsports,2026-07-17
greenhouse,"jdsportsfr",jdsportsfr,2026-08-01
greenhouse,"jennikayne",jennikayne,2026-08-01
greenhouse,"Jensen Hughes",jensenhughes,2026-07-17
greenhouse,"JetBrains",jetbrains,2026-07-17
greenhouse,"jetinsight",jetinsight,2026-08-01
greenhouse,"JetZero",jetzero,2026-07-17
greenhouse,"JFF",jobsforthefuture,2026-07-17
greenhouse,"jfrog",jfrog,2026-08-01
greenhouse,"JigawaUNITE",jigawauniteandbox,2026-07-17
greenhouse,"jjfr",jjfr,2026-08-01
greenhouse,"jjnl",jjnl,2026-08-01
greenhouse,"jjus",jjus,2026-08-01
greenhouse,"jmg",jmg,2026-08-01
greenhouse,"Job Board",corelight,2026-07-17
greenhouse,"Job Board API",embedded,2026-08-01
greenhouse,"joblogic",joblogic,2026-08-01
greenhouse,"jobposts",jobposts,2026-08-01
greenhouse,"johnmcorcorancompany",johnmcorcorancompany,2026-08-01
greenhouse,"joinbiospan",joinbiospan,2026-08-01
greenhouse,"Join Our Talent Community",axontalentcommunity,2026-07-17
greenhouse,"Join the FOLX Team!",folxhealth,2026-07-17
greenhouse,"Jomboy Media",jomboymedia,2026-07-17
greenhouse,"jonssonworkwear",jonssonworkwear,2026-08-01
greenhouse,"Journee Technologies GmbH",journee,2026-07-17
greenhouse,"Journey",journey,2026-07-17
greenhouse,"jrc",jrc,2026-08-01
greenhouse,"jrmconstructionmanagementllc",jrmconstructionmanagementllc,2026-08-01
greenhouse,"jrtc",jrtc,2026-08-01
greenhouse,"Judi Health",capitalrx,2026-07-17
greenhouse,"jugabet",jugabet,2026-08-01
greenhouse,"Jukebox Health",jukeboxhealth,2026-07-17
greenhouse,"jumia",jumia,2026-08-01
greenhouse,"Jumio",jumio,2026-07-17
greenhouse,"jumo",jumo,2026-08-01
greenhouse,"jumpcrypto",jumpcrypto,2026-08-01
greenhouse,"jumptrading",jumptrading,2026-08-01
greenhouse,"Jungle Scout",junglescout,2026-07-17
greenhouse,"juniorachievementlocal",juniorachievementlocal,2026-08-01
greenhouse,"Juno",juno,2026-07-17
greenhouse,"Juno Veterinary",junoveterinary,2026-07-17
greenhouse,"jusbrasil",jusbrasil,2026-08-01
greenhouse,"just-global",just-global,2026-08-01
greenhouse,"justjoin",justjoin,2026-08-01
greenhouse,"Justworks",justworks,2026-07-17
greenhouse,"Juul Labs",juullabs,2026-07-17
greenhouse,"Juvare",juvare,2026-07-17
greenhouse,"jwhr",jwhr,2026-08-01
greenhouse,"k18inc",k18inc,2026-08-01
greenhouse,"K2 Space",k2spacecorporation,2026-07-17
greenhouse,"kadenallc",kadenallc,2026-08-01
greenhouse,"kaggle",kaggle,2026-08-01
greenhouse,"kailera",kailera,2026-08-01
greenhouse,"Kairos Power",kairospower,2026-07-17
greenhouse,"kaizengaming",kaizengaming,2026-08-01
greenhouse,"kaleo",kaleo,2026-08-01
greenhouse,"Kalepa",kalepa,2026-07-17
greenhouse,"Kalshi",kalshi,2026-07-17
greenhouse,"kaluza",kaluza,2026-08-01
greenhouse,"kalvistapharmaceuticals",kalvistapharmaceuticals,2026-08-01
greenhouse,"kambi",kambi,2026-08-01
greenhouse,"kano",kano,2026-08-01
greenhouse,"kape",kape,2026-08-01
greenhouse,"Kapitus",kapitus,2026-07-17
greenhouse,"Karat",karat,2026-07-17
greenhouse,"Karbon",karbon,2026-07-17
greenhouse,"kardfinancialinc",kardfinancialinc,2026-08-01
greenhouse,"kardigan",kardigan,2026-08-01
greenhouse,"Kargo",kargo,2026-07-17
greenhouse,"Karya",karya,2026-07-17
greenhouse,"kasa",kasa,2026-08-01
greenhouse,"kaseya",kaseya,2026-08-01
greenhouse,"Kasisto",kasisto,2026-07-17
greenhouse,"katalyst",katalyst,2026-08-01
greenhouse,"KAYAK",kayak,2026-07-17
greenhouse,"kayzen",kayzen,2026-08-01
greenhouse,"KBRA",krollbondratingagency,2026-07-17
greenhouse,"kbs",kbs,2026-08-01
greenhouse,"kc3",kc3,2026-08-01
greenhouse,"kca",kca,2026-08-01
greenhouse,"KCare",kcare,2026-07-17
greenhouse,"Keebo",keebo,2026-07-17
greenhouse,"keeleyconstruction",keeleyconstruction,2026-08-01
greenhouse,"keen",keen,2026-08-01
greenhouse,"keenfootwear",keenfootwear,2026-08-01
greenhouse,"Keeper Security",keepersecurity,2026-07-17
greenhouse,"keepitsafe",keepitsafe,2026-08-01
greenhouse,"Keller Postman",kellerpostman,2026-07-17
greenhouse,"Kensington",kensingtontours,2026-07-17
greenhouse,"Kepler Group",keplergroup,2026-07-17
greenhouse,"Kestra Medical Technologies Inc.",kestramedicaltechnologiesinc,2026-07-17
greenhouse,"Ketryx",ketryx,2026-07-17
greenhouse,"Kettle",kettle,2026-07-17
greenhouse,"keychain",keychain,2026-08-01
greenhouse,"Keyfactor, Inc.",keyfactorinc,2026-07-17
greenhouse,"KH Aerospace",khaerospace,2026-07-17
greenhouse,"khaite",khaite,2026-08-01
greenhouse,"Khan Academy",khanacademy,2026-07-17
greenhouse,"K Health",khealthcareers,2026-07-17
greenhouse,"Kiavi",kiavi,2026-07-17
greenhouse,"kicksaw",kicksaw,2026-08-01
greenhouse,"Kickstarter PBC",kickstarter,2026-07-17
greenhouse,"Kidsnet",kidsnet,2026-07-17
greenhouse,"kikoff",kikoff,2026-08-01
greenhouse,"kindbridgecorporation",kindbridgecorporation,2026-08-01
greenhouse,"kindbridgeresearchinstitute",kindbridgeresearchinstitute,2026-08-01
greenhouse,"Kinder's",kinders,2026-07-17
greenhouse,"kindo",kindo,2026-08-01
greenhouse,"kinetik",kinetik,2026-08-01
greenhouse,"kinexon",kinexon,2026-08-01
greenhouse,"Kinexus Group",kinexus,2026-07-17
greenhouse,"kingston",kingston,2026-08-01
greenhouse,"kion",kion,2026-08-01
greenhouse,"kirbynagelhoutcareers",kirbynagelhoutcareers,2026-08-01
greenhouse,"Kit",kit,2026-07-17
greenhouse,"KitchenPark",kitchenpark,2026-07-17
greenhouse,"kitsap",kitsap,2026-08-01
greenhouse,"kivaorg",kivaorg,2026-08-01
greenhouse,"Kizen",kizen,2026-07-17
greenhouse,"KLARSTEIN",berlinbrands,2026-07-17
greenhouse,"klaviyo",klaviyo,2026-08-01
greenhouse,"Klaviyo Campus",klaviyocampus,2026-07-17
greenhouse,"klaxoon",klaxoon,2026-08-01
greenhouse,"knack",knack,2026-08-01
greenhouse,"knak",knak,2026-08-01
greenhouse,"Knight Division Tactical",knightdivisiontactical,2026-07-17
greenhouse,"knightedgaming",knightedgaming,2026-08-01
greenhouse,"knightedventures",knightedventures,2026-08-01
greenhouse,"knit",knit,2026-08-01
greenhouse,"Knock",knock,2026-07-17
greenhouse,"KnowBe4",knowbe4,2026-07-17
greenhouse,"Knowde",knowde,2026-07-17
greenhouse,"Known",known,2026-07-17
greenhouse,"knr",knr,2026-08-01
greenhouse,"Koalafi",koalafi,2026-07-17
greenhouse,"KoBold Metals",koboldmetals,2026-07-17
greenhouse,"KoBold Metals DRC",koboldmetalsdrc,2026-07-17
greenhouse,"KoBold Metals Zambia",zambold,2026-08-01
greenhouse,"koch",koch,2026-08-01
greenhouse,"Koddi",koddi,2026-07-17
greenhouse,"Kodiak",kodiak,2026-07-17
greenhouse,"Kodiak Solutions",kodiaksolutions,2026-07-17
greenhouse,"Koko",koko,2026-07-17
greenhouse,"Koley Jessen P.C., L.L.O",koleyjessen,2026-07-17
greenhouse,"kolmacintegratedbehavioralhealth",kolmacintegratedbehavioralhealth,2026-08-01
greenhouse,"Komodo Health",komodohealth,2026-07-17
greenhouse,"kona",kona,2026-08-01
greenhouse,"Konovo",konovo,2026-07-17
greenhouse,"konradgroup",konradgroup,2026-08-01
greenhouse,"KONUX",konux,2026-07-17
greenhouse,"korea",korea,2026-08-01
greenhouse,"KRAFTON",krafton,2026-07-17
greenhouse,"KRAFTON Americas",kraftonamericas,2026-07-17
greenhouse,"KRAFTON Montréal Studio",studiokraftonboard,2026-07-17
greenhouse,"Kronos Research",kronosresearch,2026-07-17
greenhouse,"Kulfi Collective",kulficollective,2026-07-17
greenhouse,"Kunai",kunai,2026-07-17
greenhouse,"kuraoncology",kuraoncology,2026-08-01
greenhouse,"kxadvisors",kxadvisors,2026-08-01
greenhouse,"kymberconsultinggroup",kymberconsultinggroup,2026-08-01
greenhouse,"Kyo",kyocare,2026-07-17
greenhouse,"Kyowa Kirin North America",kyowakirinusa90,2026-07-17
greenhouse,"LA28",la2028,2026-07-17
greenhouse,"LA28 (Web)",la28careers,2026-07-17
greenhouse,"lab37",lab37,2026-08-01
greenhouse,"Labelbox",labelbox,2026-07-17
greenhouse,"labstats",labstats,2026-08-01
greenhouse,"LA Clippers",laclippers,2026-07-17
greenhouse,"Ladder",ladder33,2026-07-17
greenhouse,"lakefieldveterinarygroup",lakefieldveterinarygroup,2026-08-01
greenhouse,"lakeland",lakeland,2026-08-01
greenhouse,"lakewood",lakewood,2026-08-01
greenhouse,"LANDBAY",landbay,2026-07-17
greenhouse,"landdesign",landdesign,2026-08-01
greenhouse,"Landor",landor,2026-07-17
greenhouse,"Lantern",employerdirecthealthcare,2026-07-17
greenhouse,"Lantern",lanternstudiosinc,2026-07-17
greenhouse,"LAPORTE L.E.C.",laportefr,2026-07-17
greenhouse,"LAPORTE L.E.I.",englishcanada,2026-08-01
greenhouse,"laporteusa",laporteusa,2026-08-01
greenhouse,"Larkin Street Youth Services",larkinstreetyouthservices,2026-07-17
greenhouse,"La Senza",lasenza,2026-07-17
greenhouse,"Lasko Products",laskoproducts,2026-07-17
greenhouse,"LastPass",lastpass,2026-07-17
greenhouse,"Later",later,2026-07-17
greenhouse,"Latitude AI",latitude,2026-07-17
greenhouse,"lattice",lattice,2026-08-01
greenhouse,"LaunchDarkly",launchdarkly,2026-07-17
greenhouse,"Launchpad Technologies",launchpadtechnologiesinc,2026-07-17
greenhouse,"Launch Potato",launch2,2026-07-17
greenhouse,"lawmatics",lawmatics,2026-08-01
greenhouse,"LawZero",lawzero,2026-07-17
greenhouse,"Layer Health",layerhealth,2026-07-17
greenhouse,"LayerZero Labs",layerzerolabs,2026-07-17
greenhouse,"Lazarus",lazarusenterprises,2026-07-17
greenhouse,"lead",lead,2026-08-01
greenhouse,"Leading Educators Careers",leadingeducators,2026-07-17
greenhouse,"leaflink",leaflink,2026-08-01
greenhouse,"leagueapps",leagueapps,2026-08-01
greenhouse,"League Inc.",leagueinc,2026-07-17
greenhouse,"Leapwork",leapwork,2026-07-17
greenhouse,"Learneo",learneo,2026-07-17
greenhouse,"Learning Commons",education,2026-08-01
greenhouse,"learningnetwork",learningnetwork,2026-08-01
greenhouse,"Learning Safari",learningsafari,2026-07-17
greenhouse,"LearnLux",learnlux,2026-07-17
greenhouse,"LearnUpon",learnupon,2026-07-17
greenhouse,"legalist",legalist,2026-08-01
greenhouse,"legalservicesnyc",legalservicesnyc,2026-08-01
greenhouse,"Legend Biotech EU",legendcareerseu,2026-07-17
greenhouse,"Legend Biotech US",legendcareers,2026-07-17
greenhouse,"legendyounggraduateeu",legendyounggraduateeu,2026-08-01
greenhouse,"Legion",legion,2026-07-17
greenhouse,"Legion Intelligence",yurtsai,2026-08-01
greenhouse,"lektechnologygroup",lektechnologygroup,2026-08-01
greenhouse,"LendingTree",lendingtree,2026-07-17
greenhouse,"letsgetchecked",letsgetchecked,2026-08-01
greenhouse,"Levanta",levanta,2026-07-17
greenhouse,"Level Access",levelaccess,2026-07-17
greenhouse,"Levio",levio,2026-07-17
greenhouse,"Levitate",levitate,2026-07-17
greenhouse,"lextech",lextech,2026-08-01
greenhouse,"LG Electronics",lgelectronics,2026-07-17
greenhouse,"LG Energy Solution Arizona",lgenergyaz,2026-07-17
greenhouse,"lhvuk",lhvuk,2026-08-01
greenhouse,"liaisoninternational",liaisoninternational,2026-08-01
greenhouse,"Liberate",liberate,2026-07-17
greenhouse,"Liberis",liberis,2026-07-17
greenhouse,"libertysoftware",libertysoftware,2026-08-01
greenhouse,"licor",licor,2026-08-01
greenhouse,"Life360",life360,2026-07-17
greenhouse,"Life Skills Autism Academy",lifeskillsautismacademy,2026-07-17
greenhouse,"Life Trading",lifetrading,2026-07-17
greenhouse,"lift",lift,2026-08-01
greenhouse,"Lifted",lifted,2026-07-17
greenhouse,"liftoff",liftoff,2026-08-01
greenhouse,"lig",lig,2026-08-01
greenhouse,"LIGHTFEATHER IO LLC",lightfeatheriollc,2026-07-17
greenhouse,"LightForce Orthodontics",lightforceorthodontics,2026-07-17
greenhouse,"Lightfully Behavioral Health",merakimanagement,2026-07-17
greenhouse,"Lighthouse",lighthouse,2026-07-17
greenhouse,"Lightmatter",lightmatter,2026-07-17
greenhouse,"Lightning AI",lightningai,2026-07-17
greenhouse,"lightricks",lightricks,2026-08-01
greenhouse,"Lightspeed DMS",lightspeeddms,2026-07-17
greenhouse,"Lightspeed Systems",lightspeedsystems,2026-07-17
greenhouse,"liginternal",liginternal,2026-08-01
greenhouse,"Lila Sciences",lilasciences,2026-07-17
greenhouse,"liminalbuild",liminalbuild,2026-08-01
greenhouse,"LINK",link,2026-07-17
greenhouse,"link2feed",link2feed,2026-08-01
greenhouse,"linkedin",linkedin,2026-08-01
greenhouse,"LinkedIn Job Wrapping",artefactlinkedin,2026-07-17
greenhouse,"LinkedIn Limited Listing",astound,2026-08-01
greenhouse,"linkhealth",linkhealth,2026-08-01
greenhouse,"linksquaresinc",linksquaresinc,2026-08-01
greenhouse,"LINQ",emslinqinc,2026-07-17
greenhouse,"linqia",linqia,2026-08-01
greenhouse,"LionTree",liontree,2026-07-17
greenhouse,"lipton",lipton,2026-08-01
greenhouse,"liquibase",liquibase,2026-08-01
greenhouse,"Liquid Death",liquiddeath,2026-07-17
greenhouse,"Liquid I.V.",liquidiv,2026-07-17
greenhouse,"liquidpersonnel",liquidpersonnel,2026-08-01
greenhouse,"Lirio",lirio,2026-07-17
greenhouse,"li-thermal-works",li-thermal-works,2026-08-01
greenhouse,"Lithic",lithic,2026-07-17
greenhouse,"Litify",litify,2026-07-17
greenhouse,"litmos",litmos,2026-08-01
greenhouse,"Littlepay",littlepay,2026-07-17
greenhouse,"littlewordsproject",littlewordsproject,2026-08-01
greenhouse,"livecareer",livecareer,2026-08-01
greenhouse,"livefront",livefront,2026-08-01
greenhouse,"Live Parallel",liveparalleljobs,2026-07-17
greenhouse,"LivePerson",liveperson,2026-07-17
greenhouse,"LiveScore Group",livescore9,2026-07-17
greenhouse,"LLR Partners",llrpartnersjobs,2026-07-17
greenhouse,"lmn",lmn,2026-08-01
greenhouse,"loancore",loancore,2026-08-01
greenhouse,"lob",lob,2026-08-01
greenhouse,"lobergconstruction",lobergconstruction,2026-08-01
greenhouse,"localcoin",localcoin,2026-08-01
greenhouse,"Local Initiatives Support Corporation",lisc,2026-07-17
greenhouse,"localjobs",localjobs,2026-08-01
greenhouse,"locals",locals,2026-08-01
greenhouse,"location",location,2026-08-01
greenhouse,"locusrobotics",locusrobotics,2026-08-01
greenhouse,"loenbro",loenbro,2026-08-01
greenhouse,"LogicGate",logicgate,2026-07-17
greenhouse,"logicmonitor",logicmonitor,2026-08-01
greenhouse,"Logos",logos,2026-07-17
greenhouse,"Logos Storage",codex,2026-08-01
greenhouse,"Loka, Inc",lokainc,2026-07-17
greenhouse,"lokalise",lokalise,2026-08-01
greenhouse,"lolablankets",lolablankets,2026-08-01
greenhouse,"london",london,2026-08-01
greenhouse,"longmark",longmark,2026-08-01
greenhouse,"lookout",lookout,2026-08-01
greenhouse,"looneyrickskiss",looneyrickskiss,2026-08-01
greenhouse,"Loop",loop,2026-07-17
greenhouse,"loopycases",loopycases,2026-08-01
greenhouse,"lotlinx",lotlinx,2026-08-01
greenhouse,"lotusworks",lotusworks,2026-08-01
greenhouse,"louisianadermatology",louisianadermatology,2026-08-01
greenhouse,"Lovable",lovable,2026-07-17
greenhouse,"loyal",loyal,2026-08-01
greenhouse,"lpc",lpc,2026-08-01
greenhouse,"lpl",lpl,2026-08-01
greenhouse,"LTK Dallas",dallas,2026-08-01
greenhouse,"LTK USA",shopltk,2026-07-17
greenhouse,"lts",lts,2026-08-01
greenhouse,"ltse",ltse,2026-08-01
greenhouse,"Lucid Bots",lucidbots,2026-07-17
greenhouse,"Lucid Motors",lucidmotors,2026-07-17
greenhouse,"Lucid Software",lucidsoftware,2026-07-17
greenhouse,"Ludia Consulting",ludiaconsulting,2026-07-17
greenhouse,"Luma Health",lumahealth,2026-07-17
greenhouse,"Lumen Bioscience",lumenbioscience,2026-07-17
greenhouse,"Lumimeds",lumimeds,2026-07-17
greenhouse,"luminaryhospice",luminaryhospice,2026-08-01
greenhouse,"luminate",luminate,2026-08-01
greenhouse,"luminishealth",luminishealth,2026-08-01
greenhouse,"Lumos",lumosfiber,2026-07-17
greenhouse,"lumosassociates",lumosassociates,2026-08-01
greenhouse,"Lunar Energy",lunarenergy,2026-07-17
greenhouse,"Luno",luno,2026-07-17
greenhouse,"Lush Handmade Cosmetics",lush,2026-07-17
greenhouse,"Luster",luster,2026-07-17
greenhouse,"Luster National",lusternational,2026-07-17
greenhouse,"luxinfusion",luxinfusion,2026-08-01
greenhouse,"lv",lv,2026-08-01
greenhouse,"lviv",lviv,2026-08-01
greenhouse,"LVT",liveviewtechnologiesinc,2026-07-17
greenhouse,"Lydech Thermal Acoustic Solutions (TAS)",lydech,2026-07-17
greenhouse,"lyft",lyft,2026-08-01
greenhouse,"M1 Technology",m1technology,2026-07-17
greenhouse,"M3",m3,2026-07-17
greenhouse,"M9 Solutions",m9solutions,2026-07-17
greenhouse,"mabl",mabl,2026-07-17
greenhouse,"mackaysposito",mackaysposito,2026-08-01
greenhouse,"mackweldon",mackweldon,2026-08-01
greenhouse,"Madano",madano,2026-07-17
greenhouse,"maddoxindustrialtransformer",maddoxindustrialtransformer,2026-08-01
greenhouse,"madisonenergyinfrastructure",madisonenergyinfrastructure,2026-08-01
greenhouse,"maestro",maestro,2026-08-01
greenhouse,"maev",maev,2026-08-01
greenhouse,"Magic",magic,2026-07-17
greenhouse,"Magic Leap",magicleap,2026-07-17
greenhouse,"Magic Leap - Multiple Locations",mlmultiplecareerlocations,2026-07-17
greenhouse,"magnetmediafilms",magnetmediafilms,2026-08-01
greenhouse,"magnit",magnit,2026-08-01
greenhouse,"Magnolia",magnolia,2026-07-17
greenhouse,"magnoliabakery",magnoliabakery,2026-08-01
greenhouse,"magrathea",magrathea,2026-08-01
greenhouse,"MaintainX",maintainx,2026-07-17
greenhouse,"make",make,2026-08-01
greenhouse,"Make-A-Wish America",makeawishamerica,2026-07-17
greenhouse,"Mako",mako,2026-07-17
greenhouse,"malbon",malbon,2026-08-01
greenhouse,"Mammoth Brands",mammothbrands,2026-07-17
greenhouse,"manatee",manatee,2026-08-01
greenhouse,"manchesterveterinaryservices",manchesterveterinaryservices,2026-08-01
greenhouse,"Mangopay",mangopay,2026-07-17
greenhouse,"Man Group",mangroup,2026-07-17
greenhouse,"manhattaninstituteforpolicyresearchinc",manhattaninstituteforpolicyresearchinc,2026-08-01
greenhouse,"Manifest",manifest,2026-07-17
greenhouse,"MANSCAPED",manscaped,2026-07-17
greenhouse,"mantis",mantis,2026-08-01
greenhouse,"mantl",mantl,2026-08-01
greenhouse,"Mantra Health",mantrahealth,2026-07-17
greenhouse,"Manychat",manychat,2026-07-17
greenhouse,"MapLight Therapeutics",maplighttherapeutics,2026-07-17
greenhouse,"maravailifesciences",maravailifesciences,2026-08-01
greenhouse,"Margaux",margaux,2026-07-17
greenhouse,"MariaDB plc",mariadbplc,2026-07-17
greenhouse,"mark43",mark43,2026-08-01
greenhouse,"MarketAxess",marketaxesscorporation,2026-07-17
greenhouse,"markets",markets,2026-08-01
greenhouse,"markforged",markforged,2026-08-01
greenhouse,"marksman",marksman,2026-08-01
greenhouse,"Marqeta",marqeta,2026-07-17
greenhouse,"marqueeig1",marqueeig1,2026-08-01
greenhouse,"MarqVision",marqvision,2026-07-17
greenhouse,"Mars & Co - New York City Area",marscousg,2026-07-17
greenhouse,"Marshall Wace - DOC Job Board",doc,2026-08-01
greenhouse,"Marshall Wace - Graduate & Associate roles",mw-tech-grad,2026-07-17
greenhouse,"Marshall Wace Internship Programmes",mwinternshipprogram,2026-07-17
greenhouse,"Marshall Wace North America L.P.",mwnaintern,2026-07-17
greenhouse,"Martell Ventures",martellgrowthsolutions,2026-07-17
greenhouse,"maryland",maryland,2026-08-01
greenhouse,"mas",mas,2026-08-01
greenhouse,"Massar Capital",massarcapital,2026-07-17
greenhouse,"mast",mast,2026-08-01
greenhouse,"MasterClass",masterclass,2026-07-17
greenhouse,"materialbank",materialbank,2026-08-01
greenhouse,"materialize",materialize,2026-08-01
greenhouse,"Mather Headquarters",matherheadquarters,2026-07-17
greenhouse,"mathersplendido",mathersplendido,2026-08-01
greenhouse,"matic",matic,2026-08-01
greenhouse,"matooma",matooma,2026-08-01
greenhouse,"MATTE PROJECTS",matteprojects,2026-07-17
greenhouse,"mattermost",mattermost,2026-08-01
greenhouse,"matx",matx,2026-08-01
greenhouse,"Maven",mavensecuritiesholdingltd,2026-07-17
greenhouse,"Maven Clinic",mavenclinic,2026-07-17
greenhouse,"Maven - Emerging Talent",emergingtalent,2026-07-17
greenhouse,"Maverick Derivatives",maverickderivatives,2026-07-17
greenhouse,"maxwell",maxwell,2026-08-01
greenhouse,"Maybell Quantum Industries",maybellquantum,2026-07-17
greenhouse,"May Mobility",maymobility,2026-07-17
greenhouse,"maymobilityjobs",maymobilityjobs,2026-08-01
greenhouse,"M Booth",mbooth,2026-07-17
greenhouse,"McAdams",mcadams,2026-07-17
greenhouse,"mcafee",mcafee,2026-08-01
greenhouse,"mcclureoilcorporation",mcclureoilcorporation,2026-08-01
greenhouse,"McCullough Robertson",mcculloughrobertson,2026-07-17
greenhouse,"mce",mce,2026-08-01
greenhouse,"mcft",mcft,2026-08-01
greenhouse,"MCG Health",mcghealth,2026-07-17
greenhouse,"mcgill",mcgill,2026-08-01
greenhouse,"McKinney",jobsmckinneycom,2026-07-17
greenhouse,"mcneeswallacenurickllc",mcneeswallacenurickllc,2026-08-01
greenhouse,"MCO",mco,2026-07-17
greenhouse,"mcr",mcr,2026-08-01
greenhouse,"mcs",mcs,2026-08-01
greenhouse,"MDB General Referrals",mdbgeneralreferrals,2026-07-17
greenhouse,"mechanicallicensingcollective",mechanicallicensingcollective,2026-08-01
greenhouse,"medallionakafirstlayerai",medallionakafirstlayerai,2026-08-01
greenhouse,"Medecins Sans Frontieres (Doctors Without Borders) - Field",workoverseas,2026-08-01
greenhouse,"Medecins Sans Frontieres (Doctors Without Borders) - United States",msfcareers,2026-07-17
greenhouse,"medelitellc",medelitellc,2026-08-01
greenhouse,"Medeloop",medeloop,2026-07-17
greenhouse,"mediacurrent",mediacurrent,2026-08-01
greenhouse,"mediahubldn",mediahubldn,2026-08-01
greenhouse,"medialabaiinc",medialabaiinc,2026-08-01
greenhouse,"mediasmart",mediasmart,2026-08-01
greenhouse,"mediatonic",mediatonic,2026-08-01
greenhouse,"mediavalet",mediavalet,2026-08-01
greenhouse,"Medical Informatics Engineering/Enterprise Health",medicalinformaticsengineering,2026-07-17
greenhouse,"Medium",medium,2026-07-17
greenhouse,"medrio",medrio,2026-08-01
greenhouse,"Medsien",medsien,2026-07-17
greenhouse,"meitu",meitu,2026-08-01
greenhouse,"Mejuri",mejuri,2026-07-17
greenhouse,"Melio",melio,2026-07-17
greenhouse,"Meltplan",meltplan,2026-07-17
greenhouse,"memglobal",memglobal,2026-08-01
greenhouse,"MEMIC",memic,2026-07-17
greenhouse,"memphismeats",memphismeats,2026-08-01
greenhouse,"MEMX",memx,2026-07-17
greenhouse,"MENA Consultant",menaconsultant,2026-07-17
greenhouse,"mentimeter",mentimeter,2026-08-01
greenhouse,"Menyala",menyala,2026-07-17
greenhouse,"meradiacanada",meradiacanada,2026-08-01
greenhouse,"Mercari",mercari,2026-07-17
greenhouse,"Mercer Advisors",merceradvisors,2026-07-17
greenhouse,"merchantsfleetmanagement",merchantsfleetmanagement,2026-08-01
greenhouse,"Mercury",mercury,2026-07-17
greenhouse,"mercyforanimals",mercyforanimals,2026-08-01
greenhouse,"Merge API",merge,2026-07-17
greenhouse,"mergeapiintegrationsandbox",mergeapiintegrationsandbox,2026-08-01
greenhouse,"mergeworld",mergeworld,2026-08-01
greenhouse,"Meridian Partners",meridianpartners,2026-07-17
greenhouse,"Merit America",meritamerica,2026-07-17
greenhouse,"Meriton",meriton,2026-07-17
greenhouse,"mermaidchart",mermaidchart,2026-08-01
greenhouse,"MerQube Inc",merqube,2026-07-17
greenhouse,"Mesh",mesh,2026-07-17
greenhouse,"meshopticaltechnologies",meshopticaltechnologies,2026-08-01
greenhouse,"Metabit Technology LLC",metabittechnologyllc,2026-07-17
greenhouse,"Metacore",metacore,2026-07-17
greenhouse,"Metalab",metalab,2026-07-17
greenhouse,"Metapack Careers",metapack,2026-07-17
greenhouse,"Method, a GlobalLogic company",method,2026-07-17
greenhouse,"methodco",methodco,2026-08-01
greenhouse,"MetOx International, Inc.",metoxinternationalinc,2026-07-17
greenhouse,"metro",metro,2026-08-01
greenhouse,"metron",metron,2026-08-01
greenhouse,"Metronome",metronome,2026-07-17
greenhouse,"Metropolis",metropolis,2026-07-17
greenhouse,"Metropolitan Commercial Bank",metropolitancommercialbank,2026-07-17
greenhouse,"metroveincenters",metroveincenters,2026-08-01
greenhouse,"MetTel",mettel,2026-07-17
greenhouse,"mewssystems",mewssystems,2026-08-01
greenhouse,"Mezzetta",mezzettacareers,2026-07-17
greenhouse,"mgproperties",mgproperties,2026-08-01
greenhouse,"MGT Insurance",mgtinsurance,2026-07-17
greenhouse,"mhp",mhp,2026-08-01
greenhouse,"michelscorporation",michelscorporation,2026-08-01
greenhouse,"Michigan Online School",mos,2026-07-17
greenhouse,"Mico",micoworks,2026-07-17
greenhouse,"Midi Health",midihealth,2026-07-17
greenhouse,"mighty",mighty,2026-08-01
greenhouse,"mikebloomberg2020",mikebloomberg2020,2026-08-01
greenhouse,"Mill",mill,2026-07-17
greenhouse,"Million Dollar Baby Co.",milliondollarbabyco,2026-07-17
greenhouse,"milton",milton,2026-08-01
greenhouse,"MindsDB",mindsdb,2026-07-17
greenhouse,"Mind the Product",mindtheproduct,2026-07-17
greenhouse,"Mineralys Therapeutics",mineralystherapeutics,2026-07-17
greenhouse,"minimal",minimal,2026-08-01
greenhouse,"MinIO",minio,2026-07-17
greenhouse,"Minitab",minitab,2026-07-17
greenhouse,"mintel",mintel,2026-08-01
greenhouse,"minthouse",minthouse,2026-08-01
greenhouse,"minty",minty,2026-08-01
greenhouse,"MIO Partners",miopartners,2026-07-17
greenhouse,"MiQ Digital",miqdigital,2026-07-17
greenhouse,"miraibio",miraibio,2026-08-01
greenhouse,"Mirakl",mirakl,2026-07-17
greenhouse,"Mirakl - French",miraklfr,2026-07-17
greenhouse,"miris",miris,2026-08-01
greenhouse,"mirumpharmaceuticals",mirumpharmaceuticals,2026-08-01
greenhouse,"Misfits Market",misfitsmarket,2026-07-17
greenhouse,"mishimoto",mishimoto,2026-08-01
greenhouse,"missionhealthcare",missionhealthcare,2026-08-01
greenhouse,"Mission Lane",missionlane,2026-07-17
greenhouse,"Mission Lane LLC",missionlanellc,2026-07-17
greenhouse,"mississippititleloansinc",mississippititleloansinc,2026-08-01
greenhouse,"missourititleloansinc",missourititleloansinc,2026-08-01
greenhouse,"mit",mit,2026-08-01
greenhouse,"Mithril",mithril,2026-07-17
greenhouse,"Mitratech",mitratech,2026-07-17
greenhouse,"Mitsogo Inc",mitsogoinc,2026-07-17
greenhouse,"Mitsubishi Motors North America, Inc.",mitsubishimotorsna,2026-07-17
greenhouse,"Mixpanel",mixpanel,2026-07-17
greenhouse,"mizzenandmain",mizzenandmain,2026-08-01
greenhouse,"mks2technologies",mks2technologies,2026-08-01
greenhouse,"MLB (Job Board Only)",mlbevents,2026-07-17
greenhouse,"MLB on Deck Sales Program",mlbondeck,2026-07-17
greenhouse,"mm",mm,2026-08-01
greenhouse,"mmhmm",mmhmm,2026-08-01
greenhouse,"MNTN",mntn,2026-07-17
greenhouse,"Mob Entertainment",mobentertainment,2026-07-17
greenhouse,"mobiauto",mobiauto,2026-08-01
greenhouse,"mobility",mobility,2026-08-01
greenhouse,"MobilityWare",mobilityware,2026-07-17
greenhouse,"mobius",mobius,2026-08-01
greenhouse,"Mobot",teammobot,2026-07-17
greenhouse,"Mochi Health",mochihealth,2026-07-17
greenhouse,"Modern Animal",modernanimal,2026-07-17
greenhouse,"Modern Health",modernhealth,2026-07-17
greenhouse,"Modulr",modulrfinance,2026-07-17
greenhouse,"Mojang Studios",mojangab,2026-07-17
greenhouse,"Moloco",moloco,2026-07-17
greenhouse,"moltonbrown",moltonbrown,2026-08-01
greenhouse,"momentenergy",momentenergy,2026-08-01
greenhouse,"Momentic Studios",momentic,2026-07-17
greenhouse,"momentous",momentous,2026-08-01
greenhouse,"Momentum",momentumcompany3,2026-07-17
greenhouse,"Momentum Financial Services Group",momentumfinancialservicesgroup,2026-07-17
greenhouse,"Mom's Meals",momsmeals,2026-07-17
greenhouse,"MoneyHero Group",moneyherogroup,2026-07-17
greenhouse,"moneymart",moneymart,2026-08-01
greenhouse,"MoneySmart Group",moneysmart,2026-07-17
greenhouse,"mongodb",mongodb,2026-08-01
greenhouse,"Moniepoint",moniepoint,2026-07-17
greenhouse,"monks",monks,2026-08-01
greenhouse,"monograph",monograph,2026-08-01
greenhouse,"Monroe Tractor",monroetractor,2026-07-17
greenhouse,"monsterenergy",monsterenergy,2026-08-01
greenhouse,"monstro",monstro,2026-08-01
greenhouse,"Monumental Sports & Entertainment",monumentalsports,2026-07-17
greenhouse,"Monzo",monzo,2026-07-17
greenhouse,"Moon Creative Lab",moon,2026-07-17
greenhouse,"moonfare",moonfare,2026-08-01
greenhouse,"Moonshot",moonshot,2026-07-17
greenhouse,"morganfranklinconsultingllc",morganfranklinconsultingllc,2026-08-01
greenhouse,"Morgan & Morgan, P.A.",morganmorganjobsapplynow,2026-07-17
greenhouse,"Morgan & Morgan, P.A. Students",morganmorganstudents,2026-07-17
greenhouse,"Morgan & Morgan, P.A. Summer Associates",morganmorgansummer,2026-07-17
greenhouse,"morgans",morgans,2026-08-01
greenhouse,"morgansideveterinaryclinic",morgansideveterinaryclinic,2026-08-01
greenhouse,"morrisonmaierle",morrisonmaierle,2026-08-01
greenhouse,"morty",morty,2026-08-01
greenhouse,"Moss New York LLC",mossnewyorkllc,2026-07-17
greenhouse,"Motional",motional,2026-07-17
greenhouse,"Motive",gomotive,2026-07-17
greenhouse,"motive",motive,2026-08-01
greenhouse,"motivity",motivity,2026-08-01
greenhouse,"Motley Fool Ventures",mfventures,2026-07-17
greenhouse,"Movement Strategy",movementstrategy,2026-07-17
greenhouse,"moveonorg",moveonorg,2026-08-01
greenhouse,"moveworks",moveworks,2026-08-01
greenhouse,"moxxidigital",moxxidigital,2026-08-01
greenhouse,"Mozilla",mozilla,2026-07-17
greenhouse,"mpn",mpn,2026-08-01
greenhouse,"mpowerfinancing",mpowerfinancing,2026-08-01
greenhouse,"mpsw",mpsw,2026-08-01
greenhouse,"MQ Referrals Only",mqreferrals,2026-07-17
greenhouse,"Mr Apple",mrapple,2026-07-17
greenhouse,"Mr Apple Careers site",mrapplecareers,2026-07-17
greenhouse,"Mr Apple (Internal Jobs)",mrappleinternalonly,2026-07-17
greenhouse,"Mr Apple Social",mrapplesocial,2026-07-17
greenhouse,"MrBeast",mrbeastyoutube,2026-07-17
greenhouse,"MrBeast Contract Jobs",aplayers,2026-07-17
greenhouse,"mrwlawns",mrwlawns,2026-08-01
greenhouse,"msautomotive",msautomotive,2026-08-01
greenhouse,"mse",mse,2026-08-01
greenhouse,"msgentertainmentholdingsllc",msgentertainmentholdingsllc,2026-08-01
greenhouse,"mthree Recruiting Portal",mthreerecruitingportal,2026-07-17
greenhouse,"Muck Rack",muckrack,2026-07-17
greenhouse,"multivista",multivista,2026-08-01
greenhouse,"Muon Space",muonspace,2026-07-17
greenhouse,"murad",murad,2026-08-01
greenhouse,"Murj",murj,2026-07-17
greenhouse,"Museum of Science",themuseumofscience,2026-07-17
greenhouse,"Mutato",mutato,2026-07-17
greenhouse,"Mutiny",mutiny,2026-07-17
greenhouse,"mwam",mwam,2026-08-01
greenhouse,"mx51",mx51,2026-07-17
greenhouse,"mxd",mxd,2026-08-01
greenhouse,"mxtechnologiesinc",mxtechnologiesinc,2026-08-01
greenhouse,"mycodemedia",mycodemedia,2026-08-01
greenhouse,"Myers-Holum",mhi,2026-07-17
greenhouse,"myfavoritetherapists",myfavoritetherapists,2026-08-01
greenhouse,"MyFitnessPal",myfitnesspal,2026-07-17
greenhouse,"myheritage",myheritage,2026-08-01
greenhouse,"Myriad360",myriad360,2026-07-17
greenhouse,"MyShell",myshell,2026-07-17
greenhouse,"n26",n26,2026-08-01
greenhouse,"n2alljobs",n2alljobs,2026-08-01
greenhouse,"N2 Co / Franchise External",franchise,2026-08-01
greenhouse,"n2publishingglassdoor",n2publishingglassdoor,2026-08-01
greenhouse,"NABIS",nabis,2026-07-17
greenhouse,"name",name,2026-08-01
greenhouse,"nanit",nanit,2026-08-01
greenhouse,"Nano Energies Holding a.s.",des,2026-08-01
greenhouse,"Nanonets",nanonets,2026-07-17
greenhouse,"Nansen.ai",nansen,2026-07-17
greenhouse,"napoleon",napoleon,2026-08-01
greenhouse,"Narvar",narvar,2026-07-17
greenhouse,"Nas Company",nascompany,2026-07-17
greenhouse,"nashvilledoorcloser",nashvilledoorcloser,2026-08-01
greenhouse,"nashvillezoo",nashvillezoo,2026-08-01
greenhouse,"Nasium Training",nasiumtraining,2026-07-17
greenhouse,"Natera",natera,2026-07-17
greenhouse,"NATIONAL",national,2026-07-17
greenhouse,"National Design Build Services",nationaldbs1,2026-07-17
greenhouse,"National Life Insurance Company",nationallifeinsurancecompany,2026-07-17
greenhouse,"nationallutheraninc",nationallutheraninc,2026-08-01
greenhouse,"nationwidevision",nationwidevision,2026-08-01
greenhouse,"nativeinstruments",nativeinstruments,2026-08-01
greenhouse,"NaturalMotion",nmcareers,2026-07-17
greenhouse,"Nature's Bakery",naturesbakery,2026-07-17
greenhouse,"Naughty Dog",naughtydog,2026-07-17
greenhouse,"naukri",naukri,2026-08-01
greenhouse,"navapbc",navapbc,2026-08-01
greenhouse,"NAVER VIETNAM",navervietnam,2026-07-17
greenhouse,"Navier AI",navierai,2026-07-17
greenhouse,"NavVis",navvis,2026-07-17
greenhouse,"Nayya",nayya,2026-07-17
greenhouse,"nds",nds,2026-08-01
greenhouse,"Nearform",nearform,2026-07-17
greenhouse,"Nebius",nebius,2026-07-17
greenhouse,"nectar",nectar,2026-08-01
greenhouse,"nederland",nederland,2026-08-01
greenhouse,"Neighborhoods.com",neighborhoodscom,2026-07-17
greenhouse,"Neighbors Bank",neighborsbank,2026-07-17
greenhouse,"Neo4j",neo4j,2026-07-17
greenhouse,"neonaerospace",neonaerospace,2026-08-01
greenhouse,"NEORIS",neoris,2026-07-17
greenhouse,"Nerdy",nerdy,2026-07-17
greenhouse,"Neros Technologies",nerostechnologies,2026-07-17
greenhouse,"netbrain",netbrain,2026-08-01
greenhouse,"Netcracker",netcracker,2026-07-17
greenhouse,"netcraft",netcraft,2026-08-01
greenhouse,"NetDocuments",netdocuments,2026-07-17
greenhouse,"NetEase Games",neteasegames,2026-07-17
greenhouse,"Netlify",netlify,2026-07-17
greenhouse,"netsage",netsage,2026-08-01
greenhouse,"netskope",netskope,2026-08-01
greenhouse,"network",network,2026-08-01
greenhouse,"Network Guard",networkguard,2026-07-17
greenhouse,"neu",neu,2026-08-01
greenhouse,"NeueHealth",neuehealth,2026-07-17
greenhouse,"neumora",neumora,2026-08-01
greenhouse,"NeuraFlash, Part of Accenture",neuraflash,2026-07-17
greenhouse,"Neura Health",neurahealth,2026-07-17
greenhouse,"Neuralink",neuralink,2026-07-17
greenhouse,"neuropace",neuropace,2026-08-01
greenhouse,"nevadatitleandpaydayloansinc",nevadatitleandpaydayloansinc,2026-08-01
greenhouse,"new",new,2026-08-01
greenhouse,"neweratechau",neweratechau,2026-08-01
greenhouse,"New Era Technology",neweratech,2026-07-17
greenhouse,"neweratechnz",neweratechnz,2026-08-01
greenhouse,"NewGlobe",newglobesandbox,2026-07-17
greenhouse,"newhonorsociety",newhonorsociety,2026-08-01
greenhouse,"Newlab Careers",newlabcareers,2026-07-17
greenhouse,"newleafenergy",newleafenergy,2026-08-01
greenhouse,"NewLimit",newlimit,2026-07-17
greenhouse,"New Mountain Capital -  Administrative",external,2026-08-01
greenhouse,"New Mountain Capital Opportunities",opportunities,2026-07-17
greenhouse,"New Openings",currentopenings,2026-07-17
greenhouse,"New Relic",newrelic,2026-07-17
greenhouse,"NewsBreak",newsbreak,2026-07-17
greenhouse,"newscientist",newscientist,2026-08-01
greenhouse,"Newsela",newsela,2026-07-17
greenhouse,"newsrevenuehub",newsrevenuehub,2026-08-01
greenhouse,"newsweaver",newsweaver,2026-08-01
greenhouse,"Newsweek",newsweek,2026-07-17
greenhouse,"Newton",newton,2026-07-17
greenhouse,"New York City Economic Development Corporation",nycedc,2026-07-17
greenhouse,"New York ISO",nyiso,2026-07-17
greenhouse,"Nex",nex,2026-07-17
greenhouse,"NexGen Cloud",nexgencloud,2026-07-17
greenhouse,"nexhealth",nexhealth,2026-08-01
greenhouse,"nextdoor",nextdoor,2026-08-01
greenhouse,"Nextdoor, Inc.",job-openings,2026-07-17
greenhouse,"nextenergygroup",nextenergygroup,2026-08-01
greenhouse,"Next Insurance",nextinsurance66,2026-07-17
greenhouse,"nextiva",nextiva,2026-08-01
greenhouse,"NextRoll",nextroll,2026-07-17
greenhouse,"nexus",nexus,2026-08-01
greenhouse,"Neysa Networks - Careers Page",neysanetwork,2026-07-17
greenhouse,"ngrok Inc.",ngrokinc,2026-07-17
greenhouse,"NICE",nice,2026-07-17
greenhouse,"Nift",nift,2026-07-17
greenhouse,"Nightdive Studios, Inc.",nightdivestudios,2026-07-17
greenhouse,"nightingale-college",nightingalecollege,2026-08-01
greenhouse,"Nimble Gravity",nimblegravity,2026-07-17
greenhouse,"NinjaTrader",ninjatrader,2026-07-17
greenhouse,"Nintendo",nintendo,2026-07-17
greenhouse,"nintex",nintex,2026-08-01
greenhouse,"Nira Energy",niraenergy,2026-07-17
greenhouse,"Nirmata",nirmata,2026-07-17
greenhouse,"nisc",nisc,2026-08-01
greenhouse,"Nitricity",nitricity,2026-07-17
greenhouse,"nitrosoftwareinc",nitrosoftwareinc,2026-08-01
greenhouse,"nivagenpharmaceuticals",nivagenpharmaceuticals,2026-08-01
greenhouse,"NMI",nmi,2026-07-17
greenhouse,"noah",noah,2026-08-01
greenhouse,"noahmedical",noahmedical,2026-08-01
greenhouse,"noble",noble,2026-08-01
greenhouse,"nobleanesthesiapartners",nobleanesthesiapartners,2026-08-01
greenhouse,"Nobu Hotel Toronto",nobuhoteltoronto,2026-07-17
greenhouse,"noctrixhealth",noctrixhealth,2026-08-01
greenhouse,"Nomad Health",nomadhealth,2026-07-17
greenhouse,"Nomiso",nomiso,2026-07-17
greenhouse,"nomnom",nomnom,2026-08-01
greenhouse,"nomos",nomos,2026-08-01
greenhouse,"none",none,2026-08-01
greenhouse,"none098908",none098908,2026-08-01
greenhouse,"Nooks",nooks,2026-07-17
greenhouse,"noonlight",noonlight,2026-08-01
greenhouse,"nordeus",nordeus,2026-08-01
greenhouse,"noredink",noredink,2026-08-01
greenhouse,"nortal",nortal,2026-08-01
greenhouse,"North America",xebiausa,2026-08-01
greenhouse,"Northbeam",northbeam,2026-07-17
greenhouse,"northbridgecre",northbridgecre,2026-08-01
greenhouse,"northcharleston",northcharleston,2026-08-01
greenhouse,"NorthCoast Asset Management",nc,2026-07-17
greenhouse,"northmarq",northmarq,2026-08-01
greenhouse,"northpointrecoveryholdingsllc",northpointrecoveryholdingsllc,2026-08-01
greenhouse,"northside",northside,2026-08-01
greenhouse,"northsidepreparatoryacademy",northsidepreparatoryacademy,2026-08-01
greenhouse,"northspyre",northspyre,2026-08-01
greenhouse,"Northwest Pipe Fittings",northwestpipefittings,2026-07-17
greenhouse,"Notability",gingerlabsinc,2026-07-17
greenhouse,"nothing",nothing,2026-08-01
greenhouse,"Nourish",usenourish,2026-07-17
greenhouse,"Nova Credit",novacredit,2026-07-17
greenhouse,"Nova Founders Capital",novafounders,2026-07-17
greenhouse,"NovaGen Research Fund",novagen,2026-07-17
greenhouse,"novoed",novoed,2026-08-01
greenhouse,"noxgroup",noxgroup,2026-08-01
greenhouse,"Nozomi Networks",nozominetworks,2026-07-17
greenhouse,"NPR",nationalpublicradioinc,2026-07-17
greenhouse,"nscaleoperationsukltd",nscaleoperationsukltd,2026-08-01
greenhouse,"nsrg",nsrg,2026-08-01
greenhouse,"nsvh",nsvh,2026-08-01
greenhouse,"NT Concepts",ntconcepts,2026-07-17
greenhouse,"ntd",ntd,2026-08-01
greenhouse,"NTT DATA, Europe & LATAM, Branch in USA, Inc.",nttdatausa,2026-07-17
greenhouse,"ntx",ntx,2026-08-01
greenhouse,"Nubank",nubank,2026-07-17
greenhouse,"Nucleus Global",nucleus,2026-07-17
greenhouse,"numa",numa,2026-08-01
greenhouse,"Numa",numagroupgmbh,2026-07-17
greenhouse,"number26",number26,2026-08-01
greenhouse,"Numerix",numerix,2026-07-17
greenhouse,"nurix",nurix,2026-08-01
greenhouse,"nuro",nuro,2026-08-01
greenhouse,"nursing",nursing,2026-08-01
greenhouse,"Nursing School",asdf,2026-08-01
greenhouse,"Nutrabolt",nutrabolt,2026-07-17
greenhouse,"Nutrafol",nutrafol,2026-07-17
greenhouse,"nuvalent",nuvalent,2026-08-01
greenhouse,"Nuvera",nuveracg,2026-07-17
greenhouse,"NVE Experience Agency",nve,2026-07-17
greenhouse,"oakhilladvisors",oakhilladvisors,2026-08-01
greenhouse,"oasis",oasis,2026-08-01
greenhouse,"oasissecurity",oasissecurity,2026-08-01
greenhouse,"oath",oath,2026-08-01
greenhouse,"objectfirsts",objectfirsts,2026-08-01
greenhouse,"obligo",obligo,2026-08-01
greenhouse,"obrien",obrien,2026-08-01
greenhouse,"obrienveterinarygroup",obrienveterinarygroup,2026-08-01
greenhouse,"observeai",observeai,2026-08-01
greenhouse,"Obsidian Security",obsidiansecurity,2026-07-17
greenhouse,"obsidiansecuritycareers",obsidiansecuritycareers,2026-08-01
greenhouse,"ocadogroup",ocadogroup,2026-08-01
greenhouse,"oceania",oceania,2026-08-01
greenhouse,"Ocrolus Inc.",ocrolusinc,2026-07-17
greenhouse,"ocs",ocs,2026-08-01
greenhouse,"octagon",octagon,2026-08-01
greenhouse,"octaura",octaura,2026-08-01
greenhouse,"Octave",octave,2026-07-17
greenhouse,"Octus",octus,2026-07-17
greenhouse,"Oddball",oddball,2026-07-17
greenhouse,"Odeko",odeko,2026-07-17
greenhouse,"Odle Sales",odlesalescareers,2026-07-17
greenhouse,"OfferUp",offerup,2026-07-17
greenhouse,"OfferZen",offerzen,2026-07-17
greenhouse,"officeally",officeally,2026-08-01
greenhouse,"Office Hours",officehours,2026-07-17
greenhouse,"OfficeSpace Software",officespacesoftware,2026-07-17
greenhouse,"ogci",ogci,2026-08-01
greenhouse,"Ogilvy Australia",ogilvyaus,2026-07-17
greenhouse,"Ogilvy Health Canada",ogilvyhealthcanada,2026-07-17
greenhouse,"ogilvyhealthuk",ogilvyhealthuk,2026-08-01
greenhouse,"Ogilvy MENA",ogilvymena,2026-07-17
greenhouse,"Ogilvy Social.Lab",sociallab,2026-07-17
greenhouse,"OGT",ogt,2026-07-17
greenhouse,"Ohalo",ohalogenetics,2026-07-17
greenhouse,"OHDELA",ohdela,2026-07-17
greenhouse,"ohio",ohio,2026-08-01
greenhouse,"oikotie",oikotie,2026-08-01
greenhouse,"Oklo",oklo,2026-07-17
greenhouse,"okta",okta,2026-08-01
greenhouse,"OKX",okx,2026-07-17
greenhouse,"olaplexcareers",olaplexcareers,2026-08-01
greenhouse,"oldcastlebuildingenvelope",oldcastlebuildingenvelope,2026-08-01
greenhouse,"oldcity",oldcity,2026-08-01
greenhouse,"Olema Oncology",olema,2026-07-17
greenhouse,"OLIPOP",olipop,2026-07-17
greenhouse,"Oliv AI",olivai,2026-07-17
greenhouse,"OLIVER Agency",oliver,2026-07-17
greenhouse,"OLIVER Agency - APAC",oliverseapac,2026-07-17
greenhouse,"OLIVER Agency - North America",oliverusa,2026-07-17
greenhouse,"OLLY",olly,2026-07-17
greenhouse,"olsson",olsson,2026-08-01
greenhouse,"Olympus Property",olympusproperty,2026-07-17
greenhouse,"Omada Health",omadahealth,2026-07-17
greenhouse,"omgcamontreal",omgcamontreal,2026-08-01
greenhouse,"omgcaphd",omgcaphd,2026-08-01
greenhouse,"omicron",omicron,2026-08-01
greenhouse,"Omidyar Network",omidyarnetwork,2026-07-17
greenhouse,"omnicomhealth",omnicomhealth,2026-08-01
greenhouse,"Omnicom Media",mediabrands,2026-07-17
greenhouse,"Omnicom Media Group Montreal",omgcamontrealfr,2026-07-17
greenhouse,"Omnicom Media Group Netherlands - OMG",omgnetherlands,2026-07-17
greenhouse,"Omnicom Media UK",omguk,2026-07-17
greenhouse,"Omnicom Production Japan K.K",opj,2026-07-17
greenhouse,"OMP Careers",efihr,2026-08-01
greenhouse,"ompexternaljobboards",ompexternaljobboards,2026-08-01
greenhouse,"On",onrunning,2026-07-17
greenhouse,"onapsis",onapsis,2026-08-01
greenhouse,"Onbe",onbe,2026-07-17
greenhouse,"OnBoard",onboardmeetings,2026-07-17
greenhouse,"oneacrefund",oneacrefund,2026-08-01
greenhouse,"oneacrefundglobal",oneacrefundglobal,2026-08-01
greenhouse,"One Acre Fund - Kenya",oafkenya,2026-07-17
greenhouse,"One Acre Fund - Malawi",oneacrefundmalawi,2026-07-17
greenhouse,"oneazcreditunion",oneazcreditunion,2026-08-01
greenhouse,"ONE Campaign",onecampaign,2026-07-17
greenhouse,"OneImaging",oneimaging,2026-07-17
greenhouse,"onemodel",onemodel,2026-08-01
greenhouse,"ON.energy",onenergy,2026-07-17
greenhouse,"oneoncology",oneoncology,2026-08-01
greenhouse,"OneSix - External",onesixsolutions27,2026-07-17
greenhouse,"oneskin",oneskin,2026-08-01
greenhouse,"onetrust",onetrust,2026-08-01
greenhouse,"OneVest",onevest,2026-07-17
greenhouse,"One World Coders",owc,2026-07-17
greenhouse,"Only External Postings",notexternal,2026-07-17
greenhouse,"onX",onxmaps,2026-07-17
greenhouse,"onyx",onyx,2026-08-01
greenhouse,"oodlefinance",oodlefinance,2026-08-01
greenhouse,"ooma",ooma,2026-08-01
greenhouse,"oosmanagementcorp",oosmanagementcorp,2026-08-01
greenhouse,"OpenAP LLC",openap,2026-07-17
greenhouse,"OpenEye",openeye,2026-07-17
greenhouse,"Open Farm",openfarminc,2026-07-17
greenhouse,"OpenFX",openfx,2026-07-17
greenhouse,"Openly",openly,2026-07-17
greenhouse,"opennet",opennet,2026-08-01
greenhouse,"OpenSesame",opensesame,2026-07-17
greenhouse,"openspace",openspace,2026-08-01
greenhouse,"OpenTable",opentable,2026-07-17
greenhouse,"OpenTeams",openteams,2026-07-17
greenhouse,"openweb",openweb,2026-08-01
greenhouse,"openwork",openwork,2026-08-01
greenhouse,"openzeppelin",openzeppelin,2026-08-01
greenhouse,"Ophelia",ophelia,2026-07-17
greenhouse,"Ophelos",ophelos,2026-07-17
greenhouse,"opm",opm,2026-08-01
greenhouse,"opmg",opmg,2026-08-01
greenhouse,"Oportun",oportun,2026-07-17
greenhouse,"opositiv",opositiv,2026-08-01
greenhouse,"OppFi",opploans,2026-07-17
greenhouse,"optimadermatologycareers",optimadermatologycareers,2026-08-01
greenhouse,"optimalcare-evergreen",optimalcare-evergreen,2026-08-01
greenhouse,"Optimal Dynamics",optimaldynamics,2026-07-17
greenhouse,"optimamedical",optimamedical,2026-08-01
greenhouse,"optimove",optimove,2026-08-01
greenhouse,"Optiver",optiver,2026-07-17
greenhouse,"Optiver Private Jobs",optiverprivate,2026-07-17
greenhouse,"Optiver - Trading Academy",tradingacademy2025,2026-07-17
greenhouse,"Opto Investments",optoinvest,2026-07-17
greenhouse,"ora",ora,2026-08-01
greenhouse,"oralsurgerypartners",oralsurgerypartners,2026-08-01
greenhouse,"orangetwist",orangetwist,2026-08-01
greenhouse,"orcasecurity",orcasecurity,2026-08-01
greenhouse,"ORCA Service Technologies",orca,2026-07-17
greenhouse,"Orchard",orchard,2026-07-17
greenhouse,"orchestra",orchestra,2026-08-01
greenhouse,"orcristtechnologies",orcristtechnologies,2026-08-01
greenhouse,"Orderly",orderly,2026-07-17
greenhouse,"orennia",orennia,2026-08-01
greenhouse,"original",original,2026-08-01
greenhouse,"origisenergy",origisenergy,2026-08-01
greenhouse,"Orion Group",oriongroup,2026-07-17
greenhouse,"orioninnovation",orioninnovation,2026-08-01
greenhouse,"Orion Innovation Naukri",orioninnovationnaukri,2026-07-17
greenhouse,"Orkes",orkes,2026-07-17
greenhouse,"oruka",oruka,2026-08-01
greenhouse,"Osano",osano,2026-07-17
greenhouse,"oscar",oscar,2026-08-01
greenhouse,"Oshi Health",oshihealth,2026-07-17
greenhouse,"ospn",ospn,2026-08-01
greenhouse,"Otter",otter,2026-07-17
greenhouse,"otterai",otterai,2026-08-01
greenhouse,"otterbein",otterbein,2026-08-01
greenhouse,"Otto Aerospace",ottoaviation,2026-07-17
greenhouse,"oulahealth",oulahealth,2026-08-01
greenhouse,"ounceofcare",ounceofcare,2026-08-01
greenhouse,"Ōura",oura,2026-07-17
greenhouse,"Our Group",ourgroup,2026-07-17
greenhouse,"outerspace",outerspace,2026-08-01
greenhouse,"Outfit7",outfit7,2026-07-17
greenhouse,"outrider",outrider,2026-08-01
greenhouse,"Outschool",outschool,2026-07-17
greenhouse,"Outset Medical",outsetmedical,2026-07-17
greenhouse,"outside",outside,2026-08-01
greenhouse,"Outside GC",briefly,2026-08-01
greenhouse,"outsiders",outsiders,2026-08-01
greenhouse,"Overstory",overstory,2026-07-17
greenhouse,"ovoenergy",ovoenergy,2026-08-01
greenhouse,"Ownwell",ownwell,2026-07-17
greenhouse,"oxam",oxam,2026-08-01
greenhouse,"pacaso",pacaso,2026-08-01
greenhouse,"pacificcycle",pacificcycle,2026-08-01
greenhouse,"pacificfusion",pacificfusion,2026-08-01
greenhouse,"pacificlegalfoundation",pacificlegalfoundation,2026-08-01
greenhouse,"PAC NYC",pacnyc,2026-07-17
greenhouse,"pact",pact,2026-08-01
greenhouse,"pactlabs",pactlabs,2026-08-01
greenhouse,"Pacvue",pacvue,2026-07-17
greenhouse,"pado",pado,2026-08-01
greenhouse,"Pagaya",pagaya,2026-07-17
greenhouse,"pagayais",pagayais,2026-08-01
greenhouse,"PagerDuty",pagerduty,2026-07-17
greenhouse,"pah",pah,2026-08-01
greenhouse,"Pair Team",pairteam,2026-07-17
greenhouse,"Pallet",pallet,2026-07-17
greenhouse,"palmetto",palmetto,2026-08-01
greenhouse,"Palmetto Clean Technology",palmettocleantech,2026-07-17
greenhouse,"PALO IT",paloit,2026-07-17
greenhouse,"PandaDoc",pandadoc,2026-07-17
greenhouse,"pangaea",pangaea,2026-08-01
greenhouse,"Panthalassa",panthalassa,2026-07-17
greenhouse,"pantheon",pantheon,2026-08-01
greenhouse,"Pantheon Ventures Careers",pantheonpublic,2026-07-17
greenhouse,"Panther",pantherlabs,2026-07-17
greenhouse,"Papa",papa,2026-07-17
greenhouse,"papaya",papaya,2026-08-01
greenhouse,"Paperless Parts",paperlessparts,2026-07-17
greenhouse,"Parachute Health",parachutehealth,2026-07-17
greenhouse,"Paradigm",joinparadigm,2026-07-17
greenhouse,"Paradigm",paradigm,2026-07-17
greenhouse,"paradigmtreatmentcenters",paradigmtreatmentcenters,2026-08-01
greenhouse,"Parallel",parallellearning,2026-07-17
greenhouse,"Parallel Systems",parallel,2026-07-17
greenhouse,"Paratek Pharmaceuticals",paratekpharmaceuticals,2026-07-17
greenhouse,"parenthetic",parenthetic,2026-08-01
greenhouse,"paretocaptiveservicesllc",paretocaptiveservicesllc,2026-08-01
greenhouse,"parkland",parkland,2026-08-01
greenhouse,"Parloa",parloa,2026-07-17
greenhouse,"parsecautomationcorp",parsecautomationcorp,2026-08-01
greenhouse,"Parsley Health",parsleyhealth,2026-07-17
greenhouse,"Particle41",particle41llc,2026-07-17
greenhouse,"particlehealth",particlehealth,2026-08-01
greenhouse,"PartnerStack",partnerstack,2026-07-17
greenhouse,"patch",patch,2026-08-01
greenhouse,"pathai",pathai,2026-08-01
greenhouse,"pathfinder",pathfinder,2026-08-01
greenhouse,"PATH (People Assisting the Homeless)",epath,2026-08-01
greenhouse,"pathrobotics",pathrobotics,2026-08-01
greenhouse,"Pathward, Career Fairs",pathwardcareerfair,2026-07-17
greenhouse,"Pathward, N.A.",pathward,2026-07-17
greenhouse,"pathwaysforlife",pathwaysforlife,2026-08-01
greenhouse,"PatientPoint",patientpoint,2026-07-17
greenhouse,"Pattern Data",patterndata,2026-07-17
greenhouse,"Pave",paveakatroveinformationtechnologies,2026-07-17
greenhouse,"PAX Labs",paxlabs,2026-07-17
greenhouse,"paydo",paydo,2026-08-01
greenhouse,"paymenttools",paymenttools,2026-08-01
greenhouse,"payoneer",payoneer,2026-08-01
greenhouse,"PayPay",paypay,2026-07-17
greenhouse,"PayPay Card",paypaycard,2026-07-17
greenhouse,"PayPay India",pay2dc,2026-07-17
greenhouse,"Paystack",paystack,2026-07-17
greenhouse,"paystand",paystand,2026-08-01
greenhouse,"Paytient",paytient,2026-07-17
greenhouse,"pcdm",pcdm,2026-08-01
greenhouse,"pcm",pcm,2026-08-01
greenhouse,"PDQ Doors",pdq,2026-07-17
greenhouse,"PDT Partners",pdtpartners,2026-07-17
greenhouse,"peachy",peachy,2026-08-01
greenhouse,"peakenergy",peakenergy,2026-08-01
greenhouse,"pearceservices",pearceservices,2026-08-01
greenhouse,"Pearl",justanswer,2026-07-17
greenhouse,"Pediatrics Plus",indeedbtrbt,2026-08-01
greenhouse,"pediatricsplus",pediatricsplus,2026-08-01
greenhouse,"pei",pei,2026-08-01
greenhouse,"pelacase",pelacase,2026-08-01
greenhouse,"Pelago",pelago,2026-07-17
greenhouse,"peloton",peloton,2026-08-01
greenhouse,"Pendo",pendo,2026-07-17
greenhouse,"Penn Interactive",penninteractive,2026-07-17
greenhouse,"pennylinn",pennylinn,2026-08-01
greenhouse,"Penske Media Corp.",pmc,2026-07-17
greenhouse,"peopletech",peopletech,2026-08-01
greenhouse,"pep",pep,2026-08-01
greenhouse,"Perch Energy",perchenergycareers,2026-07-17
greenhouse,"Peregrine Technologies",peregrinetechnologies,2026-07-17
greenhouse,"PerfectServe",perfectserve,2026-07-17
greenhouse,"Perion Network Ltd",perionnetworkltd,2026-07-17
greenhouse,"perm",perm,2026-08-01
greenhouse,"permira",permira,2026-08-01
greenhouse,"perpay",perpay,2026-08-01
greenhouse,"Perry Ellis International",perryellisinternational,2026-07-17
greenhouse,"Per Scholas",perscholashires,2026-07-17
greenhouse,"pfm",pfm,2026-08-01
greenhouse,"Phamily",jobsatphamily,2026-07-17
greenhouse,"pharmacy",pharmacy,2026-08-01
greenhouse,"Pharo Management",pharomanagement,2026-07-17
greenhouse,"phaser",phaser,2026-08-01
greenhouse,"PhaseV",phasev,2026-07-17
greenhouse,"philadelphiaanimalhospital",philadelphiaanimalhospital,2026-08-01
greenhouse,"Philadelphia Eagles",philadelphiaeagles,2026-07-17
greenhouse,"philadelphiaeaglesgameday",philadelphiaeaglesgameday,2026-08-01
greenhouse,"Philadelphia Phillies - Baseball Operations",philliesbaseballoperations,2026-07-17
greenhouse,"philippines",philippines,2026-08-01
greenhouse,"philliesbusinessops",philliesbusinessops,2026-08-01
greenhouse,"philliesgameday",philliesgameday,2026-08-01
greenhouse,"Philo",philo,2026-07-17
greenhouse,"Philz Coffee",philzcoffeecareers,2026-07-17
greenhouse,"Phiture GmbH",phiture2,2026-07-17
greenhouse,"Phizenix",phizenix,2026-07-17
greenhouse,"phmg",phmg,2026-08-01
greenhouse,"Phoenix Contact",phoenixcontact,2026-07-17
greenhouse,"phoenixmed",phoenixmed,2026-08-01
greenhouse,"PhonePe",phonepe,2026-07-17
greenhouse,"PhysicsX",physicsx,2026-07-17
greenhouse,"pia",pia,2026-08-01
greenhouse,"Picnic",teampicnic,2026-07-17
greenhouse,"Picnic Delivery",try-picnic,2026-07-17
greenhouse,"Pico",picoquantitativetrading,2026-07-17
greenhouse,"picpay",picpay,2026-08-01
greenhouse,"picsart",picsart,2026-08-01
greenhouse,"Picsart Academy",academy,2026-08-01
greenhouse,"Pie Insurance",pieinsurance,2026-07-17
greenhouse,"pieinsuranceinternationalcontracts",pieinsuranceinternationalcontracts,2026-08-01
greenhouse,"Piermont Bank",piermontbank,2026-07-17
greenhouse,"Pilot.com",pilothq,2026-07-17
greenhouse,"pindropsecurity",pindropsecurity,2026-08-01
greenhouse,"Pine",pine,2026-07-17
greenhouse,"Pine Park Health",pineparkhealth,2026-07-17
greenhouse,"pingcap",pingcap,2026-08-01
greenhouse,"Ping Identity",pingidentity,2026-07-17
greenhouse,"Pinnacol Assurance",pinnacolassurance,2026-07-17
greenhouse,"pinterest",pinterest,2026-08-01
greenhouse,"pipe17",pipe17,2026-08-01
greenhouse,"Pippin Technologies India",pippintitleindia,2026-07-17
greenhouse,"pirateship",pirateship,2026-08-01
greenhouse,"PitchBook Data",pitchbookdata,2026-07-17
greenhouse,"pivotbio",pivotbio,2026-08-01
greenhouse,"pixiebrix",pixiebrix,2026-08-01
greenhouse,"pixocial",pixocial,2026-08-01
greenhouse,"place",place,2026-08-01
greenhouse,"Placements.io",placementsio,2026-07-17
greenhouse,"placerealestate",placerealestate,2026-08-01
greenhouse,"planable",planable,2026-08-01
greenhouse,"Planet",planetlabs,2026-08-01
greenhouse,"PlanetScale",planetscale,2026-08-01
greenhouse,"planomatic",planomatic,2026-08-01
greenhouse,"planradar",planradar,2026-08-01
greenhouse,"Plata Card",platacard,2026-07-17
greenhouse,"Platform Science",platformscience,2026-07-17
greenhouse,"platformsh",platformsh,2026-08-01
greenhouse,"PlayStation Global",sonyinteractiveentertainmentglobal,2026-07-17
greenhouse,"playworks96",playworks96,2026-08-01
greenhouse,"pleo",pleo,2026-08-01
greenhouse,"Plexium Careers",plexium,2026-07-17
greenhouse,"Plexus Worldwide",plexusworldwidellc,2026-07-17
greenhouse,"pliancy",pliancy,2026-08-01
greenhouse,"Plooto",plootocareers,2026-07-17
greenhouse,"plos",plos,2026-08-01
greenhouse,"plotly",plotly,2026-08-01
greenhouse,"PLS",plscareers,2026-07-17
greenhouse,"Pluckers Wing Bar - Corporate",pluckershomeoffice,2026-07-17
greenhouse,"Plume",plume,2026-07-17
greenhouse,"pm",pm,2026-08-01
greenhouse,"PMG",pmg,2026-07-17
greenhouse,"pocketco",pocketco,2026-08-01
greenhouse,"Podium",podium81,2026-07-17
greenhouse,"Point72",point72,2026-07-17
greenhouse,"Point72 Private Investments",p72pi,2026-07-17
greenhouse,"Point C",pointc,2026-07-17
greenhouse,"Poka EN",poka,2026-07-17
greenhouse,"pokaeu",pokaeu,2026-08-01
greenhouse,"polaris",polaris,2026-08-01
greenhouse,"policyexpert",policyexpert,2026-08-01
greenhouse,"PolyAI",polyai,2026-07-17
greenhouse,"polychaincapital",polychaincapital,2026-08-01
greenhouse,"Polychain Genesis",genesis,2026-07-17
greenhouse,"polygonus",polygonus,2026-08-01
greenhouse,"Polyphony Digital",pdi,2026-07-17
greenhouse,"Pomelo Care",pomelocare,2026-07-17
greenhouse,"ponbikeoperations",ponbikeoperations,2026-08-01
greenhouse,"Ponderosa Garage Doors",ponderosa,2026-07-17
greenhouse,"Pontera",pontera,2026-07-17
greenhouse,"Poppulo",poppulo,2026-07-17
greenhouse,"Porsche Walnut Creek",porschewalnutcreek,2026-07-17
greenhouse,"Porter Novelli",porternovelli,2026-07-17
greenhouse,"Portoro",portoro,2026-07-17
greenhouse,"portwest",portwest,2026-08-01
greenhouse,"poshmark",poshmark,2026-08-01
greenhouse,"Postman",postman,2026-07-17
greenhouse,"postpartumsupportinternational",postpartumsupportinternational,2026-08-01
greenhouse,"Postscript",postscript,2026-07-17
greenhouse,"potato",potato,2026-08-01
greenhouse,"Power Digital",powerdigitalmarketing,2026-07-17
greenhouse,"Powerhouse Arts",powerhousearts,2026-07-17
greenhouse,"powertodecide",powertodecide,2026-08-01
greenhouse,"powerx",powerx,2026-08-01
greenhouse,"ppco",ppco,2026-08-01
greenhouse,"pps",pps,2026-08-01
greenhouse,"pqshield",pqshield,2026-08-01
greenhouse,"Practice Better",practicebetter,2026-07-17
greenhouse,"pracuj",pracuj,2026-08-01
greenhouse,"praetorian",praetorian,2026-08-01
greenhouse,"Praxent",praxent,2026-07-17
greenhouse,"Praxis",praxis,2026-07-17
greenhouse,"Praxis Precision Medicines, Inc.",praxisprecisionmedicines,2026-07-17
greenhouse,"preacher",preacher,2026-08-01
greenhouse,"Precision AQ",precisionaq,2026-07-17
greenhouse,"Precision Medicine Group",precisionmedicinegroup,2026-07-17
greenhouse,"Premier Truck Rental",premiertruckrental,2026-07-17
greenhouse,"prenuvo",prenuvo,2026-08-01
greenhouse,"PrescriberPoint",prescriberpoint,2026-08-01
greenhouse,"Presence",presencelearning,2026-07-17
greenhouse,"Presidents Institute",presidents,2026-07-17
greenhouse,"Presidents Institute Sweden",presidentsinstitutesweden,2026-07-17
greenhouse,"presidentssummit",presidentssummit,2026-08-01
greenhouse,"pretiuminternships2026",pretiuminternships2026,2026-08-01
greenhouse,"Prevail",prevail,2026-07-17
greenhouse,"Prezzee",prezzee,2026-07-17
greenhouse,"Pricefox",pricefox,2026-07-17
greenhouse,"primer.ai",primerai,2026-07-17
greenhouse,"primexbt",primexbt,2026-08-01
greenhouse,"prismatic",prismatic,2026-08-01
greenhouse,"priv",priv,2026-08-01
greenhouse,"privacy",privacy,2026-08-01
greenhouse,"Private Board",ascend,2026-08-01
greenhouse,"Private Equity Insights",privateequityinsights,2026-07-17
greenhouse,"privateer",privateer,2026-08-01
greenhouse,"Private Job Board",hellofreshprivate,2026-07-17
greenhouse,"Process Street",processstreet,2026-07-17
greenhouse,"ProCogia",procogia,2026-07-17
greenhouse,"Prodigal",prodigal,2026-07-17
greenhouse,"Product School",productschool,2026-08-01
greenhouse,"Profluent",profluent,2026-07-17
greenhouse,"ProFound",profound,2026-08-01
greenhouse,"project44",project44,2026-08-01
greenhouse,"project44 Careers",project44opportunities,2026-07-17
greenhouse,"Prolaio",prolaio,2026-08-01
greenhouse,"Prolific",prolific,2026-07-17
greenhouse,"Prometheus Real Estate Group",prometheusrealestategroup,2026-07-17
greenhouse,"Pronto",pronto,2026-08-01
greenhouse,"Proof",proof,2026-07-17
greenhouse,"Prophecy",prophecysimpledatalabs,2026-07-17
greenhouse,"prophero",prophero,2026-08-01
greenhouse,"prophet",prophet,2026-08-01
greenhouse,"Prophet Application",directapplication,2026-08-01
greenhouse,"proponents",proponents,2026-08-01
greenhouse,"propstack",propstack,2026-08-01
greenhouse,"ProPublica",propublica,2026-07-17
greenhouse,"Prosek Partners",prosek,2026-07-17
greenhouse,"prospa",prospa,2026-08-01
greenhouse,"prospectus",prospectus,2026-08-01
greenhouse,"Prosper Health",prosperhealth,2026-07-17
greenhouse,"protagonist",protagonist,2026-08-01
greenhouse,"proto",proto,2026-08-01
greenhouse,"Proton",proton,2026-07-17
greenhouse,"Proton.ai",protonai,2026-07-17
greenhouse,"Prove",prove,2026-07-17
greenhouse,"Providence Digital Innovation Group",providencedig,2026-08-01
greenhouse,"provider",provider,2026-08-01
greenhouse,"psg",psg,2026-08-01
greenhouse,"PsiBufet",psibufet,2026-08-01
greenhouse,"psi-engineering",psi-engineering,2026-08-01
greenhouse,"psl",psl,2026-08-01
greenhouse,"pt",pt,2026-08-01
greenhouse,"pti",pti,2026-08-01
greenhouse,"PUBG EMEA",pubgemea,2026-07-17
greenhouse,"PUBG Seattle",pubgseattle,2026-07-17
greenhouse,"Public",public,2026-07-17
greenhouse,"PubMatic",pubmatic,2026-07-17
greenhouse,"pubnub",pubnub,2026-08-01
greenhouse,"Pulley",pulley,2026-07-17
greenhouse,"pulmovant",pulmovant,2026-08-01
greenhouse,"pulse",pulse,2026-08-01
greenhouse,"pulsebiosciences",pulsebiosciences,2026-08-01
greenhouse,"Pulumi",pulumicorporation,2026-07-17
greenhouse,"Pump.co",pumpcareers,2026-07-17
greenhouse,"purewow",purewow,2026-08-01
greenhouse,"purple",purple,2026-08-01
greenhouse,"purposemed",purposemed,2026-08-01
greenhouse,"PursueCare",pursuecare,2026-07-17
greenhouse,"pushpay",pushpay,2026-08-01
greenhouse,"Q-Centrix",qcentrix,2026-07-17
greenhouse,"qdssjobsohio",qdssjobsohio,2026-08-01
greenhouse,"qfhsomaha",qfhsomaha,2026-08-01
greenhouse,"qgenda",qgenda,2026-08-01
greenhouse,"qgiv",qgiv,2026-08-01
greenhouse,"qr",qr,2026-08-01
greenhouse,"qt",qt,2026-08-01
greenhouse,"Quadrature Capital",quadraturecapital,2026-07-17
greenhouse,"quaise",quaise,2026-08-01
greenhouse,"Qualia",qualia,2026-07-17
greenhouse,"Qualified Digital",qualifieddigital,2026-07-17
greenhouse,"Qualio",qualio,2026-07-17
greenhouse,"qualtrics",qualtrics,2026-08-01
greenhouse,"Quanata",quanata,2026-07-17
greenhouse,"quantboxresearchpte",quantboxresearchpte,2026-08-01
greenhouse,"QuantHealth",quanthealth,2026-07-17
greenhouse,"Quantum Coffee",quantumcoffee,2026-07-17
greenhouse,"Qube Research & Technologies",quberesearchandtechnologies,2026-07-17
greenhouse,"questbridge",questbridge,2026-08-01
greenhouse,"questdefensesystemssolutionsinc",questdefensesystemssolutionsinc,2026-08-01
greenhouse,"quetzal",quetzal,2026-08-01
greenhouse,"Quillbot",quillbot,2026-07-17
greenhouse,"quilt",quilt,2026-08-01
greenhouse,"Quince",quince,2026-07-17
greenhouse,"quinnevansarchitects",quinnevansarchitects,2026-08-01
greenhouse,"quinstreet",quinstreet,2026-08-01
greenhouse,"quip",quip,2026-08-01
greenhouse,"Quisitive",quisitivejobs,2026-07-17
greenhouse,"qventus",qventus,2026-08-01
greenhouse,"rabota",rabota,2026-08-01
greenhouse,"Rackner",rackner,2026-07-17
greenhouse,"racm",racm,2026-08-01
greenhouse,"raconteur",raconteur,2026-08-01
greenhouse,"RADAR",radar,2026-07-17
greenhouse,"radaranalytics",radaranalytics,2026-08-01
greenhouse,"RadiantSecurity",radiantsecurity,2026-07-17
greenhouse,"Radical Numerics",radicalnumerics,2026-07-17
greenhouse,"Radicle Health",radiclehealth,2026-07-17
greenhouse,"Radix Trading Experienced Job Board",radixexperienced,2026-07-17
greenhouse,"Radix Trading University Job Board",radixuniversity,2026-07-17
greenhouse,"Raft Company Website",raft,2026-07-17
greenhouse,"raisin",raisin,2026-08-01
greenhouse,"rajasthanroyals",rajasthanroyals,2026-08-01
greenhouse,"rak",rak,2026-08-01
greenhouse,"Ramp Network",rampnetwork,2026-07-17
greenhouse,"Range",range,2026-07-17
greenhouse,"RapidSOS",rapidsos,2026-07-17
greenhouse,"RAPP",rapp,2026-07-17
greenhouse,"Raptor Technologies",raptortechnologies,2026-07-17
greenhouse,"rater8",rater8,2026-08-01
greenhouse,"raven",raven,2026-08-01
greenhouse,"Razorpay Software Private Limited",razorpaysoftwareprivatelimited,2026-07-17
greenhouse,"rcc",rcc,2026-08-01
greenhouse,"RCX Sports",rcxsports,2026-07-17
greenhouse,"rdccareers",rdccareers,2026-08-01
greenhouse,"rdstation",rdstation,2026-08-01
greenhouse,"reach3insights",reach3insights,2026-08-01
greenhouse,"reachdesk",reachdesk,2026-08-01
greenhouse,"Reach Financial",reach,2026-07-17
greenhouse,"Reactivate",reactivate,2026-07-17
greenhouse,"Ready",ready,2026-07-17
greenhouse,"readysettechnologyinc",readysettechnologyinc,2026-08-01
greenhouse,"Readystate Asset Management",readystate,2026-07-17
greenhouse,"Real Chemistry",realchemistry,2026-07-17
greenhouse,"realpha",realpha,2026-08-01
greenhouse,"realtimeboardglobal",realtimeboardglobal,2026-08-01
greenhouse,"Real-Time Innovations",rti,2026-07-17
greenhouse,"realtymogul",realtymogul,2026-08-01
greenhouse,"Rebag",rebag,2026-07-17
greenhouse,"Re-Bath",rebathcorporate,2026-07-17
greenhouse,"rebet",rebet,2026-08-01
greenhouse,"rebtel",rebtel,2026-08-01
greenhouse,"Re:Build Manufacturing",rebuildmanufacturing,2026-07-17
greenhouse,"rebuilt",rebuilt,2026-08-01
greenhouse,"recall",recall,2026-08-01
greenhouse,"Recast",recast,2026-07-17
greenhouse,"Recharge",recharge,2026-07-17
greenhouse,"Recidiviz",recidiviz,2026-07-17
greenhouse,"recode",recode,2026-08-01
greenhouse,"Recorded Future",recordedfuture,2026-07-17
greenhouse,"Recruitis",recruitis,2026-07-17
greenhouse,"Rectangle Health",rectanglehealth,2026-07-17
greenhouse,"recurrent",recurrent,2026-08-01
greenhouse,"Recursion",recursionpharmaceuticals,2026-08-01
greenhouse,"Red Cell Partners",redcellpartners,2026-07-17
greenhouse,"Reddit",reddit,2026-07-17
greenhouse,"RedHelm",onepath,2026-07-17
greenhouse,"Redpanda Data",redpandadata,2026-07-17
greenhouse,"Redpin",currenciesdirect,2026-07-17
greenhouse,"redstoneresidential",redstoneresidential,2026-08-01
greenhouse,"redventures",redventures,2026-08-01
greenhouse,"redwirespaceeurope",redwirespaceeurope,2026-08-01
greenhouse,"Redwood Materials",redwoodmaterials,2026-08-01
greenhouse,"Redwood Software",redwoodsoftware,2026-07-17
greenhouse,"ref",ref,2026-08-01
greenhouse,"Referrals Only",monzoreferrals,2026-07-17
greenhouse,"Referrals Only",thoughtworksreferral,2026-07-17
greenhouse,"referralsonly",referralsonly,2026-08-01
greenhouse,"reflex",reflex,2026-08-01
greenhouse,"Reformation",reformation,2026-07-17
greenhouse,"Regent",regent,2026-07-17
greenhouse,"regie",regie,2026-08-01
greenhouse,"RegScale",regscale,2026-07-17
greenhouse,"Relai",technology,2026-07-17
greenhouse,"RelationalAI",relationalai,2026-07-17
greenhouse,"Relativity Space",relativity,2026-07-17
greenhouse,"Relay",relaypro,2026-07-17
greenhouse,"Relay Graduate School of Education",relaygraduateschoolofeducation,2026-08-01
greenhouse,"Relay Payments",relaypayments,2026-07-17
greenhouse,"released",released,2026-08-01
greenhouse,"relex",relex,2026-08-01
greenhouse,"Reliant",reliant,2026-08-01
greenhouse,"Reltio",reltio,2026-07-17
greenhouse,"Relyance AI",relyance,2026-07-17
greenhouse,"remedyedgelondon",remedyedgelondon,2026-08-01
greenhouse,"remedyedgespain",remedyedgespain,2026-08-01
greenhouse,"remedyhomehealthcare",remedyhomehealthcare,2026-08-01
greenhouse,"Remedy Meds",thirtymadison,2026-07-17
greenhouse,"remm",remm,2026-08-01
greenhouse,"remodelhealth",remodelhealth,2026-08-01
greenhouse,"Remora",remoracarbon,2026-07-17
greenhouse,"Remotasks",remotasks,2026-07-17
greenhouse,"remote",remote,2026-08-01
greenhouse,"Remote",remotecom,2026-07-17
greenhouse,"Remote Jobs At Sandstone Care",sandstoneremote,2026-07-17
greenhouse,"remotepeople",remotepeople,2026-08-01
greenhouse,"Remote Positions",opremote,2026-07-17
greenhouse,"Remote - Referral Board",remotereferralboardinternaluseonly,2026-07-17
greenhouse,"remotetcx",remotetcx,2026-08-01
greenhouse,"Remote Woman",remotewoman,2026-07-17
greenhouse,"Renaissance Learning EMEA APAC",renaissancelearning-emea,2026-07-17
greenhouse,"Renaissance Learning North America",renaissancelearning-nam,2026-08-01
greenhouse,"Renewed Vision",renewedvision,2026-08-01
greenhouse,"Rent the Runway",renttherunway,2026-07-17
greenhouse,"reolink",reolink,2026-08-01
greenhouse,"RepeatMD",repeatmd,2026-07-17
greenhouse,"reproductivefreedomforall",reproductivefreedomforall,2026-08-01
greenhouse,"Resident",residenthome,2026-07-17
greenhouse,"residential",residential,2026-08-01
greenhouse,"resilience",resilience,2026-08-01
greenhouse,"Resolve To Save Lives",resolvetosavelives,2026-07-17
greenhouse,"ResortPass",resortpass,2026-07-17
greenhouse,"Resource Environmental Solutions LLC",res,2026-07-17
greenhouse,"restart",restart,2026-08-01
greenhouse,"retail",retail,2026-08-01
greenhouse,"Retail Insights",retailinsights,2026-07-17
greenhouse,"retraced",retraced,2026-08-01
greenhouse,"Returners Job Board",chicago,2026-08-01
greenhouse,"Reunion Marketing",reunionmarketing,2026-07-17
greenhouse,"revel",revel,2026-08-01
greenhouse,"Revero",revero,2026-07-17
greenhouse,"RevGen Partners",revgenpartners,2026-07-17
greenhouse,"Revlon Corporate",revloncorporate,2026-07-17
greenhouse,"revx",revx,2026-08-01
greenhouse,"Rewards Network",rewardsnetwork,2026-08-01
greenhouse,"rexfordindustrial",rexfordindustrial,2026-08-01
greenhouse,"rfa",rfa,2026-08-01
greenhouse,"RF-SMART",rfsmart,2026-07-17
greenhouse,"rga",rga,2026-08-01
greenhouse,"rgd",rgd,2026-08-01
greenhouse,"Rhombus Power, Inc.",rhombuspower,2026-07-17
greenhouse,"Rhythm Software, Inc.",rhythmsoftwareinc,2026-07-17
greenhouse,"rialtic",rialtic,2026-08-01
greenhouse,"Riboli Family Wines",ribolifamilywines,2026-07-17
greenhouse,"ridgeline",ridgeline,2026-08-01
greenhouse,"rightship",rightship,2026-08-01
greenhouse,"rightwayhealthcare",rightwayhealthcare,2026-08-01
greenhouse,"RigUp",rigup,2026-07-17
greenhouse,"ringconcierge",ringconcierge,2026-08-01
greenhouse,"ringdna",ringdna,2026-08-01
greenhouse,"riotgames",riotgames,2026-08-01
greenhouse,"ripple",ripple,2026-08-01
greenhouse,"ripplematch",ripplematch,2026-08-01
greenhouse,"Rise8",rise8,2026-07-17
greenhouse,"riseamg",riseamg,2026-08-01
greenhouse,"riseforfamilies",riseforfamilies,2026-08-01
greenhouse,"risingwings",risingwings,2026-08-01
greenhouse,"riskified",riskified,2026-08-01
greenhouse,"Rithum",rithum,2026-07-17
greenhouse,"Rithum LinkedIn Board",rithumliboard,2026-07-17
greenhouse,"Ritual",ritual,2026-07-17
greenhouse,"riv",riv,2026-08-01
greenhouse,"rivaltechnologies",rivaltechnologies,2026-08-01
greenhouse,"Riverlane",riverlane,2026-07-17
greenhouse,"riversidenaturalfoodsltd",riversidenaturalfoodsltd,2026-08-01
greenhouse,"riviamind1",riviamind1,2026-08-01
greenhouse,"rjm",rjm,2026-08-01
greenhouse,"rmci",rmci,2026-08-01
greenhouse,"Roadie",roadie,2026-07-17
greenhouse,"RoadRunner Recycling Inc.",roadrunner,2026-07-17
greenhouse,"Road to Hire",roadtohire,2026-07-17
greenhouse,"Robinhood",robinhood,2026-07-17
greenhouse,"roblox",roblox,2026-08-01
greenhouse,"RoboForce",roboforce,2026-07-17
greenhouse,"robotsandpencils",robotsandpencils,2026-08-01
greenhouse,"Rockbot",rockbot,2026-07-17
greenhouse,"Rocket Lab Corporation",rocketlab,2026-07-17
greenhouse,"Rocket Money",truebill,2026-08-01
greenhouse,"rocketreach",rocketreach,2026-08-01
greenhouse,"Rocket Travel, Inc.",rocketmiles,2026-07-17
greenhouse,"Rockstar Games",rockstargames,2026-07-17
greenhouse,"roivantsciences",roivantsciences,2026-08-01
greenhouse,"roka",roka,2026-08-01
greenhouse,"roku",roku,2026-08-01
greenhouse,"ROLLER",roller,2026-07-17
greenhouse,"Rome Community Partners",community,2026-08-01
greenhouse,"Rondo Energy",rondoenergy,2026-07-17
greenhouse,"Roo",roo,2026-07-17
greenhouse,"Roofr",roofr,2026-07-17
greenhouse,"roofstock",roofstock,2026-08-01
greenhouse,"root",root,2026-08-01
greenhouse,"rooted",rooted,2026-08-01
greenhouse,"rootstocklabsltd",rootstocklabsltd,2026-08-01
greenhouse,"rosebud",rosebud,2026-08-01
greenhouse,"route",route,2026-08-01
greenhouse,"Royal Vet",royalvet,2026-07-17
greenhouse,"rpa",rpa,2026-08-01
greenhouse,"rps",rps,2026-08-01
greenhouse,"rqdclearingllc",rqdclearingllc,2026-08-01
greenhouse,"rstudio",rstudio,2026-08-01
greenhouse,"rtbhouse",rtbhouse,2026-08-01
greenhouse,"RTINGS.com",rtingscom,2026-07-17
greenhouse,"rtp",rtp,2026-08-01
greenhouse,"Rubrik Job Board",rubrik,2026-07-17
greenhouse,"rubyhotels",rubyhotels,2026-08-01
greenhouse,"Ruggable",ruggable,2026-07-17
greenhouse,"Rumble - Career Page",rumble,2026-07-17
greenhouse,"Runpod, Inc.",runpod,2026-07-17
greenhouse,"Runwise",runwise,2026-08-01
greenhouse,"runzero",runzero,2026-08-01
greenhouse,"Rush Street Interactive",rushstreetinteractive,2026-07-17
greenhouse,"rva",rva,2026-08-01
greenhouse,"RXR",rxr,2026-07-17
greenhouse,"rxrprivate",rxrprivate,2026-08-01
greenhouse,"RxSense",rxsense,2026-07-17
greenhouse,"rxvantage",rxvantage,2026-08-01
greenhouse,"rzr",rzr,2026-08-01
greenhouse,"sa",sa,2026-08-01
greenhouse,"saasacademy",saasacademy,2026-08-01
greenhouse,"saas.group",saasgroup,2026-07-17
greenhouse,"saatva",saatva,2026-08-01
greenhouse,"Saber.tech",sabertech,2026-08-01
greenhouse,"SADA India",sadaindia,2026-07-17
greenhouse,"Safari AI",safariai,2026-07-17
greenhouse,"safebreach",safebreach,2026-08-01
greenhouse,"sage",sage,2026-08-01
greenhouse,"sage49",sage49,2026-08-01
greenhouse,"Sage Corps Program Applications",sagecorps,2026-07-17
greenhouse,"Sagent",sagent,2026-07-17
greenhouse,"sagesure",sagesure,2026-08-01
greenhouse,"salaryfinance",salaryfinance,2026-08-01
greenhouse,"salesloft",salesloft,2026-08-01
greenhouse,"salientmotion",salientmotion,2026-08-01
greenhouse,"Salsify",salsify,2026-07-17
greenhouse,"Saltbox",saltbox,2026-07-17
greenhouse,"saltsecurity",saltsecurity,2026-08-01
greenhouse,"Sama",samainc,2026-07-17
greenhouse,"samaraaerospace",samaraaerospace,2026-08-01
greenhouse,"Samlino Group",ceg,2026-07-17
greenhouse,"samsara",samsara,2026-08-01
greenhouse,"Samsung Next",samsungnext,2026-07-17
greenhouse,"samsungresearchamerica",samsungresearchamerica,2026-08-01
greenhouse,"Samsung Research America Internship",samsungresearchamericainternship,2026-07-17
greenhouse,"Samsung Semiconductor",samsungsemiconductor,2026-07-17
greenhouse,"sandiegocommunitypower",sandiegocommunitypower,2026-08-01
greenhouse,"sandler",sandler,2026-08-01
greenhouse,"Sands Capital",sandscapitalmanagementllc,2026-07-17
greenhouse,"sandsinvestmentgroup",sandsinvestmentgroup,2026-08-01
greenhouse,"sandstonebaltimore",sandstonebaltimore,2026-08-01
greenhouse,"Sandstone Care",sandstonecare,2026-07-17
greenhouse,"sandstonecareboulder",sandstonecareboulder,2026-08-01
greenhouse,"sandstonecarebroomfield",sandstonecarebroomfield,2026-08-01
greenhouse,"sandstonecarerichmond",sandstonecarerichmond,2026-08-01
greenhouse,"sandstonecarevirginiabeach",sandstonecarevirginiabeach,2026-08-01
greenhouse,"sandstonechantilly",sandstonechantilly,2026-08-01
greenhouse,"sandstonecoloradomedicaldetox",sandstonecoloradomedicaldetox,2026-08-01
greenhouse,"sandstonemaryland",sandstonemaryland,2026-08-01
greenhouse,"sandstonevirginia",sandstonevirginia,2026-08-01
greenhouse,"San Francisco AIDS Foundation",sfaf,2026-07-17
greenhouse,"San Francisco Campus for Jewish Living",sanfranciscocampusforjewishliving,2026-07-17
greenhouse,"sanmar",sanmar,2026-08-01
greenhouse,"Santex",santex,2026-07-17
greenhouse,"sao",sao,2026-08-01
greenhouse,"sapro",sapro,2026-08-01
greenhouse,"sas",sas,2026-08-01
greenhouse,"sassoon",sassoon,2026-08-01
greenhouse,"Sauce Labs Inc.",saucelabs,2026-07-17
greenhouse,"savoylife",savoylife,2026-08-01
greenhouse,"saxbys",saxbys,2026-08-01
greenhouse,"Sayari",sayari,2026-07-17
greenhouse,"sbenergy",sbenergy,2026-08-01
greenhouse,"sbusa",sbusa,2026-08-01
greenhouse,"sc",sc,2026-08-01
greenhouse,"Scale AI",scaleai,2026-07-17
greenhouse,"scalellp",scalellp,2026-08-01
greenhouse,"scalemonk",scalemonk,2026-08-01
greenhouse,"scalespace",scalespace,2026-08-01
greenhouse,"Scangroup",scangroup,2026-08-01
greenhouse,"scanner",scanner,2026-08-01
greenhouse,"Schonfeld",schonfeld,2026-08-01
greenhouse,"schooljobs",schooljobs,2026-08-01
greenhouse,"schoolstatus",schoolstatus,2026-08-01
greenhouse,"Schrödinger",schrdinger,2026-07-17
greenhouse,"schubergphilis",schubergphilis,2026-08-01
greenhouse,"Schwarzman Animal Medical Center",animalmedicalcenter,2026-07-17
greenhouse,"science37",science37,2026-08-01
greenhouse,"scm",scm,2026-08-01
greenhouse,"Scopely",scopely,2026-07-17
greenhouse,"Scorpion Enterprises, LLC",scorpionenterprisesllc,2026-07-17
greenhouse,"Scotch",scotch,2026-07-17
greenhouse,"scout24",scout24,2026-08-01
greenhouse,"Scout AI",scoutai,2026-07-17
greenhouse,"Scout Motors",scoutmotors,2026-07-17
greenhouse,"Scout Space",scoutspace,2026-07-17
greenhouse,"Scowtt Inc",scowtt,2026-08-01
greenhouse,"scribbr",scribbr,2026-08-01
greenhouse,"scsfinancial",scsfinancial,2026-08-01
greenhouse,"sct",sct,2026-08-01
greenhouse,"seafireresortltd",seafireresortltd,2026-08-01
greenhouse,"Seamless",seamlessai,2026-07-17
greenhouse,"seatgeek",seatgeek,2026-08-01
greenhouse,"Seattle Sounders FC & Seattle Reign FC",seattlesoundersfc,2026-07-17
greenhouse,"secondarysocials",secondarysocials,2026-08-01
greenhouse,"secret123",secret123,2026-08-01
greenhouse,"Secretariat",secretariatadvisorsllc,2026-08-01
greenhouse,"secure",secure,2026-08-01
greenhouse,"Securitize",securitize,2026-07-17
greenhouse,"securityscorecard",securityscorecard,2026-08-01
greenhouse,"sedna",sedna,2026-08-01
greenhouse,"sedo",sedo,2026-08-01
greenhouse,"Seed",seed,2026-07-17
greenhouse,"seer",seer,2026-08-01
greenhouse,"Seesaw",seesaw,2026-07-17
greenhouse,"SEI",sei,2026-07-17
greenhouse,"seisandbox",seisandbox,2026-08-01
greenhouse,"Select Management Group",selectmanagementgroup,2026-07-17
greenhouse,"Self Financial",selffinancial,2026-07-17
greenhouse,"Selini Capital",selinicapital,2026-07-17
greenhouse,"selkirksport",selkirksport,2026-08-01
greenhouse,"selling",selling,2026-08-01
greenhouse,"Semafor",semafor,2026-07-17
greenhouse,"send",send,2026-08-01
greenhouse,"sendbird",sendbird,2026-08-01
greenhouse,"sendle",sendle,2026-08-01
greenhouse,"seniordoc",seniordoc,2026-08-01
greenhouse,"sensei",sensei,2026-08-01
greenhouse,"senseiag",senseiag,2026-08-01
greenhouse,"sentinellabs",sentinellabs,2026-08-01
greenhouse,"SEO (Sponsors for Educational Opportunity)",sponsorsforeducationalopportunity,2026-07-17
greenhouse,"Seoul Robotics",seoulrobotics,2026-07-17
greenhouse,"Septerna",septerna,2026-07-17
greenhouse,"seres",seres,2026-08-01
greenhouse,"serhant",serhant,2026-08-01
greenhouse,"Serif Biomedicines, Inc.",serif,2026-07-17
greenhouse,"Serino Coyne",serinocoyne,2026-07-17
greenhouse,"Sertis",sertis,2026-07-17
greenhouse,"Sertrading",sertradingsa,2026-07-17
greenhouse,"servicechampions",servicechampions,2026-08-01
greenhouse,"serviceexpress",serviceexpress,2026-08-01
greenhouse,"ses",ses,2026-08-01
greenhouse,"sesai",sesai,2026-08-01
greenhouse,"SESAMm",sesamm,2026-08-01
greenhouse,"Seso Inc.,",sesolabor,2026-08-01
greenhouse,"Setpoint",setpoint,2026-07-17
greenhouse,"SetSales",setsales,2026-07-17
greenhouse,"Seven Research",sevenresearch,2026-08-01
greenhouse,"SevenRooms, a DoorDash company - United Arab Emirates",sevenroomsuae,2026-07-17
greenhouse,"Seyond",seyond,2026-07-17
greenhouse,"Sezzle",sezzle,2026-08-01
greenhouse,"SFOX",sfox,2026-07-17
greenhouse,"sgfieldinternal",sgfieldinternal,2026-08-01
greenhouse,"Sgt. Pepper's Lonely Hearts Club Band",disney,2026-08-01
greenhouse,"shadow",shadow,2026-08-01
greenhouse,"Shakepay",shakepay,2026-07-17
greenhouse,"shaker",shaker,2026-08-01
greenhouse,"Shaper Capital",shapercapital,2026-07-17
greenhouse,"SharkNinja",sharkninjaoperatingllc,2026-07-17
greenhouse,"shawnee",shawnee,2026-08-01
greenhouse,"shednycinc",shednycinc,2026-08-01
greenhouse,"SHEIN",shein,2026-07-17
greenhouse,"shelf",shelf,2026-08-01
greenhouse,"shield",shield,2026-08-01
greenhouse,"Shields Health Solutions",shieldshealthsolutions,2026-07-17
greenhouse,"Shift4",shift4,2026-07-17
greenhouse,"Shift Technology",shifttechnology,2026-07-17
greenhouse,"Shimizu North America",shimizunorthamerica,2026-07-17
greenhouse,"ShipBob, Inc.",shipbobinc,2026-07-17
greenhouse,"shipfusion",shipfusion,2026-08-01
greenhouse,"shiphawk",shiphawk,2026-08-01
greenhouse,"shipmonk",shipmonk,2026-08-01
greenhouse,"shipwell",shipwell,2026-08-01
greenhouse,"Shopfully",shopfully,2026-07-17
greenhouse,"Shopmonkey",shopmonkey,2026-07-17
greenhouse,"ShopMy",shopmy,2026-07-17
greenhouse,"Shorelight, LLC",shorelightllc,2026-07-17
greenhouse,"Short Term Rotation",str,2026-08-01
greenhouse,"showpad",showpad,2026-08-01
greenhouse,"siboneinc",siboneinc,2026-08-01
greenhouse,"Sidecar Health",sidecarhealth,2026-07-17
greenhouse,"sievo",sievo,2026-08-01
greenhouse,"Sift Healthcare",sifthealthcare,2026-07-17
greenhouse,"Sigma Computing",sigmacomputing,2026-07-17
greenhouse,"Sigmoid",sigmoid,2026-07-17
greenhouse,"signalandstrand",signalandstrand,2026-08-01
greenhouse,"Signers National",signerscareers,2026-07-17
greenhouse,"Signifyd",signifyd95,2026-07-17
greenhouse,"signpost",signpost,2026-08-01
greenhouse,"silicon",silicon,2026-08-01
greenhouse,"Silicon Ranch Corporation",siliconranch,2026-07-17
greenhouse,"Silverado",silverado,2026-07-17
greenhouse,"silverlake",silverlake,2026-08-01
greenhouse,"silverrail",silverrail,2026-08-01
greenhouse,"silversky",silversky,2026-08-01
greenhouse,"silvr",silvr,2026-08-01
greenhouse,"Silvus Technologies",silvus,2026-07-17
greenhouse,"Similarweb",similarweb,2026-07-17
greenhouse,"simplepractice55",simplepractice55,2026-08-01
greenhouse,"Simplesense",simplesense,2026-07-17
greenhouse,"Simplex Trading",simplextrading,2026-08-01
greenhouse,"simplifed",simplifed,2026-08-01
greenhouse,"simplifyjobsintegrationsandbox",simplifyjobsintegrationsandbox,2026-08-01
greenhouse,"SimplifyNext",simplifynext,2026-07-17
greenhouse,"simplisafe",simplisafe,2026-08-01
greenhouse,"Simpluris",simpluris,2026-07-17
greenhouse,"simply",simply,2026-08-01
greenhouse,"SimplyInsured",si,2026-07-17
greenhouse,"SimplyTold",simplytold,2026-07-17
greenhouse,"Simpplr",simpplr,2026-07-17
greenhouse,"simpsongumpertzheger",simpsongumpertzheger,2026-08-01
greenhouse,"simscale",simscale,2026-08-01
greenhouse,"Simtra BioPharma Solutions",simtrabps,2026-07-17
greenhouse,"SimulaMet",simulamet,2026-07-17
greenhouse,"Simula Research Laboratory",simula,2026-07-17
greenhouse,"singlefile",singlefile,2026-08-01
greenhouse,"SingleStore",singlestore,2026-07-17
greenhouse,"singularity6",singularity6,2026-08-01
greenhouse,"Sirona Medical",sironamedical,2026-07-17
greenhouse,"sirum",sirum,2026-08-01
greenhouse,"sisco",sisco,2026-08-01
greenhouse,"Siteline",siteline,2026-07-17
greenhouse,"sitrepsllc",sitrepsllc,2026-08-01
greenhouse,"Sixfold",sixfold,2026-07-17
greenhouse,"sixt",sixt,2026-08-01
greenhouse,"Sixth Street",sixthstreet,2026-07-17
greenhouse,"Skedda",skedda,2026-07-17
greenhouse,"skellig",skellig,2026-08-01
greenhouse,"SK hynix America",skhynixamerica,2026-07-17
greenhouse,"Skild AI",skildai-careers,2026-07-17
greenhouse,"skilledwoundcare",skilledwoundcare,2026-08-01
greenhouse,"skillsoft",skillsoft,2026-08-01
greenhouse,"skillzinc",skillzinc,2026-08-01
greenhouse,"Skin Clique",skinclique,2026-07-17
greenhouse,"Skin Laundry",skinlaundry,2026-07-17
greenhouse,"skupos",skupos,2026-08-01
greenhouse,"skyepointdecisionsinc",skyepointdecisionsinc,2026-08-01
greenhouse,"Skylight",skylighthq,2026-07-17
greenhouse,"skyscanner",skyscanner,2026-08-01
greenhouse,"slice",slice,2026-08-01
greenhouse,"slickdeals",slickdeals,2026-08-01
greenhouse,"slideinsurance",slideinsurance,2026-08-01
greenhouse,"slingshotaerospace",slingshotaerospace,2026-08-01
greenhouse,"SmartAsset",smartasset,2026-07-17
greenhouse,"SmartBear",smartbear,2026-07-17
greenhouse,"SmarterDx",smarterdx,2026-08-01
greenhouse,"smartertechnologies",smartertechnologies,2026-08-01
greenhouse,"Smartling",smartling,2026-07-17
greenhouse,"Smartly",smartlyio,2026-07-17
greenhouse,"smartpay",smartpay,2026-08-01
greenhouse,"Smartsheet",smartsheet,2026-07-17
greenhouse,"smartwarehousing",smartwarehousing,2026-08-01
greenhouse,"SmartyPants Vitamins",smartypantsvitamins,2026-07-17
greenhouse,"smava GmbH",smavagmbh,2026-07-17
greenhouse,"SMCP NORTH AMERICA",smcpnorthamerica44hq,2026-07-17
greenhouse,"SMCP NORTH AMERICA (US, CANADA)",smcp,2026-08-01
greenhouse,"smemaryland",smemaryland,2026-08-01
greenhouse,"smepennsylvania",smepennsylvania,2026-08-01
greenhouse,"SmithRx",smithrx,2026-07-17
greenhouse,"smugmug",smugmug,2026-08-01
greenhouse,"smxtech",smxtech,2026-08-01
greenhouse,"Snackpass",snackpass,2026-07-17
greenhouse,"Snackpass Part Time Openings",snackpasspt,2026-07-17
greenhouse,"Snap! Mobile, Inc.",snapmobileinc,2026-07-17
greenhouse,"Snorkel AI",snorkelai,2026-07-17
greenhouse,"Snow Companies",snowcompanies,2026-07-17
greenhouse,"SOCi",soci,2026-07-17
greenhouse,"Socket",socket,2026-07-17
greenhouse,"sofi",sofi,2026-08-01
greenhouse,"soft2bet",soft2bet,2026-08-01
greenhouse,"softexpert",softexpert,2026-08-01
greenhouse,"sohohousecaterer",sohohousecaterer,2026-08-01
greenhouse,"Soho House & Co.",sohohouseco,2026-07-17
greenhouse,"Soho House via Hosco",hosco,2026-07-17
greenhouse,"Sojern",sojern,2026-07-17
greenhouse,"solarengine",solarengine,2026-08-01
greenhouse,"solari",solari,2026-08-01
greenhouse,"Solaris",solarisbank,2026-07-17
greenhouse,"solarwinds",solarwinds,2026-08-01
greenhouse,"Sol de Janeiro",soldejaneiro,2026-07-17
greenhouse,"Solera Health",solera,2026-07-17
greenhouse,"Solid Power",solidpower,2026-07-17
greenhouse,"soligent",soligent,2026-08-01
greenhouse,"Sollis Health",sollishealth,2026-07-17
greenhouse,"solomonpartnersprofessionals",solomonpartnersprofessionals,2026-08-01
greenhouse,"solomonpartnersstudentsgraduates",solomonpartnersstudentsgraduates,2026-08-01
greenhouse,"solutions",solutions,2026-08-01
greenhouse,"solutionsbytext",solutionsbytext,2026-08-01
greenhouse,"somethingspecialstudios",somethingspecialstudios,2026-08-01
greenhouse,"Sonatus",sonatus,2026-07-17
greenhouse,"Sonder.io",sonderaustralia,2026-07-17
greenhouse,"songtrust",songtrust,2026-08-01
greenhouse,"sonic",sonic,2026-08-01
greenhouse,"SonicWall",sonicwall,2026-08-01
greenhouse,"Sono Bello",sonobello,2026-07-17
greenhouse,"Sony Honda Mobility of America",sonyhondamobilityofamerica,2026-07-17
greenhouse,"Sony Interactive Entertainment Inc.",siei,2026-07-17
greenhouse,"Sony Music Careers - Asia & Middle East",sonymusicasiacareers,2026-07-17
greenhouse,"sonymusiccareersaustralia",sonymusiccareersaustralia,2026-08-01
greenhouse,"sonymusiccareersitaly",sonymusiccareersitaly,2026-08-01
greenhouse,"Sony Music Entertainment Germany",sonymusicde,2026-07-17
greenhouse,"Sony Music Entertainment Internship Program (US)",sonymusicinternshipsus,2026-07-17
greenhouse,"Sony Music Entertainment Netherlands",sonymusiccareersnetherlands,2026-08-01
greenhouse,"Sony Music Entertainment Norway",sonymusiccareersnorway,2026-07-17
greenhouse,"Sony Music Entertainment Poland",sonymusiccareerspoland,2026-07-17
greenhouse,"Sony Music Global Job Board",sonymusicentertainment,2026-08-01
greenhouse,"Sony Pictures Animation",sonypicturesanimation,2026-08-01
greenhouse,"Sony Pictures Imageworks",sonypicturesimageworks,2026-07-17
greenhouse,"sorcero",sorcero,2026-08-01
greenhouse,"Soros Fund Management",familyoffice,2026-07-17
greenhouse,"Sotheby's",sothebys,2026-08-01
greenhouse,"soundagriculture",soundagriculture,2026-08-01
greenhouse,"SoundCloud",soundcloud71,2026-07-17
greenhouse,"Sourcegraph",sourcegraph91,2026-07-17
greenhouse,"sourcengine",sourcengine,2026-08-01
greenhouse,"sourcescrub",sourcescrub,2026-08-01
greenhouse,"South Columbus Preparatory Academy - German Village",southcolumbuspreparatoryacademygermanvillage,2026-07-17
greenhouse,"southernpovertylawcenter",southernpovertylawcenter,2026-08-01
greenhouse,"South Star Software Private Limited",southstarcareers,2026-08-01
greenhouse,"SOUTHWORKS",southworks,2026-07-17
greenhouse,"Sovrn",sovrn,2026-07-17
greenhouse,"space",space,2026-08-01
greenhouse,"Space Kinetic",spacekinetic,2026-08-01
greenhouse,"spaceship",spaceship,2026-08-01
greenhouse,"SpaceX",spacex,2026-07-17
greenhouse,"SpaceX_Global",spacexglobal,2026-07-17
greenhouse,"Spade",spade,2026-07-17
greenhouse,"spain",spain,2026-08-01
greenhouse,"SPARETECH",sparetech,2026-07-17
greenhouse,"Spark Advisors",sparkadvisors,2026-08-01
greenhouse,"Sparkland",sparkland,2026-07-17
greenhouse,"Sparksoft Corporation",sparksoftcorporation,2026-08-01
greenhouse,"Sparrow",sparrow,2026-08-01
greenhouse,"Spaulding Ridge",spauldingridge,2026-08-01
greenhouse,"spauldingridgejobs",spauldingridgejobs,2026-08-01
greenhouse,"specialty1",specialty1,2026-08-01
greenhouse,"SpecterOps",specterops,2026-08-01
greenhouse,"Speechify",speechify,2026-07-17
greenhouse,"spektr",spektr,2026-08-01
greenhouse,"Spektrum",spektrum,2026-07-17
greenhouse,"spf",spf,2026-08-01
greenhouse,"sphereentertainment",sphereentertainment,2026-08-01
greenhouse,"sphinxdefense",sphinxdefense,2026-08-01
greenhouse,"Spin Careers",spin,2026-08-01
greenhouse,"spins",spins,2026-08-01
greenhouse,"spire",spire,2026-08-01
greenhouse,"spiro",spiro,2026-08-01
greenhouse,"spitfire",spitfire,2026-08-01
greenhouse,"Splash Financial",splashfinancial,2026-08-01
greenhouse,"splice",splice,2026-08-01
greenhouse,"splitero",splitero,2026-08-01
greenhouse,"spotandtango",spotandtango,2026-08-01
greenhouse,"SpotHopper",spothopper,2026-07-17
greenhouse,"spotinc",spotinc,2026-08-01
greenhouse,"Spotter",spotter,2026-08-01
greenhouse,"sprchrgr",sprchrgr,2026-08-01
greenhouse,"Sprengnetter GmbH",sprengnetter,2026-08-01
greenhouse,"Springboard",springboardmentors,2026-08-01
greenhouse,"Springboard Roles",springboard,2026-08-01
greenhouse,"Spring Health",springhealth66,2026-07-17
greenhouse,"sprocketsecurity",sprocketsecurity,2026-08-01
greenhouse,"sproutsocial",sproutsocial,2026-08-01
greenhouse,"spryker",spryker,2026-08-01
greenhouse,"SPS-North America",spsnorthamerica,2026-07-17
greenhouse,"SPS-North America Opportunities - Not Externally Posted Board",spsnorthamericaselected,2026-07-17
greenhouse,"sptc",sptc,2026-08-01
greenhouse,"SpyCloud",spycloud,2026-07-17
greenhouse,"spyretherapeutics",spyretherapeutics,2026-08-01
greenhouse,"squad",squad,2026-08-01
greenhouse,"Squarepoint Capital",squarepointcapital,2026-07-17
greenhouse,"squarespace",squarespace,2026-08-01
greenhouse,"Squint Opera",squintopera,2026-08-01
greenhouse,"squishable",squishable,2026-08-01
greenhouse,"SRS Acquiom",srsacquiom,2026-07-17
greenhouse,"st",st,2026-08-01
greenhouse,"StackAdapt",stackadapt,2026-07-17
greenhouse,"stackadapt-confidential",stackadapt-confidential,2026-08-01
greenhouse,"stackexchange",stackexchange,2026-08-01
greenhouse,"Stackline",stackline,2026-07-17
greenhouse,"Stacklok",stacklok,2026-07-17
greenhouse,"staffbase",staffbase,2026-08-01
greenhouse,"stage",stage,2026-08-01
greenhouse,"staged",staged,2026-08-01
greenhouse,"staging",staging,2026-08-01
greenhouse,"stahls",stahls,2026-08-01
greenhouse,"standardiron",standardiron,2026-08-01
greenhouse,"standardmetrics",standardmetrics,2026-08-01
greenhouse,"Stanley 1913",stanley1913-us,2026-08-01
greenhouse,"Starburst",starburst,2026-07-17
greenhouse,"Starcloud",starcloud,2026-08-01
greenhouse,"starfaceworld",starfaceworld,2026-08-01
greenhouse,"starlabs",starlabs,2026-08-01
greenhouse,"starmind",starmind,2026-08-01
greenhouse,"StarRez",starrez,2026-07-17
greenhouse,"StarTree",startree,2026-07-17
greenhouse,"starwars",starwars,2026-08-01
greenhouse,"stashinvest",stashinvest,2026-08-01
greenhouse,"stateaffairs",stateaffairs,2026-08-01
greenhouse,"status72",status72,2026-08-01
greenhouse,"steadfasthealth",steadfasthealth,2026-08-01
greenhouse,"Stealth Co",stealthco,2026-07-17
greenhouse,"Steer",steercrm,2026-07-17
greenhouse,"stellarcore",stellarcore,2026-08-01
greenhouse,"stelo",stelo,2026-08-01
greenhouse,"stensul",stensul,2026-08-01
greenhouse,"stepmobile",stepmobile,2026-08-01
greenhouse,"stepstone",stepstone,2026-08-01
greenhouse,"sterling",sterling,2026-08-01
greenhouse,"Sterlington, PLLC",sterlingtonpllc,2026-07-17
greenhouse,"sti",sti,2026-08-01
greenhouse,"stirlingpdf",stirlingpdf,2026-08-01
greenhouse,"stitch",stitch,2026-08-01
greenhouse,"stitchfix",stitchfix,2026-08-01
greenhouse,"StockX",stockx,2026-07-17
greenhouse,"stoiximan",stoiximan,2026-08-01
greenhouse,"stone",stone,2026-08-01
greenhouse,"storable",storable,2026-08-01
greenhouse,"Storyblocks",storyblocks,2026-07-17
greenhouse,"storyblok",storyblok,2026-08-01
greenhouse,"Story Cannabis",storycannabis,2026-07-17
greenhouse,"STR",systemstechnologyresearch,2026-07-17
greenhouse,"Straight Arrow",straightarrownews,2026-07-17
greenhouse,"strandtherapeutics",strandtherapeutics,2026-08-01
greenhouse,"Strata Decision Technology",stratacareers,2026-07-17
greenhouse,"Strata Information Group",stratainformationgroup,2026-07-17
greenhouse,"Strategic HR Client Job Openings",strategichr,2026-08-01
greenhouse,"strategicmissioncritical",strategicmissioncritical,2026-08-01
greenhouse,"strategicprojectpartners",strategicprojectpartners,2026-08-01
greenhouse,"strato",strato,2026-08-01
greenhouse,"stratolaunch",stratolaunch,2026-08-01
greenhouse,"Streamline Defense",streamlinedefense,2026-07-17
greenhouse,"stridehealth",stridehealth,2026-08-01
greenhouse,"Striim, Inc.",striiminc,2026-08-01
greenhouse,"strike",strike,2026-08-01
greenhouse,"Stripe",stripe,2026-07-17
greenhouse,"stripes",stripes,2026-08-01
greenhouse,"Strive Health",strivehealth,2026-07-17
greenhouse,"strivepharmacy",strivepharmacy,2026-08-01
greenhouse,"Striveworks",striveworks,2026-07-17
greenhouse,"stronghouse",stronghouse,2026-08-01
greenhouse,"strongpointpartners",strongpointpartners,2026-08-01
greenhouse,"struck",struck,2026-08-01
greenhouse,"sts",sts,2026-08-01
greenhouse,"StubHub",stubhubinc,2026-07-17
greenhouse,"Studapart",studapart,2026-07-17
greenhouse,"Studio Designer",studiodesigner,2026-07-17
greenhouse,"Study.com C",studycontractors,2026-07-17
greenhouse,"studygroup",studygroup,2026-08-01
greenhouse,"submittable",submittable,2026-08-01
greenhouse,"Subsplash",subsplash,2026-08-01
greenhouse,"Success Academy Charter Schools",successacademycharterschool,2026-07-17
greenhouse,"sudstop",sudstop,2026-08-01
greenhouse,"suitsupply",suitsupply,2026-08-01
greenhouse,"Suki",suki,2026-07-17
greenhouse,"Summer",summer,2026-07-17
greenhouse,"SummitTX",summit,2026-07-17
greenhouse,"sumofus",sumofus,2026-08-01
greenhouse,"Sumo Logic",sumologic,2026-07-17
greenhouse,"sumup",sumup,2026-08-01
greenhouse,"Sunnova Energy Corporation",sunnova,2026-07-17
greenhouse,"sunnymorningfoods",sunnymorningfoods,2026-08-01
greenhouse,"Sunnyside*",sunnyside,2026-07-17
greenhouse,"sunriseaba",sunriseaba,2026-08-01
greenhouse,"sunrise-landscape",sunriselandscape,2026-08-01
greenhouse,"Sunrise Management",sunrise,2026-07-17
greenhouse,"sunriseunitedstatesinc",sunriseunitedstatesinc,2026-08-01
greenhouse,"Sunset Magazine",sunset,2026-07-17
greenhouse,"suntimes",suntimes,2026-08-01
greenhouse,"superai",superai,2026-08-01
greenhouse,"superbet",superbet,2026-08-01
greenhouse,"superchat",superchat,2026-08-01
greenhouse,"supergoop",supergoop,2026-08-01
greenhouse,"superior",superior,2026-08-01
greenhouse,"Supernal",supernal,2026-07-17
greenhouse,"superpayments",superpayments,2026-08-01
greenhouse,"superset",superset,2026-08-01
greenhouse,"SupplyHouse.com",supplyhouse,2026-08-01
greenhouse,"support",support,2026-08-01
greenhouse,"Supporting Strategies",supportingstrategies,2026-07-17
greenhouse,"supreme",supreme,2026-08-01
greenhouse,"Sureify",sureify,2026-07-17
greenhouse,"SurveyMonkey",surveymonkey,2026-07-17
greenhouse,"sus",sus,2026-08-01
greenhouse,"Sustainable Talent",sustainabletalent,2026-07-17
greenhouse,"Sustainment",sustainment,2026-07-17
greenhouse,"suvoda",suvoda,2026-08-01
greenhouse,"Svetness Personal Training",svetness,2026-07-17
greenhouse,"Swan Bitcoin",swanbitcoin,2026-07-17
greenhouse,"sweetgreen",sweetgreen,2026-08-01
greenhouse,"sweetsecurity",sweetsecurity,2026-08-01
greenhouse,"swellmedia",swellmedia,2026-08-01
greenhouse,"swimtopia",swimtopia,2026-08-01
greenhouse,"swissitsecuritygroup",swissitsecuritygroup,2026-08-01
greenhouse,"switzerland",switzerland,2026-08-01
greenhouse,"swoogo",swoogo,2026-08-01
greenhouse,"sxseenterprisesllc",sxseenterprisesllc,2026-08-01
greenhouse,"sylogist",sylogist,2026-08-01
greenhouse,"Symbolica AI",symbolica,2026-07-17
greenhouse,"symmetry",symmetry,2026-08-01
greenhouse,"symphony",symphony,2026-08-01
greenhouse,"Synack",synack,2026-07-17
greenhouse,"Synack SRT",synacksrt,2026-07-17
greenhouse,"synaptic",synaptic,2026-08-01
greenhouse,"syncro",syncro,2026-08-01
greenhouse,"syndaxpharmaceuticals",syndaxpharmaceuticals,2026-08-01
greenhouse,"Syndigo",syndigo,2026-07-17
greenhouse,"syndio",syndio,2026-08-01
greenhouse,"Syner-G",synerg,2026-07-17
greenhouse,"Synthesis Health",synthesishealth,2026-07-17
greenhouse,"syp",syp,2026-08-01
greenhouse,"System",system,2026-07-17
greenhouse,"systemintegration",systemintegration,2026-08-01
greenhouse,"Systemiq",systemiq,2026-07-17
greenhouse,"systems",systems,2026-08-01
greenhouse,"taboola",taboola,2026-08-01
greenhouse,"tactacam",tactacam,2026-08-01
greenhouse,"tactilemedical",tactilemedical,2026-08-01
greenhouse,"TailorCare",tailorcare2023,2026-07-17
greenhouse,"Tailscale",tailscale,2026-07-17
greenhouse,"taiwan",taiwan,2026-08-01
greenhouse,"takealot.com",takealotcom,2026-07-17
greenhouse,"Take-Two Interactive Software, Inc.",taketwo,2026-07-17
greenhouse,"talent",talent,2026-08-01
greenhouse,"Talkdesk",talkdesk2,2026-07-17
greenhouse,"Talkspace Remote Psychiatric Nurse Practitioner Roles",talkspacepsychiatry,2026-08-01
greenhouse,"Talkspace Remote Therapist Roles",talkspacetherapist,2026-07-17
greenhouse,"Talon.One",talonone,2026-07-17
greenhouse,"talroo",talroo,2026-08-01
greenhouse,"tamara",tamara,2026-08-01
greenhouse,"Tandem Bank",tandemmoneylimited,2026-07-17
greenhouse,"TandemLaunch",tandemlaunch,2026-07-17
greenhouse,"tanium",tanium,2026-08-01
greenhouse,"Tanius Technology",tanius,2026-07-17
greenhouse,"tanso",tanso,2026-08-01
greenhouse,"Target RWE",targetrwe,2026-07-17
greenhouse,"tarsusrx",tarsusrx,2026-08-01
greenhouse,"Taskrabbit",taskrabbit,2026-07-17
greenhouse,"tastylive",tastylive,2026-08-01
greenhouse,"tastytrade",tastytrade,2026-07-17
greenhouse,"Tatari",tatari,2026-07-17
greenhouse,"tau",tau,2026-08-01
greenhouse,"Taxbit",taxbit,2026-07-17
greenhouse,"TBHC Delivers",tbhcdelivers,2026-07-17
greenhouse,"TBWA\Chiat\Day",tbwachiatday,2026-07-17
greenhouse,"tcs",tcs,2026-08-01
greenhouse,"tdg",tdg,2026-08-01
greenhouse,"TD International",tdinternational,2026-07-17
greenhouse,"tds",tds,2026-08-01
greenhouse,"TD Thornton",tdthornton,2026-07-17
greenhouse,"tdw",tdw,2026-08-01
greenhouse,"teach",teach,2026-08-01
greenhouse,"Teachable",teachablecareers,2026-07-17
greenhouse,"teachstone",teachstone,2026-08-01
greenhouse,"teads1",teads1,2026-08-01
greenhouse,"Teague",teague,2026-07-17
greenhouse,"Teal Media",tealmedia,2026-07-17
greenhouse,"#TeamGoHealth",gohealth,2026-08-01
greenhouse,"teamlfg",teamlfg,2026-08-01
greenhouse,"Team Rubicon",teamrubicon,2026-07-17
greenhouse,"Tebra",tebra,2026-07-17
greenhouse,"tec",tec,2026-08-01
greenhouse,"TechCrunch",techcrunch,2026-07-17
greenhouse,"Tech Holding",techholding,2026-07-17
greenhouse,"techno",techno,2026-08-01
greenhouse,"Technology & Product",zeals,2026-08-01
greenhouse,"Techstars",techstars57,2026-08-01
greenhouse,"techteam",techteam,2026-08-01
greenhouse,"tecnoempleo",tecnoempleo,2026-08-01
greenhouse,"Tecovas",tecovas,2026-07-17
greenhouse,"tefron",tefron,2026-08-01
greenhouse,"TEGNA Inc.",tegnainc,2026-07-17
greenhouse,"Tekion",tekion,2026-07-17
greenhouse,"Tekmetric",tekmetric,2026-07-17
greenhouse,"TeleMed2U",telemed2u,2026-07-17
greenhouse,"telemedicine",telemedicine,2026-08-01
greenhouse,"teletrackingtechnologiesinc",teletrackingtechnologiesinc,2026-08-01
greenhouse,"telixus",telixus,2026-08-01
greenhouse,"Tellius",tellius,2026-08-01
greenhouse,"Telnyx",telnyx54,2026-07-17
greenhouse,"Tempo",tempo,2026-07-17
greenhouse,"Temporal",temporal,2026-07-17
greenhouse,"Temporal Technologies",temporaltechnologies,2026-08-01
greenhouse,"Temus",temus,2026-07-17
greenhouse,"Tenable, Inc.",tenableinc,2026-07-17
greenhouse,"teneo",teneo,2026-08-01
greenhouse,"Teneo external feed for LinkedIn",teneolinkedin,2026-07-17
greenhouse,"tennesseetitleloansinc",tennesseetitleloansinc,2026-08-01
greenhouse,"tenon",tenon,2026-08-01
greenhouse,"TensorOps",tensorops,2026-07-17
greenhouse,"Tenstorrent",tenstorrent,2026-07-17
greenhouse,"Tenstorrent University Jobs",tenstorrentuniversity,2026-07-17
greenhouse,"Tenstorrent Unlisted/Referral Jobs",tenstorrentunlisted,2026-07-17
greenhouse,"terakeet",terakeet,2026-08-01
greenhouse,"Teravision Technologies",teravision,2026-07-17
greenhouse,"terniumrevenuecyclemanagement",terniumrevenuecyclemanagement,2026-08-01
greenhouse,"Terrabis",terrabis,2026-07-17
greenhouse,"terraclear",terraclear,2026-08-01
greenhouse,"Terrestar Solutions",terrestarsolutionsinc,2026-07-17
greenhouse,"tes",tes,2026-08-01
greenhouse,"tessco",tessco,2026-08-01
greenhouse,"test",test,2026-08-01
greenhouse,"test1",test1,2026-08-01
greenhouse,"testboard",testboard,2026-08-01
greenhouse,"test-company",testcompany,2026-08-01
greenhouse,"tester",tester,2026-08-01
greenhouse,"testing",testing,2026-08-01
greenhouse,"testlio",testlio,2026-08-01
greenhouse,"tetra",tetra,2026-08-01
greenhouse,"texascartitleandpaydayloanservicesinc",texascartitleandpaydayloanservicesinc,2026-08-01
greenhouse,"textnowinc",textnowinc,2026-08-01
greenhouse,"textus",textus,2026-08-01
greenhouse,"tfis",tfis,2026-08-01
greenhouse,"tghseniorcenter",tghseniorcenter,2026-08-01
greenhouse,"Thanx",thanx,2026-07-17
greenhouse,"Thatch",thatch,2026-07-17
greenhouse,"That Lot",thatlot,2026-07-17
greenhouse,"That's No Moon Entertainment",thatsnomoonentertainment,2026-07-17
greenhouse,"the Ad Council",adcouncil,2026-07-17
greenhouse,"theadvocates",theadvocates,2026-08-01
greenhouse,"The AI Education Project",aiedu,2026-07-17
greenhouse,"The Allen Institute for Artificial Intelligence",thealleninstitute,2026-07-17
greenhouse,"The American Equity Underwriters",aeu,2026-08-01
greenhouse,"The ANA Educational Foundation",aef,2026-07-17
greenhouse,"thebaltimorebanner",thebaltimorebanner,2026-08-01
greenhouse,"thebehaviorexchange",thebehaviorexchange,2026-08-01
greenhouse,"thebrandagency",thebrandagency,2026-08-01
greenhouse,"The Brattle Group",thebrattlegroup,2026-07-17
greenhouse,"The Business of Fashion",businessoffashion,2026-08-01
greenhouse,"The Calyx Institute",calyxinstitute,2026-08-01
greenhouse,"thechempetitivegroupllc",thechempetitivegroupllc,2026-08-01
greenhouse,"The Children's Corner Learning Center",childrenscorner,2026-08-01
greenhouse,"The City of Fort Worth",cityoffortworth,2026-07-17
greenhouse,"The Daily Beast",thedailybeast31,2026-07-17
greenhouse,"The Dermatology Center of Indiana",dermindy,2026-08-01
greenhouse,"thedoulanetwork",thedoulanetwork,2026-08-01
greenhouse,"The Durst Organization",thedurstorganization,2026-07-17
greenhouse,"theeconomistgroup",theeconomistgroup,2026-08-01
greenhouse,"The Emily Program",the858emily123program,2026-07-17
greenhouse,"theenergycollective",theenergycollective,2026-08-01
greenhouse,"The Farmer's Dog",thefarmersdog,2026-07-17
greenhouse,"The Florida Panthers",thefloridapanthers,2026-07-17
greenhouse,"The Fork",thefork,2026-07-17
greenhouse,"The Gersh Agency",thegershagency,2026-07-17
greenhouse,"thegialliancemanagementllccompany",thegialliancemanagementllccompany,2026-08-01
greenhouse,"The Golden Apple Foundation",thegoldenapplefoundation,2026-08-01
greenhouse,"thegoodfoodinstitute80",thegoodfoodinstitute80,2026-08-01
greenhouse,"The Gunter Group",guntergroup,2026-08-01
greenhouse,"The Honest Company",phxproduction,2026-07-17
greenhouse,"thehutgroup",thehutgroup,2026-08-01
greenhouse,"THE ICONIC",theiconic,2026-07-17
greenhouse,"thejanepauleycommunityhealthcenterinc",thejanepauleycommunityhealthcenterinc,2026-08-01
greenhouse,"The Jewish Federations of North America",thejewishfederationsofnorthamerica,2026-07-17
greenhouse,"The Knot Worldwide",theknotworldwide,2026-07-17
greenhouse,"themaritimeaquarium",themaritimeaquarium,2026-08-01
greenhouse,"The MJ Companies",themjcos,2026-07-17
greenhouse,"themontageaccessoriescoltd",themontageaccessoriescoltd,2026-08-01
greenhouse,"The Motley Fool",themotleyfool,2026-07-17
greenhouse,"The N2 Company",n2co,2026-07-17
greenhouse,"The National Football League",nflcareers,2026-07-17
greenhouse,"The New York Times",thenewyorktimes,2026-08-01
greenhouse,"The Nuclear Company",thenuclearcompany,2026-08-01
greenhouse,"theoncologyinstitute",theoncologyinstitute,2026-08-01
greenhouse,"theorchard",theorchard,2026-08-01
greenhouse,"theoriamedical",theoriamedical,2026-08-01
greenhouse,"theperiscopegroup",theperiscopegroup,2026-08-01
greenhouse,"The Pharmacy Hub",thepharmacyhub,2026-07-17
greenhouse,"thephoenix",thephoenix,2026-08-01
greenhouse,"The Place for Children with Autism",theplaceforchildrenwithautism,2026-07-17
greenhouse,"The Pokémon Company International",pokemoncareers,2026-07-17
greenhouse,"theprincetonreview",theprincetonreview,2026-08-01
greenhouse,"The Quality Group",thequalitygroupgmbh2,2026-07-17
greenhouse,"The Quality Group GmbH",thequalitygroupgmbh1,2026-07-17
greenhouse,"thesciongroupllc",thesciongroupllc,2026-08-01
greenhouse,"Thesis",thesiscareers,2026-07-17
greenhouse,"Thesis",trovohealth,2026-07-17
greenhouse,"The Status Network (TEST, DO NOT REMOVE)",thestatusnetwork,2026-07-17
greenhouse,"The Trade Desk",thetradedesk,2026-07-17
greenhouse,"thevascularcaregroup",thevascularcaregroup,2026-08-01
greenhouse,"The Weather Company",theweathercompany,2026-07-17
greenhouse,"Thiess",thiess,2026-07-17
greenhouse,"thinkacademymy",thinkacademymy,2026-08-01
greenhouse,"Think Academy SG",thinkacademysg,2026-07-17
greenhouse,"Think Academy US",thinkacademyus,2026-07-17
greenhouse,"think-cell",think-cell,2026-07-17
greenhouse,"thinkific",thinkific,2026-08-01
greenhouse,"Thinking Machines Lab",thinkingmachines,2026-07-17
greenhouse,"ThinkMarkets",thinkmarkets,2026-07-17
greenhouse,"Think Onward",thinkonward,2026-07-17
greenhouse,"thinkzone",thinkzone,2026-08-01
greenhouse,"Third Bridge",thirdbridge,2026-07-17
greenhouse,"thorn",thorn,2026-08-01
greenhouse,"thoughtexchange",thoughtexchange,2026-08-01
greenhouse,"thoughtworks",thoughtworks,2026-08-01
greenhouse,"ThoughtWorks_new",abc,2026-07-17
greenhouse,"ThreatLocker",threatlocker,2026-07-17
greenhouse,"Thredd",gps,2026-08-01
greenhouse,"threecolts",threecolts,2026-08-01
greenhouse,"Three Space Lab",threespacelab,2026-07-17
greenhouse,"ThriveCart",thrivecart,2026-07-17
greenhouse,"thrivemarket",thrivemarket,2026-08-01
greenhouse,"ths",ths,2026-08-01
greenhouse,"thunes",thunes,2026-08-01
greenhouse,"thymecare",thymecare,2026-08-01
greenhouse,"Tia",tia,2026-07-17
greenhouse,"tigera",tigera,2026-08-01
greenhouse,"TigerGraph",tigergraph,2026-08-01
greenhouse,"tightly",tightly,2026-08-01
greenhouse,"timeleft",timeleft,2026-08-01
greenhouse,"timeproofusa",timeproofusa,2026-08-01
greenhouse,"Tines",tines,2026-07-17
greenhouse,"Tint",tintai,2026-07-17
greenhouse,"tiptop",tiptop,2026-08-01
greenhouse,"tjtinterns",tjtinterns,2026-08-01
greenhouse,"tlatechinc",tlatechinc,2026-08-01
greenhouse,"tlgg",tlgg,2026-08-01
greenhouse,"tmc",tmc,2026-08-01
greenhouse,"toast",toast,2026-08-01
greenhouse,"Toastmasters International",toastmastersinternational,2026-07-17
greenhouse,"Together AI",togetherai,2026-07-17
greenhouse,"togetherwork",togetherwork,2026-08-01
greenhouse,"token2049",token2049,2026-08-01
greenhouse,"tollbit",tollbit,2026-08-01
greenhouse,"Tomofun | Furbo Pet Camera",tomofunfurbo,2026-07-17
greenhouse,"Tomorrow Health",tomorrowhealth,2026-07-17
greenhouse,"Tomorrow.io",tomorrow,2026-07-17
greenhouse,"Too Good To Go",toogoodtogo,2026-07-17
greenhouse,"TopCompare",topcompare,2026-08-01
greenhouse,"Topsort",topsort,2026-07-17
greenhouse,"Topstep",topsteptrader,2026-07-17
greenhouse,"Torc Robotics",torcrobotics,2026-07-17
greenhouse,"Toro TMS",torotms,2026-07-17
greenhouse,"Torq",torq,2026-07-17
greenhouse,"Toshiba Global Commerce Solutions - External",toshibaglobalcommercesolutions,2026-08-01
greenhouse,"Toss",tosscareers,2026-07-17
greenhouse,"TouchBistro",touchbistro,2026-07-17
greenhouse,"townofsnowmassvillagecolorado",townofsnowmassvillagecolorado,2026-08-01
greenhouse,"townsquareinteractive",townsquareinteractive,2026-08-01
greenhouse,"townsquaremedia",townsquaremedia,2026-08-01
greenhouse,"toyotaconnected",toyotaconnected,2026-08-01
greenhouse,"tpreducationllc",tpreducationllc,2026-08-01
greenhouse,"Trace3",trace3,2026-07-17
greenhouse,"Track OMC",trackomc,2026-07-17
greenhouse,"trackonomysystems",trackonomysystems,2026-08-01
greenhouse,"traderepublic",traderepublic,2026-08-01
greenhouse,"traderepublicbank",traderepublicbank,2026-08-01
greenhouse,"Traeger Grills",traegergrills,2026-07-17
greenhouse,"trailheadvirtualacademy",trailheadvirtualacademy,2026-08-01
greenhouse,"Training The Street",trainingthestreet,2026-07-17
greenhouse,"tranquility",tranquility,2026-08-01
greenhouse,"Transactly Connect",transactlyconnect,2026-07-17
greenhouse,"Transcarent",transcarent,2026-07-17
greenhouse,"TransferGo",transfergo,2026-07-17
greenhouse,"transform",transform,2026-08-01
greenhouse,"Translucent",translucent,2026-07-17
greenhouse,"TransMarket Group",transmarketgroup,2026-07-17
greenhouse,"transmitsecurity",transmitsecurity,2026-08-01
greenhouse,"Trase Systems",trase,2026-08-01
greenhouse,"Travel Edge",traveledgenetwork,2026-07-17
greenhouse,"travix",travix,2026-08-01
greenhouse,"Treasury Prime",treasuryprime,2026-07-17
greenhouse,"Trella Health",trellahealth,2026-07-17
greenhouse,"trepp",trepp,2026-08-01
greenhouse,"Trexon",tpcengineeringholdingsllc,2026-07-17
greenhouse,"TRG Screen",trgscreen,2026-07-17
greenhouse,"Tria Federal (BOSC)",bosc,2026-08-01
greenhouse,"tribalscale",tribalscale,2026-08-01
greenhouse,"trident",trident,2026-08-01
greenhouse,"trilinkbiotechnologies",trilinkbiotechnologies,2026-08-01
greenhouse,"Trinity Air Medical",trinityairmedical,2026-07-17
greenhouse,"trinitylogistics",trinitylogistics,2026-08-01
greenhouse,"trinityparktalent",trinityparktalent,2026-08-01
greenhouse,"tripactions",tripactions,2026-08-01
greenhouse,"Tripadvisor",tripadvisor,2026-07-17
greenhouse,"TripArc",triparc,2026-07-17
greenhouse,"Tripledot Studios",tripledotstudios,2026-07-17
greenhouse,"Triple Whale",triplewhale,2026-07-17
greenhouse,"tripwireinteractive",tripwireinteractive,2026-08-01
greenhouse,"Triumvirate Environmental",triumvirateenvironmental,2026-07-17
greenhouse,"trivago",trivago,2026-08-01
greenhouse,"trolley",trolley,2026-08-01
greenhouse,"trove",trove,2026-08-01
greenhouse,"trovebrands",trovebrands,2026-08-01
greenhouse,"truckstop",truckstop,2026-08-01
greenhouse,"True Anomaly",trueanomalyinc,2026-07-17
greenhouse,"Truecaller",truecaller,2026-07-17
greenhouse,"trueclassicteesllc",trueclassicteesllc,2026-08-01
greenhouse,"truehold",truehold,2026-08-01
greenhouse,"truelayer",truelayer,2026-08-01
greenhouse,"truemedia",truemedia,2026-08-01
greenhouse,"Truepill",truepill,2026-07-17
greenhouse,"truework",truework,2026-08-01
greenhouse,"trufflesecurity",trufflesecurity,2026-08-01
greenhouse,"trü frü",trufru,2026-07-17
greenhouse,"truloveorthodontics",truloveorthodontics,2026-08-01
greenhouse,"trumid",trumid,2026-08-01
greenhouse,"Trust Bank",trustbank,2026-08-01
greenhouse,"trustedhealth",trustedhealth,2026-08-01
greenhouse,"trustpilot",trustpilot,2026-08-01
greenhouse,"Trust & Will",trustwill,2026-07-17
greenhouse,"Truveta",truveta,2026-07-17
greenhouse,"tsg",tsg,2026-08-01
greenhouse,"tss",tss,2026-08-01
greenhouse,"ttcglobal",ttcglobal,2026-08-01
greenhouse,"ttiinc",ttiinc,2026-08-01
greenhouse,"Tubi",tubitv,2026-07-17
greenhouse,"Tubi - Canada",tubi-canada,2026-07-17
greenhouse,"tucows",tucows,2026-08-01
greenhouse,"Tucows Domains",domains,2026-08-01
greenhouse,"Tudor Investment Corporation",tudorgroup,2026-07-17
greenhouse,"tuesdayhealth",tuesdayhealth,2026-08-01
greenhouse,"TULA Skincare",tula,2026-07-17
greenhouse,"tulip",tulip,2026-08-01
greenhouse,"TurbineOne",turbineone,2026-07-17
greenhouse,"turbotenant",turbotenant,2026-08-01
greenhouse,"Turing",turing,2026-07-17
greenhouse,"tuscaloosaophthalmology",tuscaloosaophthalmology,2026-08-01
greenhouse,"tutorme",tutorme,2026-08-01
greenhouse,"tvscientificpoweredbypinterest",tvscientificpoweredbypinterest,2026-08-01
greenhouse,"Twilio",twilio,2026-08-01
greenhouse,"twindo",twindo,2026-08-01
greenhouse,"Twin Health",twinhealth,2026-07-17
greenhouse,"Twist Bioscience",twistbioscience,2026-07-17
greenhouse,"Twitch",twitch,2026-07-17
greenhouse,"twochairs",twochairs,2026-08-01
greenhouse,"tworoadsconsulting",tworoadsconsulting,2026-08-01
greenhouse,"Two Six Technologies",twosixtechnologies,2026-07-17
greenhouse,"Typeface",typeface,2026-07-17
greenhouse,"Typeform",typeform,2026-07-17
greenhouse,"tyreeanddangelo",tyreeanddangelo,2026-08-01
greenhouse,"tysonmendesllp",tysonmendesllp,2026-08-01
greenhouse,"uasi",uasi,2026-08-01
greenhouse,"uberfreight",uberfreight,2026-08-01
greenhouse,"ubiquiti",ubiquiti,2026-08-01
greenhouse,"Ubiquity",ubiquitygp,2026-07-17
greenhouse,"Udacity",udacity,2026-08-01
greenhouse,"udemy",udemy,2026-08-01
greenhouse,"udig",udig,2026-08-01
greenhouse,"Udio",udio,2026-07-17
greenhouse,"ujet",ujet,2026-08-01
greenhouse,"UK-Med",ukmed,2026-07-17
greenhouse,"Ultima Genomics",ultimagenomics,2026-07-17
greenhouse,"ultragenyxpharmaceutical",ultragenyxpharmaceutical,2026-08-01
greenhouse,"ultramobile",ultramobile,2026-08-01
greenhouse,"UMA Education",umaeducationinc,2026-07-17
greenhouse,"umt",umt,2026-08-01
greenhouse,"unanet",unanet,2026-08-01
greenhouse,"unbounce",unbounce,2026-08-01
greenhouse,"Unchained Labs",unchainedlabs,2026-07-17
greenhouse,"Uncommon Goods",uncommongoods,2026-07-17
greenhouse,"Underdog",underdogfantasy,2026-08-01
greenhouse,"understood",understood,2026-08-01
greenhouse,"Understood Care",understoodcare,2026-08-01
greenhouse,"undertone",undertone,2026-08-01
greenhouse,"Unframe",unframe,2026-07-17
greenhouse,"unidosus",unidosus,2026-08-01
greenhouse,"unilever",unilever,2026-08-01
greenhouse,"unisonhomeownershipinvestors",unisonhomeownershipinvestors,2026-08-01
greenhouse,"Unispace",unispace,2026-08-01
greenhouse,"uniteddomains",uniteddomains,2026-08-01
greenhouse,"unitedfirm",unitedfirm,2026-08-01
greenhouse,"UnitedMasters | Translation",unitedmasterstranslation,2026-08-01
greenhouse,"unitedmedia",unitedmedia,2026-08-01
greenhouse,"Unite Us",uniteus,2026-07-17
greenhouse,"unity3d",unity3d,2026-08-01
greenhouse,"Universal",universal,2026-07-17
greenhouse,"university",university,2026-08-01
greenhouse,"universityofchicagoeconomics",universityofchicagoeconomics,2026-08-01
greenhouse,"universityofclevelandpreparatoryschool",universityofclevelandpreparatoryschool,2026-08-01
greenhouse,"unlimitedtechnology",unlimitedtechnology,2026-08-01
greenhouse,"unlisted",unlisted,2026-08-01
greenhouse,"Unlock Health",unlockhealth,2026-08-01
greenhouse,"Unlock Technologies, Inc.",unlock,2026-08-01
greenhouse,"unqork",unqork,2026-08-01
greenhouse,"Unreal Snacks",unrealsnacks,2026-07-17
greenhouse,"unybrands",unybrands,2026-07-17
greenhouse,"up",up,2026-08-01
greenhouse,"Upbound",upbound,2026-07-17
greenhouse,"upboundext",upboundext,2026-08-01
greenhouse,"Updater",updater,2026-07-17
greenhouse,"Upgrade",upgrade,2026-07-17
greenhouse,"UpKeep",upkeep,2026-08-01
greenhouse,"uplift",uplift,2026-08-01
greenhouse,"uplifter",uplifter,2026-08-01
greenhouse,"uplifterusa",uplifterusa,2026-08-01
greenhouse,"uprightlabs",uprightlabs,2026-08-01
greenhouse,"upriteconstruction",upriteconstruction,2026-08-01
greenhouse,"Upshop",upshop,2026-07-17
greenhouse,"Upside",upside,2026-08-01
greenhouse,"UPSTACK",upstack,2026-07-17
greenhouse,"upstart",upstart,2026-08-01
greenhouse,"upstatement",upstatement,2026-08-01
greenhouse,"Upstream USA",upstreamusa,2026-07-17
greenhouse,"Upwave",survata,2026-07-17
greenhouse,"Upwork",upwork,2026-07-17
greenhouse,"urbancompass",urbancompass,2026-08-01
greenhouse,"urbangolfperformance",urbangolfperformance,2026-08-01
greenhouse,"urbansky",urbansky,2026-08-01
greenhouse,"Urban Sports Club",urbansportsclub,2026-07-17
greenhouse,"ursamajor",ursamajor,2026-08-01
greenhouse,"Urschel Laboratories, Inc.",urschellaboratoriesinc,2026-08-01
greenhouse,"us",us,2026-08-01
greenhouse,"USAFacts",usafacts,2026-07-17
greenhouse,"USA for UNHCR",usaforunhcr,2026-07-17
greenhouse,"usamechasp",usamechasp,2026-08-01
greenhouse,"US Conec, Ltd.",usconec,2026-07-17
greenhouse,"usergems",usergems,2026-08-01
greenhouse,"US Summer Internships",ussummerinternships,2026-07-17
greenhouse,"utahtitleloansinc",utahtitleloansinc,2026-08-01
greenhouse,"utt",utt,2026-08-01
greenhouse,"uug",uug,2026-08-01
greenhouse,"uvimco",uvimco,2026-08-01
greenhouse,"Vacasa",vacasa,2026-07-17
greenhouse,"vacationinc",vacationinc,2026-08-01
greenhouse,"Vagas Internas",vagasinternas,2026-07-17
greenhouse,"Vail Health Hospital",vailclinicincdbavailhealthhospital,2026-07-17
greenhouse,"valaratomics",valaratomics,2026-08-01
greenhouse,"valencelabs",valencelabs,2026-08-01
greenhouse,"Valera Health",valerahealth,2026-08-01
greenhouse,"validationcloud",validationcloud,2026-08-01
greenhouse,"valleyhealth",valleyhealth,2026-08-01
greenhouse,"Valo Health",valohealth,2026-07-17
greenhouse,"Valor Equity Partners",valorequitypartners,2026-08-01
greenhouse,"valspec",valspec,2026-08-01
greenhouse,"Valtech",valtech,2026-07-17
greenhouse,"vanleeuwenicecream",vanleeuwenicecream,2026-08-01
greenhouse,"Vanna Health",vannahealth,2026-07-17
greenhouse,"Vannevar",vannevarlabs,2026-08-01
greenhouse,"vantagescore",vantagescore,2026-08-01
greenhouse,"Varda Space Industries",vardaspace,2026-08-01
greenhouse,"Varicent",varicent,2026-07-17
greenhouse,"vascularcarect",vascularcarect,2026-08-01
greenhouse,"Vast",vast,2026-07-17
greenhouse,"Vast.ai",vastai,2026-07-17
greenhouse,"Vatic Labs",vaticlabs,2026-07-17
greenhouse,"Vaxcyte",vaxcyte,2026-07-17
greenhouse,"vay",vay,2026-08-01
greenhouse,"vaya",vaya,2026-08-01
greenhouse,"vcsg",vcsg,2026-08-01
greenhouse,"vcu",vcu,2026-08-01
greenhouse,"vdc",vdc,2026-08-01
greenhouse,"vecma",vecma,2026-08-01
greenhouse,"Vector",govector,2026-08-01
greenhouse,"Vector North",vectornorth,2026-07-17
greenhouse,"vectranetworks",vectranetworks,2026-08-01
greenhouse,"Veeam Software",veeamsoftware,2026-07-17
greenhouse,"VEED.IO",veedio,2026-07-17
greenhouse,"vegaamericas",vegaamericas,2026-08-01
greenhouse,"vegaamericasinternalapplications",vegaamericasinternalapplications,2026-08-01
greenhouse,"vei",vei,2026-08-01
greenhouse,"Velir",velir,2026-08-01
greenhouse,"Velora",velora,2026-07-17
greenhouse,"venturatravel",venturatravel,2026-08-01
greenhouse,"Venture Global LNG",ventureglobal,2026-07-17
greenhouse,"Veo - Operations Careers",operationscareers,2026-07-17
greenhouse,"veracyte",veracyte,2026-08-01
greenhouse,"veradata",veradata,2026-08-01
greenhouse,"Vera Institute of Justice",verainstituteofjustice,2026-07-17
greenhouse,"veramed",veramed,2026-08-01
greenhouse,"Verana Health",veranahealth,2026-07-17
greenhouse,"Verantos",verantos,2026-07-17
greenhouse,"Vera Therapeutics, Inc.",veratherapeuticsinc,2026-07-17
greenhouse,"Vercel",vercel,2026-07-17
greenhouse,"veriff",veriff,2026-08-01
greenhouse,"verifone",verifone,2026-08-01
greenhouse,"Veriforce LLC",veriforce,2026-07-17
greenhouse,"veriheal",veriheal,2026-08-01
greenhouse,"Verisign",verisign,2026-07-17
greenhouse,"Verista, Inc.",veristainc,2026-07-17
greenhouse,"Verkada",verkada,2026-08-01
greenhouse,"Verra Mobility",verramobility,2026-08-01
greenhouse,"Versaterm",versaterm,2026-08-01
greenhouse,"Verse",verse,2026-08-01
greenhouse,"Verstela",verstela,2026-07-17
greenhouse,"Verve",verve,2026-08-01
greenhouse,"vesalius",vesalius,2026-08-01
greenhouse,"Vestmark, Inc.",vestmark,2026-07-17
greenhouse,"Vestmark Internship Program",internrecruiting,2026-07-17
greenhouse,"Vestwell",vestwell,2026-08-01
greenhouse,"veterinaryemergencygroupst",veterinaryemergencygroupst,2026-08-01
greenhouse,"veterinarypracticepartners",veterinarypracticepartners,2026-08-01
greenhouse,"vetevolve",vetevolve,2026-08-01
greenhouse,"vetto",vetto,2026-08-01
greenhouse,"Veza Technologies, Inc.",veza,2026-07-17
greenhouse,"VGW",vgw,2026-08-01
greenhouse,"vgw-australia",vgw-australia,2026-08-01
greenhouse,"Via",via,2026-08-01
greenhouse,"viagogo",viagogo,2026-08-01
greenhouse,"vialogic",vialogic,2026-08-01
greenhouse,"Viam",viamrobotics,2026-08-01
greenhouse,"victory",victory,2026-08-01
greenhouse,"vidazoo",vidazoo,2026-08-01
greenhouse,"videoamp",videoamp,2026-08-01
greenhouse,"Viking Global Investors",vikingglobalinvestors,2026-08-01
greenhouse,"village",village,2026-08-01
greenhouse,"Vilya",vilya,2026-08-01
greenhouse,"vim",vim,2026-08-01
greenhouse,"Viral Nation Inc.",viralnation,2026-08-01
greenhouse,"Vir Biotechnology",virbiotechnologyinc,2026-08-01
greenhouse,"virginia",virginia,2026-08-01
greenhouse,"Virtru",virtru,2026-08-01
greenhouse,"Virtual Preparatory Academy of Florida",vpaofflorida,2026-08-01
greenhouse,"Virtual Preparatory Academy of Georgia",vpageorgia,2026-08-01
greenhouse,"Virtual Preparatory Academy of Indiana @ Madison-Grant",vpaindianamg,2026-08-01
greenhouse,"Virtual Preparatory Academy of Washington",vpawashington,2026-08-01
greenhouse,"Virtual Preparatory Academy of West Virginia",vpawv,2026-08-01
greenhouse,"Virtu Financial",virtu,2026-08-01
greenhouse,"visasq",visasq,2026-08-01
greenhouse,"VISASQ/COLEMAN",colemanresearch,2026-07-17
greenhouse,"Vise",viseai,2026-08-01
greenhouse,"visia",visia,2026-08-01
greenhouse,"Visier Solutions Inc",visiersolutionsinc,2026-08-01
greenhouse,"visitingmedia",visitingmedia,2026-08-01
greenhouse,"Visual Concepts",visualconcepts,2026-08-01
greenhouse,"Vitable Health",vitablehealth,2026-08-01
greenhouse,"vitalcaringgroup",vitalcaringgroup,2026-08-01
greenhouse,"vitalfarms",vitalfarms,2026-08-01
greenhouse,"Vivi",vivi,2026-08-01
greenhouse,"Vivian Health",vivian,2026-08-01
greenhouse,"vivvi",vivvi,2026-08-01
greenhouse,"vixxo",vixxo,2026-08-01
greenhouse,"vmax",vmax,2026-08-01
greenhouse,"vmi",vmi,2026-08-01
greenhouse,"VML Canada (English)",vmlcanadaen,2026-08-01
greenhouse,"VML Enterprise Solutions",vmlenterprisesolutions,2026-08-01
greenhouse,"VML MAP",map,2026-07-17
greenhouse,"VOGLIO Digital Marketing",vogliodigitalmarketing,2026-08-01
greenhouse,"Voltera Power",volterapower,2026-08-01
greenhouse,"Vonage",vonage,2026-08-01
greenhouse,"VOX Global",voxglobal,2026-08-01
greenhouse,"Vox Media, LLC",voxmedia,2026-08-01
greenhouse,"Voyager Technologies, Inc.",voyagertechnologiesinc,2026-08-01
greenhouse,"vpaarizona",vpaarizona,2026-08-01
greenhouse,"vpamo",vpamo,2026-08-01
greenhouse,"vpaohio",vpaohio,2026-08-01
greenhouse,"vpp",vpp,2026-08-01
greenhouse,"vscfiresecurityinc",vscfiresecurityinc,2026-08-01
greenhouse,"VSCO",vsco39,2026-08-01
greenhouse,"vsi",vsi,2026-08-01
greenhouse,"VTEX",vtex,2026-08-01
greenhouse,"VTS",vts,2026-08-01
greenhouse,"Vulcan Elements",vulcanelements,2026-08-01
greenhouse,"vulncheck",vulncheck,2026-08-01
greenhouse,"vynamic",vynamic,2026-08-01
greenhouse,"waldensecurity",waldensecurity,2026-08-01
greenhouse,"walkersands",walkersands,2026-08-01
greenhouse,"wallapop",wallapop,2026-08-01
greenhouse,"Walleye Capital Full Time",walleyecapital-external-fulltime,2026-08-01
greenhouse,"Walleye Capital Internships",walleyecapital-external-students,2026-08-01
greenhouse,"Wall Street Prep",wallstreetprep,2026-07-17
greenhouse,"Waltz Health",waltzhealth,2026-07-17
greenhouse,"Warburg Pincus LLC",warburgpincusllc,2026-07-17
greenhouse,"Wargaming",wargamingen,2026-07-17
greenhouse,"Warner Bros. Pictures Animation",wbpa,2026-08-01
greenhouse,"Warp",warp,2026-07-17
greenhouse,"warsaw",warsaw,2026-08-01
greenhouse,"Wasabi Technologies",wasabi,2026-08-01
greenhouse,"Waterfront International Ltd - Administrator",administrator,2026-08-01
greenhouse,"waterloocoop",waterloocoop,2026-08-01
greenhouse,"watermelon",watermelon,2026-08-01
greenhouse,"Watershed Informatics",watershed,2026-08-01
greenhouse,"watersystemsconsulting",watersystemsconsulting,2026-08-01
greenhouse,"Wave",wavemm1,2026-08-01
greenhouse,"Wavelo",wavelo,2026-08-01
greenhouse,"Waymark",waymark,2026-08-01
greenhouse,"waymo",waymo,2026-08-01
greenhouse,"Wayve",wayve,2026-08-01
greenhouse,"Wayvia",wayvia,2026-08-01
greenhouse,"Weave",weave,2026-08-01
greenhouse,"WebChart",webchartnow,2026-08-01
greenhouse,"Webflow",webflow,2026-08-01
greenhouse,"webstacks",webstacks,2026-08-01
greenhouse,"wecaredailyclinicscareers",wecaredailyclinicscareers,2026-08-01
greenhouse,"We. Communications",wecommunications,2026-08-01
greenhouse,"wedgewoodpharmacy",wedgewoodpharmacy,2026-08-01
greenhouse,"Weedmaps",weedmaps77,2026-08-01
greenhouse,"Weee! Inc",weee,2026-08-01
greenhouse,"Weight Watchers",ww,2026-08-01
greenhouse,"Weinstein Properties",weinsteinproperties,2026-08-01
greenhouse,"Weiss Asset Management",weissassetmanagement,2026-08-01
greenhouse,"wekatest",wekatest,2026-08-01
greenhouse,"WelbeHealth",welbehealth,2026-08-01
greenhouse,"Welbehealth Non Sponsored Board",jobboard,2026-07-17
greenhouse,"welcomelend",welcomelend,2026-08-01
greenhouse,"Welcome to the Jungle",artefactjobs,2026-07-17
greenhouse,"WeLearn",welearn,2026-08-01
greenhouse,"Weleda - North America",weleda,2026-08-01
greenhouse,"Wellhub",gympass,2026-07-17
greenhouse,"wellist",wellist,2026-08-01
greenhouse,"WellPower - Administrative",administrative,2026-08-01
greenhouse,"WellPower - All Jobs",mentalhealthcenterofdenver,2026-07-17
greenhouse,"wellthy",wellthy,2026-08-01
greenhouse,"wellthy-care-network",wellthy-care-network,2026-08-01
greenhouse,"Weploy",weploy,2026-08-01
greenhouse,"WePractice (Head Quarter)",headquarter,2026-08-01
greenhouse,"We. Singapore",wesingapore,2026-08-01
greenhouse,"westcoast",westcoast,2026-08-01
greenhouse,"westernpartitionsinc",westernpartitionsinc,2026-08-01
greenhouse,"westmonroe4",westmonroe4,2026-08-01
greenhouse,"Wettermark Keith",wettermarkkeith,2026-08-01
greenhouse,"weuk",weuk,2026-08-01
greenhouse,"Whalar Group",whalarinc,2026-08-01
greenhouse,"wheatlanddentalcentre",wheatlanddentalcentre,2026-08-01
greenhouse,"wheelhousedmg",wheelhousedmg,2026-08-01
greenhouse,"wheelpros",wheelpros,2026-08-01
greenhouse,"wheely",wheely,2026-08-01
greenhouse,"Who Gives A Crap",whogivesacrap,2026-08-01
greenhouse,"whop",whop,2026-08-01
greenhouse,"wiehlermechanical",wiehlermechanical,2026-08-01
greenhouse,"wikifarmer",wikifarmer,2026-08-01
greenhouse,"Wikimedia Foundation",wikimedia,2026-08-01
greenhouse,"Wild Alaskan Company",wildalaskancompany,2026-08-01
greenhouse,"wildlifestudios",wildlifestudios,2026-08-01
greenhouse,"williamblair",williamblair,2026-08-01
greenhouse,"wilsonelser",wilsonelser,2026-08-01
greenhouse,"wilsonelserattorneys",wilsonelserattorneys,2026-08-01
greenhouse,"wing",wing,2026-08-01
greenhouse,"Wingspan",wingspan,2026-08-01
greenhouse,"WIN Home Inspection",winhomeinspection,2026-08-01
greenhouse,"winrock",winrock,2026-08-01
greenhouse,"wisconsinautotitleloansinc",wisconsinautotitleloansinc,2026-08-01
greenhouse,"Wisetack",wisetack,2026-08-01
greenhouse,"WITHIN",agencywithin,2026-07-17
greenhouse,"Wizard",wizardcommerce,2026-08-01
greenhouse,"wizinc",wizinc,2026-08-01
greenhouse,"wizixtechnologygroupinc",wizixtechnologygroupinc,2026-08-01
greenhouse,"wk",wk,2026-08-01
greenhouse,"wms",wms,2026-08-01
greenhouse,"Wolt - English",wolt,2026-08-01
greenhouse,"Wonderschool",wonderschool,2026-08-01
greenhouse,"wongdoody",wongdoody,2026-08-01
greenhouse,"woodsideai",woodsideai,2026-08-01
greenhouse,"WOOFi",woofi,2026-08-01
greenhouse,"Wooga",wooga,2026-08-01
greenhouse,"Woolpert",woolpert,2026-08-01
greenhouse,"WOO X",woo,2026-08-01
greenhouse,"Workato",workato,2026-08-01
greenhouse,"Workera AI",workera,2026-08-01
greenhouse,"Workhelix",workhelix,2026-08-01
greenhouse,"workithealth",workithealth,2026-08-01
greenhouse,"Workleap - en",workleap,2026-08-01
greenhouse,"workshop",workshop,2026-08-01
greenhouse,"worksite",worksite,2026-08-01
greenhouse,"Workstream",workstream,2026-08-01
greenhouse,"Workwize",workwize,2026-08-01
greenhouse,"world4you",world4you,2026-08-01
greenhouse,"World Labs",worldlabs,2026-08-01
greenhouse,"WorldQuant",worldquant,2026-08-01
greenhouse,"WorldStrides",world4822stri986des,2026-08-01
greenhouse,"Woven Care",wovencare,2026-08-01
greenhouse,"wowhead",wowhead,2026-08-01
greenhouse,"WPP",wpp,2026-08-01
greenhouse,"WPP Media",wppmedia,2026-08-01
greenhouse,"wri",wri,2026-08-01
greenhouse,"Wrike",wrike,2026-08-01
greenhouse,"Wunder",wundercapital,2026-08-01
greenhouse,"wunderkind",wunderkind,2026-08-01
greenhouse,"Wurl",wurljobs,2026-08-01
greenhouse,"Wynd Labs",wyndlabs,2026-08-01
greenhouse,"Wynd Labs - X Hiring",xhiring,2026-08-01
greenhouse,"xAI",xai,2026-08-01
greenhouse,"Xaira Therapeutics",xairatherapeutics,2026-08-01
greenhouse,"Xantium",xantium,2026-08-01
greenhouse,"Xapo Bank",xapo61,2026-08-01
greenhouse,"xdesign",xdesign,2026-08-01
greenhouse,"Xealth",xealth,2026-08-01
greenhouse,"xebiacee",xebiacee,2026-08-01
greenhouse,"xem",xem,2026-08-01
greenhouse,"XION",burnt,2026-07-17
greenhouse,"XLA",xla,2026-08-01
greenhouse,"Xometry",xometry,2026-08-01
greenhouse,"Xometry Europe",xometryeurope,2026-08-01
greenhouse,"XPENG",xpengmotors,2026-08-01
greenhouse,"XTX Markets",xtxmarketstechnologies,2026-08-01
greenhouse,"xund",xund,2026-08-01
greenhouse,"xurrent",xurrent,2026-08-01
greenhouse,"yaleinvestmentsoffice",yaleinvestmentsoffice,2026-08-01
greenhouse,"Yarrow Biotechnology",yarrowbiotechnology,2026-08-01
greenhouse,"yep",yep,2026-08-01
greenhouse,"yerbamadre",yerbamadre,2026-08-01
greenhouse,"yes",yes,2026-08-01
greenhouse,"Yes Energy",yesenergy,2026-08-01
greenhouse,"Yext",yext,2026-08-01
greenhouse,"yieldmo",yieldmo,2026-08-01
greenhouse,"YipitData",yipitdata,2026-08-01
greenhouse,"YipitData (Alternative)",yipitdatajobs,2026-08-01
greenhouse,"YLD",yld,2026-08-01
greenhouse,"Ylopo",ylopo,2026-08-01
greenhouse,"Yondr Group",yondrgroup,2026-08-01
greenhouse,"Yoodli AI Roleplays",yoodliinc,2026-08-01
greenhouse,"yotpo",yotpo,2026-08-01
greenhouse,"youappi",youappi,2026-08-01
greenhouse,"You.com",youcom,2026-08-01
greenhouse,"Yousician",yousician,2026-08-01
greenhouse,"yqn",yqn,2026-08-01
greenhouse,"ysoft",ysoft,2026-08-01
greenhouse,"Yubico Inc.",yubico,2026-08-01
greenhouse,"YugabyteDB",yugabyte,2026-08-01
greenhouse,"yuma",yuma,2026-08-01
greenhouse,"zam",zam,2026-08-01
greenhouse,"zattoo",zattoo,2026-08-01
greenhouse,"zDO NOT POST - ARCHIVED - BAYADA Home Health Care at Bayhealth",bayhealth,2026-08-01
greenhouse,"Zeffy",zeffy,2026-08-01
greenhouse,"ZenBusiness Inc.",zenbusiness,2026-08-01
greenhouse,"ZenGRC",zengrc,2026-08-01
greenhouse,"zennify",zennify,2026-08-01
greenhouse,"Zenni Optical",zennioptical,2026-08-01
greenhouse,"Zenoti",zenoti,2026-08-01
greenhouse,"zenvia",zenvia,2026-08-01
greenhouse,"zerocater",zerocater,2026-08-01
greenhouse,"ZERO TO THREE",zerotothree,2026-08-01
greenhouse,"ZetaChain",zetachain,2026-08-01
greenhouse,"zetaglobal",zetaglobal,2026-08-01
greenhouse,"zetasummerinternship",zetasummerinternship,2026-08-01
greenhouse,"Ziina",ziina,2026-08-01
greenhouse,"Zinnia",zinnia,2026-08-01
greenhouse,"Zinnia - Employee Referral",zind-erprogram,2026-08-01
greenhouse,"Zip Co Limited",zipcolimited,2026-08-01
greenhouse,"Zipline",flyzipline,2026-08-01
greenhouse,"ZipRecruiter",ziprecruiter,2026-08-01
greenhouse,"zocalohealth",zocalohealth,2026-08-01
greenhouse,"Zocdoc",zocdoc,2026-08-01
greenhouse,"zola",zola,2026-08-01
greenhouse,"Zone 5 Technologies",zone5technologies,2026-08-01
greenhouse,"Zone & Co",zonecompanysoftwareconsultingllc,2026-08-01
greenhouse,"zoo",zoo,2026-08-01
greenhouse,"zoomget",zoomget,2026-08-01
greenhouse,"zoominfo",zoominfo,2026-08-01
greenhouse,"Zora",zora,2026-08-01
greenhouse,"zoro",zoro,2026-08-01
greenhouse,"Z - PVCC Internal Job Board (Corp Use Only)",corp,2026-08-01
greenhouse,"Zscaler",zscaler,2026-08-01
greenhouse,"Zulily",zulilycareers,2026-08-01
greenhouse,"Zulu Alpha Kilo",zulualphakilo,2026-08-01
greenhouse,"Zuora",zuora,2026-08-01
greenhouse,"zuub",zuub,2026-08-01
greenhouse,"zwift",zwift,2026-08-01
greenhouse,"zylo",zylo,2026-08-01
greenhouse,"Zynga",zyngacareers,2026-08-01
greenhouse,"Zynga Early Careers",zyngaearlycareers,2026-08-01
lever,"100MS",100ms,2026-08-01
lever,"15Five",15five,2026-08-01
lever,"1inch",1inch,2026-08-01
lever,"21st Century Home Health Services Inc.",21hhs,2026-08-01
lever,"2brains",2brains,2026-08-01
lever,"2nd Order Solutions",2os,2026-08-01
lever,"32Co",32Co,2026-08-01
lever,"360Learning",360learning,2026-08-01
lever,"3E",3eco,2026-08-01
lever,"3Pillar",3pillarglobal,2026-08-01
lever,"4Front Ventures",4front,2026-08-01
lever,"5",energy-by-5,2026-07-11
lever,"90 Seconds",90seconds,2026-08-01
lever,"Aaron Riechert Carpol & Riffle, APC",arcr,2026-08-01
lever,"ABM Industries",ableserve,2026-08-01
lever,"Above and Beyond Therapy",abtaba,2026-08-01
lever,"Above Lending",abovelending,2026-08-01
lever,"Academy",Academy,2026-08-01
lever,"Acceldata",acceldata,2026-08-01
lever,"Accenture Infrastructure and Capital Projects, LLC",InfrastructureandCapitalProjects,2026-08-01
lever,"Access Softek",accesssoftek,2026-08-01
lever,"Accompany Health",AccompanyHealth,2026-08-01
lever,"Accurate Background",accurate,2026-08-01
lever,"Achievers",achievers,2026-08-01
lever,"Acme",sigma-squared,2026-07-12
lever,"ACORD Corporation",acord,2026-08-01
lever,"Actian Corporation",actian,2026-08-01
lever,"Action Property Management",actionlife,2026-08-01
lever,"ActiveCampaign",activecampaign,2026-07-11
lever,"Active Theory",activetheory,2026-08-01
lever,"Addition",additionwealth,2026-08-01
lever,"Adi Development Group",adidevelopments,2026-08-01
lever,"Adjarabet.com",adjarabet,2026-08-01
lever,"Adlook",adlook,2026-08-01
lever,"Adora Technologies Inc",adora,2026-08-01
lever,"Adventus",adventus,2026-08-01
lever,"Adverum Biotechnologies, Inc.",adverum,2026-08-01
lever,"Advocate",advocate,2026-08-01
lever,"Aera Technology",aeratechnology,2026-07-12
lever,"Aeris Partners",aerispartners.com,2026-08-01
lever,"Aero",aero,2026-08-01
lever,"Aerostrat",aerostrat,2026-08-01
lever,"Aethos",aethoshotels,2026-08-01
lever,"Aeva, Inc.",aeva,2026-08-01
lever,"Afero",afero,2026-08-01
lever,"Agate Software",agatesoftware,2026-08-01
lever,"Age of Learning",aofl,2026-08-01
lever,"Agicap",agicap,2026-08-01
lever,"Agile Defense",agile-defense,2026-08-01
lever,"Agiloft",agiloft,2026-08-01
lever,"Agtonomy",agtonomy,2026-08-01
lever,"AHEAD",thinkahead,2026-07-11
lever,"AiFi",aifi,2026-08-01
lever,"AIFund",AIFund,2026-08-01
lever,"Aigen",aigen,2026-08-01
lever,"AIP Connect",aipconnect,2026-08-01
lever,"Airalo",airalo,2026-08-01
lever,"Aircall",aircall,2026-08-01
lever,"AirDNA",airdna,2026-08-01
lever,"airSlate",airslate,2026-08-01
lever,"Airtasker",airtasker,2026-08-01
lever,"Air-tek",air-tek,2026-08-01
lever,"Airtm",airtm,2026-08-01
lever,"Aisles & Abroad",aisle_and_abroad,2026-07-11
lever,"Aiwyn",aiwyn,2026-08-01
lever,"Ajax Systems",ajax,2026-07-12
lever,"a.k.a. Brands",akabrands,2026-08-01
lever,"Akicita Federal, LLC",akicita-cyber,2026-08-01
lever,"Aldar Properties PJSC",aldar,2026-08-01
lever,"Alector",alector,2026-08-01
lever,"Aledade",aledade,2026-08-01
lever,"Aleph",aleph,2026-07-12
lever,"Alertus Technologies",alertus,2026-08-01
lever,"Alice & Bob",alice-bob,2026-08-01
lever,"Alif Semiconductor",alifsemi,2026-07-12
lever,"Alignerr",labelbox,2026-08-01
lever,"Alimentiv",alimentiv-2,2026-07-12
lever,"Allata",Allata,2026-07-12
lever,"Allegiant",allegiantair,2026-08-01
lever,"all.health",all.health,2026-08-01
lever,"Alliance",alliance,2026-08-01
lever,"Allied",alliedreit,2026-08-01
lever,"Allied Beverage Group",alliedbeverage,2026-07-11
lever,"Allison Jones Consulting Services",ajccanada,2026-08-01
lever,"Alloy.ai",alloy,2026-08-01
lever,"Allstar Home Services, LLC",allstarservicesnow,2026-08-01
lever,"AllTrails",alltrails,2026-08-01
lever,"Alluxio",alluxio,2026-08-01
lever,"ALOM Technologies",alom,2026-08-01
lever,"Alpinestars",alpinestars,2026-08-01
lever,"AltaML",altaml,2026-08-01
lever,"Amanotes",amanotes,2026-08-01
lever,"Amar Bank",amarbank,2026-08-01
lever,"Amazon RIVR",rivr,2026-08-01
lever,"Amber Electric",amberelectric,2026-08-01
lever,"American Ballet Theatre",abt,2026-08-01
lever,"American Tall",americantall,2026-08-01
lever,"AMIRI",AMIRI,2026-08-01
lever,"Amity Foundation",amityfdn,2026-08-01
lever,"Ammobia",ammobia,2026-08-01
lever,"Ampd Energy",ampd-energy,2026-08-01
lever,"AMT Engineering",amtengineering,2026-08-01
lever,"ANA",ana-corp,2026-08-01
lever,"Anagram",anagramsecurity,2026-08-01
lever,"AnalogFolk",analogfolk,2026-08-01
lever,"Analytic Partners",analyticpartners,2026-08-01
lever,"AnaVation",anavationllc,2026-08-01
lever,"Anchorage Digital",anchorage,2026-08-01
lever,"Andersen Corporation/Renewal by Andersen",andersencorp,2026-08-01
lever,"AngelList",angellist,2026-08-01
lever,"Animoca Brands Limited",animocabrands,2026-08-01
lever,"Anlatan",Anlatan,2026-08-01
lever,"Anomali",anomali,2026-08-01
lever,"Anomaly",anomaly,2026-07-11
lever,"another",anotherco,2026-08-01
lever,"Anovium",Anovium,2026-08-01
lever,"ANS",ans,2026-08-01
lever,"Ansatz Capital",ansatzcapital,2026-08-01
lever,"Ansira",ansira,2026-08-01
lever,"ANYbotics",anybotics,2026-08-01
lever,"AnyRoad",anyroad,2026-08-01
lever,"Anyscale",anyscale,2026-08-01
lever,"AO Garcia Agency",aogarciaagency,2026-08-01
lever,"Apax Partners",apax,2026-08-01
lever,"APCO Holdings",apcoholdings,2026-07-12
lever,"Apex ABA Therapy",apexaba,2026-08-01
lever,"Apex.AI",apex-ai,2026-08-01
lever,"Apollo Agriculture",apolloagriculture,2026-08-01
lever,"Apollo Research",apolloresearch,2026-08-01
lever,"Appcues",appcues-2,2026-08-01
lever,"Appen",appen-2,2026-08-01
lever,"Appfigures",appfigures,2026-08-01
lever,"AppFollow",appfollow,2026-08-01
lever,"Apple Tree Dental",appletreedental,2026-08-01
lever,"Applied Underwriters",auw,2026-08-01
lever,"applike group",applike,2026-08-01
lever,"APPLY",applydigital,2026-08-01
lever,"AppNation",appnation,2026-08-01
lever,"Appointy",appointy,2026-08-01
lever,"Apprenticely",acds,2026-08-01
lever,"AppSamurai",appsamurai,2026-07-12
lever,"AppZen, Inc.",appzen,2026-07-12
lever,"Aprio",Aprio,2026-08-01
lever,"Apryse",apryse,2026-07-12
lever,"Aqemia",aqemia.com,2026-08-01
lever,"Aquabyte",aquabyte,2026-08-01
lever,"Aquarium",aquarium,2026-08-01
lever,"Arable",arable,2026-08-01
lever,"Arbital Health",arbitalhealth,2026-08-01
lever,"Arbitrum Foundation",arbitrumfoundation,2026-08-01
lever,"Arbitrum OpCo",arbitrum-opco,2026-08-01
lever,"Arbol",Arbol,2026-08-01
lever,"Arcadia",arcadia,2026-08-01
lever,"Arcadia Science",arcadiascience,2026-08-01
lever,"ARC'TERYX",arcteryx.com,2026-08-01
lever,"Argonaut, Inc.",argonaut,2026-08-01
lever,"Arootah",arootah,2026-08-01
lever,"Array Labs",arraylabs.io,2026-08-01
lever,"Arrive Logistics",arrivelogistics,2026-08-01
lever,"Arsenal Biosciences",arsenalbio,2026-08-01
lever,"ARSIEM",arsiem,2026-08-01
lever,"ARTBIO",artbio,2026-08-01
lever,"Artera",artera,2026-08-01
lever,"Artera",artera-2,2026-08-01
lever,"Articulate",articulate,2026-08-01
lever,"Arvor Insurance, Inc",arvor-insurance,2026-07-11
lever,"ASAPP",asapp-2,2026-07-12
lever,"Asendia Inc",asendia,2026-07-12
lever,"Ashoka",ashoka,2026-07-12
lever,"Asian Health Services",ahschc,2026-08-01
lever,"Assist World",assist-world,2026-08-01
lever,"Assurance Careers",assurance,2026-08-01
lever,"Ataccama",ataccama,2026-08-01
lever,"Atavistik Bio",atavistik-bio,2026-08-01
lever,"Athena",athenapsych,2026-08-01
lever,"Athennian",athennian,2026-08-01
lever,"Athlete to Athlete",athletetoathlete,2026-08-01
lever,"ATI Business Group",atibusinessgroup,2026-08-01
lever,"Atmosera",atmosera,2026-08-01
lever,"Atom Computing",atomcomputing,2026-08-01
lever,"Atomi",atomi,2026-08-01
lever,"Attabotics",attabotics,2026-08-01
lever,"Audinate",audinate,2026-08-01
lever,"August Bioservices",AugustBioservices,2026-08-01
lever,"Australian Ethical",australianethical,2026-08-01
lever,"Authentic8",authentic8,2026-08-01
lever,"AutoFi",autofi,2026-08-01
lever,"Automatiq",automatiq,2026-08-01
lever,"Autonomous",autonomous,2026-07-11
lever,"Avalanche Studios Group",avalanchestudios,2026-08-01
lever,"Avalere Health",avalerehealth,2026-08-01
lever,"Avante",avante,2026-08-01
lever,"Avenues Recovery",avenuesrecovery,2026-07-12
lever,"Avero",avero,2026-08-01
lever,"Avertium",avertium,2026-08-01
lever,"AVIO Consulting",avioconsulting,2026-08-01
lever,"Avive",AviveSolutions,2026-08-01
lever,"Aviya Aerospace Systems",aviyatech,2026-08-01
lever,"Avtex",avtex,2026-08-01
lever,"Avua UK Limited",avua,2026-08-01
lever,"axl",axl,2026-08-01
lever,"Azul",azul,2026-07-12
lever,"BackerKit",backerkit,2026-08-01
lever,"Backstory",people-ai,2026-08-01
lever,"Badge",badge-group,2026-08-01
lever,"Badger Maps",badgermapping,2026-08-01
lever,"Balbix",balbix,2026-07-12
lever,"BAMKO",bamko,2026-08-01
lever,"Banana Jobs",bananajobs,2026-08-01
lever,"Banco BV",bv,2026-08-01
lever,"Banner Bank",bannerbank,2026-08-01
lever,"BAO, Inc",baoinc,2026-08-01
lever,"Baselane",baselane,2026-08-01
lever,"Basis",basis,2026-08-01
lever,"Bazaarvoice",bazaarvoice,2026-07-12
lever,"BDG",BDG,2026-08-01
lever,"Beam Benefits",beam,2026-08-01
lever,"Beamy",Beamy,2026-08-01
lever,"Beauty Barrage",beautybarrage,2026-08-01
lever,"Beaver Process Equipment",beaverprocess,2026-08-01
lever,"Beckley Clinical",beckley-clinical,2026-08-01
lever,"Bedrock Energy",bedrockenergy,2026-08-01
lever,"Beedie",beedie,2026-08-01
lever,"Bee Green Recycling & Supply, LLC",beegreen,2026-07-11
lever,"Bee Talents",bee-talents,2026-08-01
lever,"Beghou Consulting",beghouconsulting,2026-07-12
lever,"BehaviorCare Therapy",behaviorcaretherapy,2026-08-01
lever,"Behaviour Interactive",bhvr,2026-08-01
lever,"Belkins",belkins,2026-08-01
lever,"Bellota Labs",bellotalabs,2026-08-01
lever,"Belvedere Trading",belvederetrading,2026-08-01
lever,"BenchSci",benchsci,2026-08-01
lever,"Bento Box Entertainment",bentoboxent,2026-08-01
lever,"Berkshire Hathaway Homestate Companies",bhhc,2026-08-01
lever,"Bernstein Litowitz Berger & Grossmann LLP",blbglaw,2026-08-01
lever,"Bespoke Post",bespokepost,2026-08-01
lever,"Best Egg",BestEgg,2026-08-01
lever,"BETA Technologies",beta,2026-08-01
lever,"Betr",betr,2026-08-01
lever,"Betstamp",Betstamp,2026-08-01
lever,"Better",better,2026-08-01
lever,"Better Life Partners",betterlifepartners,2026-08-01
lever,"Beyond Cloud Consulting Inc.",beyondcloudconsulting,2026-08-01
lever,"Beyond Menu",beyondmenu,2026-08-01
lever,"B.F. Saul Company",bfsaul,2026-08-01
lever,"B.F. Saul Company Hospitality Group",bfsaulhotels,2026-08-01
lever,"BHG Financial",bhg-inc,2026-08-01
lever,"Bigblue",bigblue,2026-08-01
lever,"Biggie Group",biggie,2026-08-01
lever,"Big Health",bighealth,2026-08-01
lever,"Binance",binance,2026-08-01
lever,"BioAgilytix",bioagilytix,2026-08-01
lever,"BioCatch",biocatch,2026-07-12
lever,"Biointellisense",biointellisense,2026-08-01
lever,"Bisnow",bisnow,2026-08-01
lever,"BIS Safety Software",bis,2026-08-01
lever,"BizAway Trial",bizaway,2026-07-12
lever,"BizLibrary",bizlibrary,2026-08-01
lever,"BlaBlaCar",blablacar,2026-08-01
lever,"Blackbird Interactive",blackbirdinteractive,2026-08-01
lever,"BlackCloak",BlackCloak,2026-08-01
lever,"Black & White Zebra",Black-White-Zebra,2026-08-01
lever,"Blink UX",blinkux,2026-08-01
lever,"Blinq",blinq,2026-08-01
lever,"Blood",pslove-pte,2026-07-12
lever,"Bloom",bloom,2026-08-01
lever,"Bloomwell Autism Therapy",bloomwellcare,2026-08-01
lever,"Bloom & Wild Group",bloomon,2026-08-01
lever,"Blue Bottle Coffee",bluebottlecoffee,2026-08-01
lever,"BlueCat",bluecatnetworks,2026-08-01
lever,"BlueCloud Services, Inc.",blue,2026-08-01
lever,"Blue Engine",blueengine,2026-07-11
lever,"Blueland",blueland,2026-08-01
lever,"Bluelight Consulting",bluelightconsulting,2026-08-01
lever,"Blue Origin",blueorigin,2026-08-01
lever,"BlueRock Therapeutics",bluerocktx,2026-08-01
lever,"Bluesight",bluesight,2026-08-01
lever,"Bogaard Group International",bogaardgroup,2026-07-12
lever,"Bold Orange Company, LLC",bold-orange,2026-08-01
lever,"Bolster Inc.",bolster,2026-08-01
lever,"Bone Dry Roofing",bonedry,2026-07-11
lever,"Boson AI",bosonai,2026-08-01
lever,"Bosta",Bosta,2026-08-01
lever,"Boston Imaging",bostonimaging,2026-08-01
lever,"Boston Materials",boston-materials,2026-08-01
lever,"Boston Red Sox",redsox,2026-08-01
lever,"Bounteous",bounteous,2026-07-12
lever,"Boxbot",boxbot,2026-08-01
lever,"BoxLunch & Hot Topic",boxlunch,2026-08-01
lever,"BPM LLP",bpmcpa,2026-07-12
lever,"Brafton",brafton,2026-07-12
lever,"BrainChild Bio",brainchildbio,2026-08-01
lever,"Brand Knew",brand-knew,2026-08-01
lever,"Braviant Holdings",braviantholdings,2026-07-11
lever,"BreezeBio",BreezeBio,2026-08-01
lever,"Brevo",brevo,2026-07-12
lever,"BRICK Networks",bricknetworks,2026-08-01
lever,"Brighte",brighte,2026-08-01
lever,"BrightEdge",brightedge,2026-08-01
lever,"BrightHire",brighthire,2026-08-01
lever,"Bright Machines",brightmachines,2026-08-01
lever,"Brighton Jones",brightonjones,2026-08-01
lever,"brightwheel",brightwheel,2026-08-01
lever,"Brilliant",brilliant,2026-08-01
lever,"Brillio",brillio-2,2026-07-12
lever,"Brindley Engineering",brindleyengineering,2026-08-01
lever,"BriteCore",britecore,2026-08-01
lever,"Brookings",brookings,2026-08-01
lever,"Brooks Running",brooksrunning,2026-08-01
lever,"BTSE",BTSE,2026-08-01
lever,"Buckeye Corrugated, Inc.",bcipkg,2026-08-01
lever,"Buck Mason",buckmason,2026-08-01
lever,"BuildingConnected",buildingconnected,2026-08-01
lever,"Bumble Inc.",bumbleinc,2026-08-01
lever,"BURGA",burga,2026-08-01
lever,"Busara Center for Behavioral Economics",BusaraCenter,2026-08-01
lever,"Business Wire",businesswire,2026-08-01
lever,"ButcherBox",butcherbox,2026-08-01
lever,"Buy Box Experts",buyboxexperts,2026-08-01
lever,"C12 Quantum Electronics",c12qe,2026-08-01
lever,"Cabo Norte Professionals",cabonorte,2026-08-01
lever,"CAI",cagents,2026-07-12
lever,"Caliza",caliza-financial-technologies,2026-08-01
lever,"Callan",callan,2026-08-01
lever,"CALSTART",calstart,2026-08-01
lever,"Cambium Networks",cambiumnetworks,2026-08-01
lever,"CampusWorks, Inc.",campusworksinc,2026-08-01
lever,"Canary Technologies Corp",canarytechnologies,2026-08-01
lever,"candidate.fyi",candidate,2026-07-11
lever,"C and L Inspection",candlinspection,2026-08-01
lever,"Canvas Forum",canvasforum,2026-08-01
lever,"Canvas Medical",canvasmedical,2026-08-01
lever,"Canvas Worldwide",canvasww,2026-08-01
lever,"capital.com",capital,2026-08-01
lever,"Capital Markets Gateway",cmgx,2026-08-01
lever,"Capital Solutions Group",capitalsolutionsgroup,2026-08-01
lever,"Capricor Therapeutics",capricor,2026-08-01
lever,"CaptivateIQ",captivateiq,2026-08-01
lever,"Carbon Health",carbonhealth,2026-08-01
lever,"Cardiosense",cardiosense,2026-08-01
lever,"Careers In Travel | Destination Planners",destinationknot,2026-08-01
lever,"Carelinks ABA",carelinks-aba,2026-08-01
lever,"CareMessage",caremessage,2026-08-01
lever,"Carewest Innovative Healthcare",carewest,2026-08-01
lever,"cargo-partner",cargo-partner,2026-07-12
lever,"Carly Rian Group",carlyriangroup,2026-08-01
lever,"CarTrawler",cartrawler,2026-08-01
lever,"Cascade Climate",cascade-climate,2026-08-01
lever,"Caseware",caseware,2026-08-01
lever,"Catalant",gocatalant,2026-08-01
lever,"Catalyze",catalyze,2026-08-01
lever,"CBT Nuggets",cbtnuggets,2026-08-01
lever,"CDC Foundation",cdcfoundation,2026-08-01
lever,"Celara",celaralabs,2026-08-01
lever,"Celerion",celerion,2026-08-01
lever,"Celestia Labs",celestia,2026-08-01
lever,"Cellares",cellares,2026-08-01
lever,"Center for AI Safety",aisafety,2026-08-01
lever,"Center For Humane Technology",humanetech,2026-07-12
lever,"Centre for Strategic Infocomm Technologies",csit,2026-08-01
lever,"Centrifuge",centrifuge,2026-08-01
lever,"Cents",cents,2026-08-01
lever,"Centuria",centuria,2026-08-01
lever,"CertifID",certifid,2026-08-01
lever,"Certify",certifyos,2026-08-01
lever,"CertiK",certik,2026-08-01
lever,"CESO, Inc.",ceso,2026-08-01
lever,"CFGI",cfgi,2026-08-01
lever,"Challenge Preparatory Charter School",challengecharterschools,2026-08-01
lever,"Channel Corp.",zoyi,2026-07-12
lever,"Charcuterie Artisans",charcuterie,2026-08-01
lever,"charity: water",charitywater,2026-08-01
lever,"Charm Industrial",charmindustrial,2026-08-01
lever,"Charter Impact",charter-impact,2026-08-01
lever,"Cheerz",cheerz,2026-07-12
lever,"Cherre",cherre,2026-08-01
lever,"Chestnut Carbon",chestnutcarbon,2026-08-01
lever,"Chinese American Service League",caslservice,2026-08-01
lever,"Chooose",chooose,2026-08-01
lever,"Chopra",chopra,2026-08-01
lever,"ChowNow",chownow,2026-08-01
lever,"CIC",cic,2026-08-01
lever,"Çiçeksepeti",ciceksepeti,2026-08-01
lever,"CIM Group, LP",cimgroup,2026-08-01
lever,"Cin7",cin7,2026-07-12
lever,"Circadia Health",circadiahealth,2026-08-01
lever,"Circle Care Services",circlecareservices,2026-07-11
lever,"Circle Pharma",circlepharma,2026-07-11
lever,"Circuit",getcircuit,2026-07-12
lever,"Cirque du Soleil Entertainment Group",cirquedusoleil,2026-08-01
lever,"CI&T",ciandt,2026-08-01
lever,"City IT",cef,2026-08-01
lever,"Civitech",civitech,2026-07-11
lever,"Clari",clari,2026-08-01
lever,"Clarify Health",clarifyhealth,2026-08-01
lever,"CleanSpark",cleanspark,2026-08-01
lever,"Clear Capital | CubiCasa",clearcapital,2026-08-01
lever,"ClearPoint",clearpoint,2026-08-01
lever,"Clerky",clerky,2026-08-01
lever,"Click Here to be Redirected to Planned Parenthood of Southwestern Oregon's New Career Center",ppsworegon,2026-07-12
lever,"ClickTime",clicktime,2026-07-12
lever,"Clinical Health Network For Transformation",ClinicalHealthNetworkForTransformation,2026-08-01
lever,"Cloaked",cloaked-app,2026-08-01
lever,"Cloudforce",go-cloudforce,2026-08-01
lever,"Cloudinary",cloudinary,2026-08-01
lever,"CloudWalk",cloudwalk,2026-08-01
lever,"CLO Virtual Fashion",clovirtualfashion,2026-07-12
lever,"Coalfire",coalfire,2026-08-01
lever,"Coates Group",coatesgroup,2026-08-01
lever,"Coda",Coda,2026-08-01
lever,"Coderio",coderio,2026-08-01
lever,"CoderPad",coderpad,2026-08-01
lever,"Cogent Talent Solutions",cogentanalytics,2026-08-01
lever,"CoinGecko",coingecko,2026-08-01
lever,"Coin Market Cap Ltd",coinmarketcap,2026-08-01
lever,"Coins.ph",coins,2026-08-01
lever,"Colibri Group",colibrigroup,2026-08-01
lever,"Collabora",collabora,2026-08-01
lever,"Collaborative Strategies",getcollaborative,2026-07-11
lever,"Collate",collate,2026-08-01
lever,"Cologix",cologix,2026-08-01
lever,"Colorado Coalition for the Homeless",coloradocoalition,2026-08-01
lever,"Commencis",commencis,2026-08-01
lever,"Commerce Architects",commercearchitects,2026-08-01
lever,"Commerce Undergraduate Society",commerce-undergraduate,2026-08-01
lever,"Common Cause",commoncause,2026-08-01
lever,"Common Future",commonfuture,2026-08-01
lever,"CommonLit",commonlit,2026-08-01
lever,"Commonwealth Fusion Systems",cfsenergy,2026-08-01
lever,"Community Action House",communityactionhouse,2026-07-11
lever,"Companial",companial,2026-08-01
lever,"Compass Lexecon",compasslexecon,2026-08-01
lever,"CompassX Group",compassx,2026-08-01
lever,"Complex",Complex,2026-08-01
lever,"Comply",comply,2026-08-01
lever,"CompStak",compstak,2026-08-01
lever,"ComputerCare",computercare,2026-07-11
lever,"Computer World Services",cwsc,2026-07-11
lever,"Concurrency",concurrency,2026-08-01
lever,"Conduit",conduit,2026-08-01
lever,"Constantinople",cxnpl,2026-07-12
lever,"Constellation Institute",constellation,2026-08-01
lever,"Contact Government Services, LLC",cgsfederal,2026-08-01
lever,"Contentsquare",contentsquare,2026-08-01
lever,"ControlUp",controlup,2026-08-01
lever,"Convelio",convelio,2026-08-01
lever,"Convergent Research",convergentresearch,2026-08-01
lever,"ConverseNow.ai",ConverseNow,2026-07-12
lever,"Conversica",conversica,2026-08-01
lever,"Coolbet",coolbet,2026-07-11
lever,"Cooper for NC",roy-cooper,2026-07-12
lever,"Copia Power",copiapower,2026-08-01
lever,"CopilotKit, Inc.",copilotkit,2026-07-12
lever,"Corbalt",corbalt,2026-08-01
lever,"Cority",cority,2026-08-01
lever,"Coupa Software, Inc.",coupa,2026-07-12
lever,"CourtAvenue",court-avenue,2026-07-11
lever,"Cprime",cprime,2026-07-12
lever,"CPS",cps,2026-07-11
lever,"Creator Deck",creatordeck,2026-08-01
lever,"CRED",cred,2026-07-12
lever,"Crescent Biopharma",crescent-biopharma,2026-07-11
lever,"Crest Industries",crestoperations,2026-08-01
lever,"CrossCountry Consulting",crosscountry-consulting,2026-07-11
lever,"CrossFit, LLC",crossfit,2026-07-11
lever,"Crosslake Technologies LLC",crosslaketech,2026-08-01
lever,"CrowdGen by Appen",appen,2026-07-12
lever,"CrowdRiff",crowdriff,2026-07-11
lever,"Crumbl",crumbl,2026-08-01
lever,"Cryptic Studios",crypticstudios,2026-07-11
lever,"Crypto.com",crypto,2026-07-12
lever,"Crytek",crytek,2026-08-01
lever,"CSC Generation",cscgeneration-2,2026-08-01
lever,"Culdesac",culdesac,2026-08-01
lever,"Culligan Quench",quenchwater,2026-08-01
lever,"Culture Kings",culturekings,2026-08-01
lever,"Cura",cura,2026-07-11
lever,"Curai",curai,2026-08-01
lever,"Curri",curri,2026-08-01
lever,"CVRx, Inc.",CVRx,2026-08-01
lever,"CX2",cx2,2026-08-01
lever,"CXT Software",cxtsoftware,2026-07-11
lever,"Cyara",cyara,2026-07-12
lever,"CyberOne Security",cyberonesecurity,2026-07-11
lever,"Cyderes",cyderes,2026-07-12
lever,"Cye",CYE,2026-08-01
lever,"Cygnal",cygn,2026-07-11
lever,"Cyngn",cyngn,2026-08-01
lever,"D.A. Davidson",dadavidson,2026-08-01
lever,"Daily Wire",dailywire,2026-08-01
lever,"Daniels Health",daniels-sharpsmart,2026-08-01
lever,"Daos hub",daos-hub,2026-08-01
lever,"Datalab USA",datalabusa,2026-08-01
lever,"Dataroid",dataroid,2026-08-01
lever,"David&Goliath",dng,2026-07-11
lever,"DearDoc",getdeardoc,2026-08-01
lever,"Decile Group",decilegroup,2026-08-01
lever,"Deep Genomics",deepgenomics,2026-08-01
lever,"Deep Sky",deepsky,2026-08-01
lever,"DeleteMe",deleteme,2026-07-12
lever,"DELFI Diagnostics, Inc.",delfidiagnostics,2026-08-01
lever,"Deliverect",deliverect,2026-08-01
lever,"Delta Airport Consultants",deltaairportconsultants,2026-08-01
lever,"Delta Dental of Kansas",delta-dental-of-kansas,2026-08-01
lever,"Delta Solutions & Strategies",deltasands,2026-08-01
lever,"Demiurge Studios",demiurgestudios,2026-08-01
lever,"Democratic Governors Association",dga,2026-08-01
lever,"Dempsey Uniform & Linen Supply",dempseyuniform-2,2026-07-11
lever,"Deputy",deputy,2026-08-01
lever,"dermalogica",dermalogica,2026-07-12
lever,"Desafío Latam",desafiolatam,2026-07-11
lever,"Design Solutions & Integration",dsi,2026-07-11
lever,"Despegar",despegar,2026-08-01
lever,"DEUNA",deuna,2026-08-01
lever,"DevCycle",devcycle,2026-07-11
lever,"Developers",developers,2026-08-01
lever,"DexCare",dexcarehealth,2026-08-01
lever,"Dexterity",dexterity,2026-08-01
lever,"D-Fend Solutions",d-fendsolutions,2026-07-11
lever,"DIALOG",dialogdesign,2026-08-01
lever,"Diamond Foundry",diamondfoundry,2026-08-01
lever,"Didomi",didomi,2026-08-01
lever,"DigitalFish, Inc",digitalfish,2026-08-01
lever,"Digital Matter",digital-matter,2026-07-11
lever,"Digital Media Management",digitalmediamanagement,2026-07-11
lever,"Dijital Team",dijital-team-pty-ltd,2026-08-01
lever,"DiliTrust",dilitrust,2026-07-11
lever,"DISHER",disher,2026-08-01
lever,"Disney+ Hotstar",hotstar,2026-08-01
lever,"DISQO",disqo,2026-08-01
lever,"Distro",distro,2026-08-01
lever,"Distru",distru,2026-07-12
lever,"Diversified Automation",diversified-automation,2026-08-01
lever,"Diversified Radiology",DiversifiedRadiology,2026-08-01
lever,"dLocal",dlocal,2026-07-12
lever,"D&M Auto Leasing",dmautoleasing,2026-08-01
lever,"DNAM Brands",silhouette,2026-07-12
lever,"DN LLC",dnllc,2026-07-11
lever,"Docebo",docebo,2026-08-01
lever,"Docsumo",docsumo,2026-07-12
lever,"Doctrine",doctrine,2026-08-01
lever,"Dolls Kill",dollskill,2026-08-01
lever,"Donor Network West",dnwest,2026-07-11
lever,"doola",doola,2026-08-01
lever,"Doonails",doonails,2026-07-12
lever,"Doran Jones Inc.",doranjones,2026-08-01
lever,"Doxel",doxel,2026-07-12
lever,"Dozee",dozee,2026-07-12
lever,"Draslovka",draslovka,2026-07-12
lever,"DREAM",wearedream,2026-08-01
lever,"Dream Games",dreamgames,2026-08-01
lever,"Dreamgolf",dreamgolf,2026-08-01
lever,"Drivemode",drivemode,2026-08-01
lever,"Drivetrain",drivetrain,2026-07-12
lever,"DroneDeploy",dronedeploy,2026-08-01
lever,"Duetti",duetti,2026-08-01
lever,"Duffel",duffel,2026-08-01
lever,"Dulcedo Management",dulcedo,2026-08-01
lever,"Dun & Bradstreet",dnb,2026-07-12
lever,"Durin",durin,2026-08-01
lever,"Dutch",dutch,2026-08-01
lever,"Dwolla",dwolla,2026-07-11
lever,"Dynamic Catholic",dynamiccatholic,2026-08-01
lever,"Dzen",dzen,2026-07-11
lever,"Eastern Communications",eastern-communications,2026-08-01
lever,"Easy Agile",easyagile,2026-07-12
lever,"Easybrain",easybrain,2026-07-11
lever,"EasyPost",easypost-2,2026-08-01
lever,"Easy Street Capital",easystreetcap,2026-08-01
lever,"ECL",ecldc,2026-08-01
lever,"econstruct",econstruct,2026-08-01
lever,"Ecosystem",ecosystem,2026-08-01
lever,"Edera",edera,2026-07-12
lever,"Edge OFS",edgeofs,2026-08-01
lever,"Editorialist",editorialist,2026-07-12
lever,"Edpuzzle",edpuzzle,2026-08-01
lever,"EDR",edr,2026-07-12
lever,"Education Services LLC",education-services,2026-07-11
lever,"Educative Inc",educative,2026-08-01
lever,"EFY",efinti,2026-08-01
lever,"Egen",egen,2026-07-12
lever,"eGenesis",egenesisbio,2026-07-11
lever,"Ekimetrics",ekimetrics,2026-08-01
lever,"Eko",ekohealth,2026-08-01
lever,"Electric Mind",electricmind,2026-08-01
lever,"Eleks",eleks,2026-08-01
lever,"Element Solutions",elementsolutions,2026-08-01
lever,"e.l.f. Beauty",elfbeauty,2026-07-12
lever,"Elk Valley Resources",evr,2026-08-01
lever,"Ellevation",ellevationeducation,2026-07-12
lever,"Elty",elty,2026-08-01
lever,"Emburse",emburse,2026-08-01
lever,"Emerson Collective",emersoncollective,2026-08-01
lever,"Emerson Human Capital Consulting",emersonhc,2026-07-11
lever,"Emesent",Emesent,2026-08-01
lever,"Emi Labs",emilabs,2026-08-01
lever,"EMILYs List",emilyslist,2026-07-11
lever,"Emma – The Sleep Company",emma-sleep,2026-08-01
lever,"Empassion",empassion.com,2026-08-01
lever,"Empire State Realty Trust",esrtreit,2026-08-01
lever,"Employ",employ,2026-07-12
lever,"Empowerly",empowerly,2026-08-01
lever,"Enable",enable,2026-08-01
lever,"EnableComp",enablecomp,2026-08-01
lever,"Enara Health",EnaraHealth,2026-08-01
lever,"Encord",CordTechnologies,2026-08-01
lever,"Endpoint Clinical",endpointclinical,2026-07-12
lever,"ENDVR",companyon,2026-08-01
lever,"Energetic",energeticcapital,2026-07-11
lever,"Energy and Environmental Economics",ethree,2026-08-01
lever,"Energy Recovery",energyrecovery,2026-08-01
lever,"Enforce Consulting",enforceconsulting,2026-07-11
lever,"EnGen",voxy-engen,2026-07-11
lever,"Enhanced Games",enhanced-us,2026-08-01
lever,"Enigma Aerospace",crgo,2026-07-11
lever,"Entefy",entefy,2026-08-01
lever,"Enter",enter-rcm-llc,2026-08-01
lever,"Entrata",entrata,2026-07-12
lever,"Envato",envato-2,2026-08-01
lever,"Enveda",enveda,2026-07-12
lever,"envelio",envelio,2026-08-01
lever,"Epifi Technologies",epifi,2026-07-12
lever,"Epoch AI",epoch-ai,2026-08-01
lever,"Epsilon3",epsilon3,2026-08-01
lever,"EQ Bank | Equitable Bank",eqbank,2026-08-01
lever,"Equativ",equativ,2026-07-12
lever,"Equity Prime Mortgage",epm,2026-08-01
lever,"ERG",erg,2026-08-01
lever,"Er-Meds",er-meds,2026-07-11
lever,"Esalen Institute",esalen,2026-08-01
lever,"E-Space",espace,2026-08-01
lever,"Esper",esper,2026-08-01
lever,"Ethena",ethena,2026-08-01
lever,"Ethena Labs",ethenalabs,2026-08-01
lever,"Eve",Eve,2026-08-01
lever,"Everbridge",everbridge,2026-07-12
lever,"Everlywell",everlywell,2026-08-01
lever,"Evident ID",evidentid,2026-07-11
lever,"Exowatt",exowatt,2026-08-01
lever,"EXPANSIA",talentwerx.io,2026-07-11
lever,"Exploding Kittens",explodingkittens,2026-07-12
lever,"Extreme Networks",extremenetworks,2026-07-12
lever,"Eyeline",Eyeline,2026-08-01
lever,"ezCater",ezcater,2026-07-11
lever,"Factor",factor,2026-07-12
lever,"Fair Trade Real Estate",FairTradeRealEstate,2026-08-01
lever,"Falcon.io",falcon,2026-07-11
lever,"Fam",fampay,2026-07-12
lever,"Fanatee",fanatee,2026-08-01
lever,"Fantasy",fantasy,2026-07-11
lever,"Farfetch",farfetch,2026-08-01
lever,"Fate Therapeutics, Inc.",fatetherapeutics,2026-08-01
lever,"Favor",askfavor,2026-08-01
lever,"Fehr & Peers",fehrandpeers,2026-08-01
lever,"Feld Entertainment",feldinc,2026-08-01
lever,"Felix Construction",felix-construction,2026-07-11
lever,"Female Founders Fund",femalefounders-fund,2026-08-01
lever,"Fenway Sports Management",fenwaysports,2026-08-01
lever,"Fetch",fetchpackage,2026-08-01
lever,"FEVO",fevo,2026-07-11
lever,"Fi",fi,2026-08-01
lever,"FieldAI",field-ai,2026-08-01
lever,"Field Fastener",fieldfastener,2026-07-11
lever,"Field Nation",fieldnation,2026-08-01
lever,"Fig",figfinancial,2026-08-01
lever,"Filevine",filevine,2026-08-01
lever,"Finch",finch,2026-08-01
lever,"Find",find,2026-08-01
lever,"Findem",findem,2026-07-12
lever,"Findhelp, A Public Benefit Corporation",findhelp,2026-08-01
lever,"Findigs",findigs,2026-08-01
lever,"Finix",finix,2026-08-01
lever,"FINN",finn,2026-08-01
lever,"FinQuery",finquery,2026-08-01
lever,"Fintual",fintual,2026-08-01
lever,"FireMon",firemon,2026-07-12
lever,"Firework",fireworkhq,2026-07-12
lever,"First American",firstam,2026-07-11
lever,"Firstup",firstup,2026-08-01
lever,"FiscalNote",fiscalnote,2026-08-01
lever,"Fitbod",fitbod,2026-07-11
lever,"Fitify",FitifyWorkouts,2026-08-01
lever,"FitzMark",fitzmark,2026-08-01
lever,"Five Star Solutions",getfivestar,2026-07-11
lever,"Fix Group Management",FixGroup,2026-08-01
lever,"Fixins Soul Kitchen",fixinssoulkitchen,2026-07-11
lever,"Flare",flare,2026-07-11
lever,"Flash",flashapp,2026-08-01
lever,"Flex",Flex,2026-08-01
lever,"FloQast",floqast,2026-07-12
lever,"Florence Health",florence,2026-08-01
lever,"Florida Democratic Party",floridadems,2026-08-01
lever,"Flow",flowlife,2026-08-01
lever,"Fluxergy",fluxergy-2,2026-07-11
lever,"Flynn Group of Companies",flynncompanies,2026-08-01
lever,"Fond",fond,2026-07-11
lever,"Foodsmart",foodsmart,2026-08-01
lever,"Foodstuffs North Island",foodstuffs,2026-08-01
lever,"Forbright Bank",forbrightbank,2026-08-01
lever,"FORM",form,2026-08-01
lever,"Formal",joinformal,2026-07-12
lever,"For Our Future Action Fund",forourfuturefund,2026-08-01
lever,"Forterra",forterra,2026-08-01
lever,"Fortress Financial Technologies",fortress,2026-08-01
lever,"Forvis Mazars",mazars,2026-08-01
lever,"Foth",foth,2026-08-01
lever,"Foundation EGI",foundation-llm-technologies,2026-08-01
lever,"FoundersCard",founderscard,2026-08-01
lever,"Foxen Administration",foxen,2026-08-01
lever,"Foxit",foxitsoftware,2026-07-12
lever,"FreeBalance",freebalance.com,2026-07-12
lever,"FreedomPay",freedompay,2026-08-01
lever,"Freedom Power",freedomsolarpower,2026-08-01
lever,"Freedom Preparatory Academy Charter Schools",freedomprep,2026-08-01
lever,"Fresha",fresha,2026-08-01
lever,"Freshworks",freshworks,2026-08-01
lever,"Frontify",frontify,2026-08-01
lever,"FRONTSTEPS",frontsteps,2026-08-01
lever,"Fuel Labs",fuellabs,2026-08-01
lever,"Fulcrum",fulcrumpro,2026-07-11
lever,"Fullscript",fullscript,2026-08-01
lever,"Full Spectrum",fullspectrumsoftware,2026-08-01
lever,"Fundrise",fundrise,2026-07-11
lever,"fun.xyz",funxyz,2026-08-01
lever,"Future Now",futurenow,2026-08-01
lever,"Future of Life Organizations",futureof-life,2026-08-01
lever,"Galatea Associates",galatea-associates,2026-08-01
lever,"Galatea Bio, Inc.",galatea,2026-07-12
lever,"GALE",galepartners,2026-07-12
lever,"Galvanick",galvanick,2026-08-01
lever,"Gamma",gamma,2026-07-11
lever,"Gate",gate,2026-08-01
lever,"Gator Bio",gatorbio,2026-08-01
lever,"Gauntlet",gauntlet,2026-08-01
lever,"Gauss Labs",gausslabs,2026-08-01
lever,"Gearset",gearset,2026-08-01
lever,"GenBio AI",genbio,2026-08-01
lever,"GeneFab",genefab,2026-08-01
lever,"Genesis AI",genesis-ai,2026-08-01
lever,"Genesis Global",genesis,2026-07-12
lever,"GeoComply",geocomply-2,2026-08-01
lever,"GESS",gess,2026-08-01
lever,"Getlabs",getlabs,2026-08-01
lever,"Getty Images",gettyimages,2026-08-01
lever,"Ghirardelli",nxtthingrpo,2026-07-12
lever,"GHJ",ghj,2026-08-01
lever,"ghSMART",ghsmartjobs,2026-08-01
lever,"Girls Who Code",girlswhocode,2026-08-01
lever,"GiveWell",givewell,2026-08-01
lever,"Giving Home Health Care",givinghhc,2026-07-11
lever,"Glacier Fish",glacierfish,2026-08-01
lever,"Glass Health Inc.",glass-health-inc,2026-08-01
lever,"GLIDE",glide,2026-08-01
lever,"Global Commissioning",global-cxm,2026-08-01
lever,"Global Elite Empire Consultants",globalelitecareers,2026-08-01
lever,"Global Lending Services",glsllc,2026-08-01
lever,"Global Strategy Group",globalstrategygroup,2026-07-11
lever,"Glow",glow.co,2026-08-01
lever,"GMO",gmo,2026-08-01
lever,"Goalbook",goalbookapp-2,2026-08-01
lever,"goFluent",gofluent,2026-07-12
lever,"Gogolook",Gogolook,2026-08-01
lever,"Gojob",gojob,2026-08-01
lever,"GoMaterials",gomaterials,2026-08-01
lever,"GoNetspeed",gonetspeed,2026-08-01
lever,"Good American",goodamerican,2026-08-01
lever,"Good Eggs",goodeggs,2026-07-11
lever,"GoodLeap",goodleap,2026-08-01
lever,"Gopuff",gopuff,2026-08-01
lever,"Gordian Biotechnology",gordian-bio,2026-07-11
lever,"Go RH",gorh,2026-08-01
lever,"GoTo Group",GoToGroup,2026-08-01
lever,"GPDQ",gpdq,2026-07-11
lever,"GRADION",gradion,2026-08-01
lever,"GRAIL",grailbio,2026-08-01
lever,"Grand Games",grand,2026-07-11
lever,"Grant Street Group",grantstreet,2026-07-11
lever,"Gravie",gravie,2026-08-01
lever,"Gravis Robotics",gravisrobotics,2026-08-01
lever,"Graylog, Inc",graylog,2026-08-01
lever,"Grayscale",grayscale,2026-08-01
lever,"Great Gray",great-gray-group,2026-08-01
lever,"Greenlight Financial Technology",greenlight,2026-07-12
lever,"Grid",Grid,2026-08-01
lever,"Gridline",gridline,2026-08-01
lever,"Gridmatic",gridmatic,2026-08-01
lever,"Gridware",gridware,2026-07-12
lever,"Grizzly",grizzly.co,2026-08-01
lever,"Guardsquare",guardsquare,2026-07-11
lever,"Gushwork",gushwork,2026-07-12
lever,"Gynger",gynger,2026-08-01
lever,"H1",h1,2026-07-12
lever,"H2 Event Group",h2eventgroup,2026-07-11
lever,"Hanna Andersson",hannaandersson,2026-08-01
lever,"HAP Capital",hap-capital,2026-08-01
lever,"HappyCo",happyco,2026-08-01
lever,"Happy Health",happy-sleep,2026-07-11
lever,"Harlem Childrens Zone",harlem-childrens-zone,2026-08-01
lever,"Harmony",harmony,2026-07-12
lever,"Harrison Street",harrisonst,2026-08-01
lever,"Hartizen Homes, LLC",hartizenhomes,2026-07-11
lever,"HASI",hasi,2026-08-01
lever,"Hatch IT",hatchit,2026-08-01
lever,"HavenPoint Health",havenpoint-health,2026-07-11
lever,"Hawaiian Host Group",hawaiianhost,2026-08-01
lever,"Hawthorne Health",hawthorne-health,2026-07-11
lever,"Hayes Locums",hayeslocums,2026-07-11
lever,"HCVT",hcvt,2026-08-01
lever,"Headlight",headlight.health,2026-08-01
lever,"Head-Royce School",headroyce,2026-08-01
lever,"HealthCare",healthcare,2026-08-01
lever,"Healthmark Group Trial",healthmark-group,2026-07-12
lever,"Health Services Advisory Group, Inc.",hsag,2026-08-01
lever,"Healx",healx,2026-07-11
lever,"Heard",heard,2026-08-01
lever,"Heartbeat Health",heartbeathealth,2026-08-01
lever,"Heartworks Early Education",heartworksvt,2026-07-11
lever,"Heetch",heetch,2026-07-12
lever,"Hello Nanny!®",hellonanny,2026-08-01
lever,"Hellotickets",hellotickets,2026-07-12
lever,"Hermeus",hermeus,2026-08-01
lever,"Hero Cosmetics",herocosmetics,2026-07-12
lever,"HEVO",hevo,2026-07-11
lever,"Hevo Data",hevodata,2026-07-12
lever,"Hexa",hexa,2026-08-01
lever,"Hexagon US Federal",hexagonusfederal,2026-08-01
lever,"Hey Jane",heyjane,2026-08-01
lever,"HHAeXchange",hhaexchange,2026-08-01
lever,"HighLevel",gohighlevel,2026-08-01
lever,"Highspot",highspot,2026-07-12
lever,"Highstreet",highstreetit,2026-07-12
lever,"High Tech High",hightechhigh,2026-07-11
lever,"HiHello",hihello,2026-07-12
lever,"Hiller Plumbing, Heating, Cooling & Electrical",happyhiller,2026-07-11
lever,"Hint Health",hint,2026-08-01
lever,"Hiring Our Heroes",hiringourheroes,2026-07-12
lever,"Hive",hive,2026-07-12
lever,"Hivemapper",Hivemapper,2026-08-01
lever,"Hivemind Capital Partners",hivemind-capital,2026-08-01
lever,"HMBL",hmbl-tech,2026-07-11
lever,"Holloway",holloway,2026-07-11
lever,"HONK",honkforhelp,2026-08-01
lever,"Hop",hophr,2026-08-01
lever,"Hopelab",hopelab,2026-08-01
lever,"Hope Services",hopeservices,2026-08-01
lever,"Horizon Blue ABA",horizon-blue-aba,2026-07-11
lever,"Horizon Industries Ltd.",hil,2026-07-11
lever,"Horizon Robotics",horizon,2026-08-01
lever,"Hosco",hosco,2026-08-01
lever,"Hot Topic & BoxLunch",hottopic,2026-08-01
lever,"House Majority PAC",thehousemajoritypac,2026-07-11
lever,"Houzz",houzz,2026-08-01
lever,"HRL Laboratories",dodmg,2026-08-01
lever,"HSO",hso,2026-08-01
lever,"Huckleberry Labs",Huckleberrylabs,2026-08-01
lever,"Humaans",humaans,2026-08-01
lever,"Humble Robotics",humble-robotics,2026-07-11
lever,"Hunger Free America",hungerfreeamerica,2026-08-01
lever,"HUSH",hush,2026-08-01
lever,"Hypebeast",hypebeast,2026-08-01
lever,"Hypersonica",hypersonica-prod,2026-07-11
lever,"IDMWORKS",idmworks,2026-07-12
lever,"IDT",idt,2026-07-12
lever,"Illumination",illumination,2026-08-01
lever,"ImageX",imagexmedia,2026-08-01
lever,"Imbue",imbue,2026-08-01
lever,"iMentor",imentor,2026-08-01
lever,"Immiland Canada Inc.",immiland-canada-inc,2026-07-11
lever,"Immuta",immuta,2026-08-01
lever,"Immutable",immutable,2026-08-01
lever,"IMO Health",imo-online,2026-08-01
lever,"Impossible Cloud",impossiblecloud,2026-08-01
lever,"Included Health",includedhealth,2026-08-01
lever,"In Compass Health",incompasshealth,2026-07-12
lever,"Incorta",incorta,2026-08-01
lever,"Index Ventures",indexventures,2026-08-01
lever,"Inductive Automation",inductiveautomation,2026-08-01
lever,"InductiveHealth",inductivehealth,2026-08-01
lever,"INFINIT",infinit,2026-07-12
lever,"Infinite pl",infinitepl,2026-08-01
lever,"INflow Federal",inflowfed,2026-08-01
lever,"Influ2",influ2,2026-08-01
lever,"Influur",influur,2026-07-12
lever,"Infobase",infobase,2026-07-12
lever,"InfraServices",infraservices,2026-08-01
lever,"InfStones",infstones,2026-08-01
lever,"Inkitt",inkitt,2026-08-01
lever,"InnoCraft",innocraft,2026-08-01
lever,"Innodata",innodata,2026-07-12
lever,"Innophos",innophos,2026-07-12
lever,"Innovative Solutions",innovativesol-2,2026-08-01
lever,"Inpay",inpay-2,2026-08-01
lever,"Insider One",insiderone,2026-08-01
lever,"Insify",insify,2026-08-01
lever,"Insomnia Cookies",insomniacookies,2026-08-01
lever,"Institute of Foundation Models",ifm-us,2026-08-01
lever,"Instrument",instrument,2026-08-01
lever,"Instrumentl",Instrumentl,2026-08-01
lever,"Integrate",integrate,2026-08-01
lever,"intenseye",intenseye,2026-08-01
lever,"Intersect",intersect,2026-08-01
lever,"IntraFi",intrafi,2026-08-01
lever,"Intrepid College Prep Schools",intrepidcollegeprep,2026-07-12
lever,"Intropic",intropic,2026-08-01
lever,"InvestorFlow",investorflow,2026-08-01
lever,"Invinity Energy Systems",invinity,2026-08-01
lever,"Invo Healthcare - Family of Companies",invohealthcare,2026-07-12
lever,"ION Group",ion,2026-07-12
lever,"Ippon Technologies",ippon,2026-08-01
lever,"Irca Group",ircagroup,2026-08-01
lever,"Ironflow AI",ironflow,2026-07-12
lever,"Iru",iru,2026-07-12
lever,"ISEE",isee,2026-08-01
lever,"ispace, inc.",ispace-inc,2026-08-01
lever,"Issuu",issuu,2026-07-12
lever,"Ivo",ivo,2026-08-01
lever,"iyzico",iyzico,2026-07-12
lever,"Jagex",jagex,2026-08-01
lever,"Jam City",jamcity,2026-08-01
lever,"JamLoop",jam-loop,2026-08-01
lever,"Jane Technologies",iheartjane,2026-07-11
lever,"January",januaryinc,2026-08-01
lever,"Janux Therapeutics",januxrx,2026-08-01
lever,"Jaumo",jaumo,2026-07-12
lever,"Jeeves",tryjeeves,2026-07-11
lever,"Jetbrains",jetbrains,2026-08-01
lever,"JetBridge",JetBridge,2026-08-01
lever,"JETSET Pilates",jetsetpilates,2026-08-01
lever,"Jet Support Services, Inc.",jetsupport,2026-08-01
lever,"JioStar",jiostar,2026-08-01
lever,"Jito Labs",jito.wtf,2026-08-01
lever,"Jitx Inc.",jitxinc,2026-08-01
lever,"JMA Wireless",jmawireless,2026-07-12
lever,"Jobgether",jobgether,2026-08-01
lever,"Jobin",jobin,2026-08-01
lever,"Jobscan",jobscan-2,2026-08-01
lever,"Jobs have moved to our Accenture Job Site",pip,2026-08-01
lever,"Job&Talent",jobandtalent,2026-08-01
lever,"Joele Frank",joelefrank,2026-08-01
lever,"Johnson Hana",johnson-hana,2026-08-01
lever,"JOLT",joltcharge,2026-08-01
lever,"Josh's Toys & Games",joshstoysandgames,2026-08-01
lever,"Journey Clinical",JourneyClinical,2026-08-01
lever,"JumpCloud",jumpcloud,2026-07-12
lever,"JuneShine Brands",juneshine,2026-08-01
lever,"Jupe",jupe,2026-07-12
lever,"Jupiter Intelligence, Inc.",jupiterintel,2026-08-01
lever,"Jushi",jushico,2026-08-01
lever,"JustWatch",justwatch,2026-08-01
lever,"JVS Boston",jvs-boston,2026-08-01
lever,"K4",k4-trading,2026-08-01
lever,"Kabam",kabam,2026-08-01
lever,"Kapta Space",kapta-space,2026-08-01
lever,"Kapwing",kapwing,2026-07-12
lever,"Karius",kariusdx,2026-08-01
lever,"Kasada",kasada,2026-08-01
lever,"Katten Muchin Rosenman LLP",katten,2026-07-12
lever,"Kavak",kavak,2026-08-01
lever,"KCAS Bio",kcasbio,2026-07-12
lever,"Keboola",keboola,2026-08-01
lever,"Keepsafe",keepsafe,2026-07-12
lever,"Kelonia Therapeutics",KeloniaTX,2026-08-01
lever,"Kenko AI",kenko,2026-07-12
lever,"Kepler Communications",kepler,2026-08-01
lever,"Kestrel Intelligence",kestrel-intelligence,2026-07-12
lever,"Keyloop",keyloop,2026-07-12
lever,"K Group Companies",kgroupcompanies,2026-07-12
lever,"Kickmaker",kickmaker,2026-08-01
lever,"Kiddom",kiddom,2026-08-01
lever,"Kids on the Move",kotm,2026-07-12
lever,"KIND",supportkind,2026-08-01
lever,"Kind Behavioral Health",carolinacenterforaba,2026-08-01
lever,"Kinsta",kinsta,2026-08-01
lever,"KIPP SoCal Public Schools",kippsocal,2026-08-01
lever,"Kitware",kitware,2026-08-01
lever,"Kiva Confections",kivaconfections,2026-08-01
lever,"Kixie",kixie,2026-08-01
lever,"KlearNow.ai",klearnow,2026-07-12
lever,"Klivvr",klivvr,2026-08-01
lever,"Knix",knix,2026-08-01
lever,"knownwell",knownwell,2026-08-01
lever,"Koala Health",koalahealth,2026-08-01
lever,"Kobie Marketing",kobie,2026-07-12
lever,"Kochava",kochava,2026-07-12
lever,"Kogan.com",kogan,2026-08-01
lever,"Kogniz",kogniz,2026-07-12
lever,"Kolibri Games",kolibrigames,2026-07-12
lever,"Kontakt.io",kontakt,2026-08-01
lever,"Korro Bio",korrobio,2026-07-12
lever,"Kouper Health",kouperhealth,2026-08-01
lever,"KPA",kpaonline,2026-08-01
lever,"Kpler",kpler,2026-08-01
lever,"KPMG LLP",kpmg,2026-08-01
lever,"KPMG New Zealand",kpmgnz,2026-08-01
lever,"Kraken",kraken123,2026-08-01
lever,"Kraken Digital Asset Exchange",kraken,2026-08-01
lever,"Kruze Consulting",kruzeconsulting,2026-08-01
lever,"KUBRA",kubra,2026-08-01
lever,"Kyivstar",kyivstar,2026-08-01
lever,"Kyverna Therapeutics",Kyverna,2026-08-01
lever,"Ladders",ladders,2026-08-01
lever,"Lalamove",lalamove,2026-08-01
lever,"Laminar Projects",laminarprojects,2026-08-01
lever,"Lamudi",lamudi,2026-08-01
lever,"Landmark Bio",landmarkbio,2026-08-01
lever,"Language Services Associates, Inc.",lsaweb,2026-08-01
lever,"Lansing School District",lansingschools,2026-08-01
lever,"Larian Studios",larian,2026-08-01
lever,"La Senza",lasenza,2026-08-01
lever,"Last Energy",last-energy,2026-08-01
lever,"LatchBio",latch,2026-07-12
lever,"Latin Top Jobs Group",ltjgroup,2026-08-01
lever,"Latitude Inc",latitudeinc,2026-08-01
lever,"Launch Housing",launchhousing,2026-08-01
lever,"LaunchSquad",launchsquad,2026-08-01
lever,"Layup Parts",layup,2026-08-01
lever,"LB Capital",lb-capital,2026-07-12
lever,"Leadership Connect",leadershipconnect,2026-07-12
lever,"Leadspace",leadspace,2026-07-12
lever,"LeanTaaS",leantaas,2026-08-01
lever,"Legacy Restoration",legacyrestorationllc,2026-08-01
lever,"Legend",Legend,2026-08-01
lever,"Lendbuzz",lendbuzz,2026-08-01
lever,"Lessen",lessen,2026-08-01
lever,"Level99 Entertainment",level99,2026-08-01
lever,"Level AI",levelai,2026-07-12
lever,"LevelUp",levelup,2026-08-01
lever,"Lever",lever,2026-08-01
lever,"Lever Demo 2",leverdemo,2026-07-12
lever,"Lever Demo V2",demo,2026-07-11
lever,"Lever Education",leverdemo193,2026-08-01
lever,"Lever Education",leverdemo50000,2026-07-12
lever,"Lever Implementation Training Environment",leverdemo-8,2026-08-01
lever,"Liatrio",liatrio,2026-08-01
lever,"Life.Church",life,2026-08-01
lever,"Lifeforce",lifeforce,2026-08-01
lever,"Lifen",lifen,2026-08-01
lever,"LifeStance Health",lifestance,2026-08-01
lever,"Lightcast",economicmodeling,2026-08-01
lever,"Lightedge",lightedge,2026-08-01
lever,"Lightship",lightship,2026-08-01
lever,"Limit Break",limitbreak,2026-08-01
lever,"Lincoln Institute of Land Policy",lincolninst,2026-07-12
lever,"Lindblad Expeditions",lindblad-expeditions,2026-08-01
lever,"Lingaro",lingarogroup,2026-07-12
lever,"LinkedIn Partner Sandbox - RSC testing",linkedin,2026-07-12
lever,"LinkedIn Test - Senthil",jobvite,2026-07-12
lever,"Link Rehab and Wellness",linkrehabwellness,2026-07-12
lever,"Lionheart Children’s Academy",lionheartkid,2026-08-01
lever,"Lirvana Labs",lirvanalabs,2026-08-01
lever,"Little Sprouts, LLC",littlesprouts,2026-07-12
lever,"LiveOak Fiber",liveoakfiber,2026-08-01
lever,"Loadsmart",loadsmart,2026-08-01
lever,"Lochmueller Group",lochgroup,2026-08-01
lever,"Lodgify",lodgify,2026-08-01
lever,"Loft Orbital Solutions",loftorbital,2026-08-01
lever,"Logan Property Management",loganpm,2026-07-12
lever,"LogRocket",logrocket,2026-08-01
lever,"Logz.io",logz,2026-08-01
lever,"Lone Wolf Technologies",lwolf,2026-08-01
lever,"Long View Systems",lvs1,2026-08-01
lever,"Long Wall",longwall,2026-08-01
lever,"Loop",loopreturns,2026-08-01
lever,"Lovepop",lovepop,2026-07-12
lever,"Low Battery",raptv,2026-08-01
lever,"Loyal",loyalhealth,2026-07-12
lever,"LRDG Language Research Development Group",lrdgonline,2026-08-01
lever,"LTA Research",ltaresearch,2026-07-12
lever,"Lucas Museum of Narrative Art",lucasmuseum,2026-07-12
lever,"Lucidworks",lucidworks,2026-08-01
lever,"lululemon Studio",mirror,2026-07-12
lever,"Lumafield",lumafield,2026-08-01
lever,"Lumin Digital",LuminDigital,2026-08-01
lever,"Lumivero",lumivero,2026-08-01
lever,"Lumotive",lumotive,2026-08-01
lever,"Luna Physical Therapy",lunaphysicaltherapy,2026-08-01
lever,"Luxury Presence",luxurypresence,2026-08-01
lever,"Lycia Therapeutics",LyciaTherapeutics,2026-08-01
lever,"Lyra Health",lyrahealth,2026-08-01
lever,"Lyrebird Health",lyrebirdhealth,2026-07-12
lever,"Lyrebird Studio",lyrebirdstudio,2026-08-01
lever,"Lyterian",lyterian,2026-08-01
lever,"Mable",mable,2026-08-01
lever,"Machina Labs",MachinaLabs,2026-08-01
lever,"Macquarie Technology Group",macquarietechnologygroup,2026-08-01
lever,"Mactores",mactores,2026-07-12
lever,"Madhappy",madhappy,2026-08-01
lever,"Magical Beginnings",magicalbeginningslc,2026-08-01
lever,"Magna Legal Services",magnals,2026-08-01
lever,"Magnet Forensics",magnetforensics,2026-08-01
lever,"Mahmee",mahmee,2026-07-11
lever,"Mainspring Energy",mainspringenergy,2026-08-01
lever,"Makpar",makpar,2026-07-12
lever,"Malaria No More Fund",malarianomore,2026-08-01
lever,"Malt",malt,2026-08-01
lever,"Mama Money",mamamoney,2026-08-01
lever,"Management Leadership For Tomorrow",ml4t,2026-08-01
lever,"Manay CPA",manaycpa.com,2026-08-01
lever,"Mango Languages",mangolanguage,2026-07-11
lever,"Manifest",manifest,2026-07-11
lever,"Mantis Innovation",mantisinnovation,2026-08-01
lever,"Maple",getmaple,2026-08-01
lever,"Marco Polo",marcopolo,2026-08-01
lever,"Marcus Graham Project + Locomotus",marcusgrahamproject,2026-08-01
lever,"Marcus & Millichap",marcusmillichap,2026-08-01
lever,"MARGO",margo-group,2026-08-01
lever,"Marigold Health",marigoldhealth,2026-08-01
lever,"Marketcircle",marketcircle,2026-08-01
lever,"MarketerHire",marketer-hire,2026-08-01
lever,"Markham LLC",markham,2026-07-12
lever,"Marquette Associates",marquetteassociates,2026-07-12
lever,"MarqVision",marqvision,2026-08-01
lever,"Marshall Reddick Real Estate",marshallreddick,2026-07-12
lever,"Mashgin",mashgin,2026-08-01
lever,"Massachusetts Institute of Technology",mit,2026-07-12
lever,"Massachusetts School Building Authority",massschoolbuildings,2026-08-01
lever,"Massive Rocket",massive-rocket,2026-07-12
lever,"Mastery Charter Schools",masterycharter,2026-07-12
lever,"Match Group",matchgroup,2026-07-12
lever,"Matillion",matillion,2026-07-12
lever,"MaverickX",maverickx,2026-08-01
lever,"MaxMind",maxmind,2026-08-01
lever,"Max Retail",max-retail,2026-07-12
lever,"MAX Surgical Specialty Management",max-ssm,2026-07-12
lever,"MayaHTT",maya,2026-07-12
lever,"Mayer LLP",mayer-llp,2026-07-12
lever,"MCA Connect",mcaconnect,2026-08-01
lever,"Mechanical Orchard",mechanicalorchard,2026-08-01
lever,"Mediagenix",mediagenix,2026-07-12
lever,"Mediatech",adtech,2026-08-01
lever,"Medical Home Network",mhnchicago,2026-08-01
lever,"Medici",medi.ci,2026-08-01
lever,"Mednow",mednow,2026-08-01
lever,"Meds",meds,2026-07-12
lever,"Meesho",meesho,2026-07-12
lever,"Meeting Tomorrow",meetingtomorrow,2026-08-01
lever,"Mega HR, Inc.",mega,2026-07-12
lever,"Megaport",megaport,2026-07-12
lever,"Meilisearch",meili,2026-08-01
lever,"Meirowitz & Wasserberg, LLP",Meirowitz-Wasserberg,2026-08-01
lever,"Mendix",mendix,2026-08-01
lever,"Menlo Ventures",menlovc,2026-08-01
lever,"Mercedes-Benz R&D North America",MBRDNA,2026-08-01
lever,"Merkle Science",merklescience,2026-07-12
lever,"Merlin Labs",merlinlabs,2026-08-01
lever,"MERU",wearemeru,2026-08-01
lever,"Metabase",metabase,2026-08-01
lever,"Metaprise",metaprise.ai,2026-08-01
lever,"Metasite Business Solutions",metasite,2026-07-11
lever,"Metaview",metaview,2026-08-01
lever,"METECS",metecs,2026-07-12
lever,"Metergy Solutions",metergysolutions,2026-08-01
lever,"MetLife",metlife,2026-07-12
lever,"METR",metr,2026-08-01
lever,"MicroVentures",microventures,2026-08-01
lever,"MicroVision",microvision,2026-07-12
lever,"Midas",getmidas,2026-08-01
lever,"Milhouse Engineering and Construction, Inc.",milhouseinc,2026-08-01
lever,"Milltown Partners",milltownpartners,2026-08-01
lever,"Minders",minders,2026-07-12
lever,"Mindful",mindful,2026-07-12
lever,"Mindtickle",mindtickle,2026-07-12
lever,"MineSense",minesense,2026-08-01
lever,"Minted",minted,2026-08-01
lever,"Mission Capital Advisors",missioncap,2026-08-01
lever,"MissionWired",MissionWired,2026-08-01
lever,"Mistplay",mistplay,2026-08-01
lever,"Mistral AI",mistral,2026-08-01
lever,"Mitek Systems",miteksystems-2,2026-08-01
lever,"Mitratech Partner Sandbox",mitratech,2026-08-01
lever,"Mixlab",mixlab,2026-08-01
lever,"Model N",modeln,2026-07-12
lever,"Modulate",modulate,2026-08-01
lever,"Momenti, Inc.",momenti-inc,2026-08-01
lever,"Moments Hospice",momentshospice-2,2026-07-12
lever,"Mom's Meals",momsmeals,2026-08-01
lever,"Moneybox",moneyboxapp,2026-08-01
lever,"Mongoose",hellomongoose,2026-08-01
lever,"Monster Tree Service",whymonster,2026-07-12
lever,"MOO",moo,2026-08-01
lever,"MoonPay",moonpay,2026-07-12
lever,"Moonpig",moonpig,2026-08-01
lever,"Moonsong Labs",moonsong-labs,2026-07-12
lever,"Morning Brew Inc.",morningbrew,2026-08-01
lever,"Morning Consult",morningconsult,2026-08-01
lever,"Mothership",mothership,2026-07-12
lever,"M+R",mrss,2026-08-01
lever,"ms consultants, inc.",msconsultants,2026-07-12
lever,"MTS Health Partners, L.P.",mtspartners,2026-08-01
lever,"Mujin",mujininc,2026-08-01
lever,"Mulberry",mulberry,2026-08-01
lever,"Multiply Labs",multiplylabs,2026-08-01
lever,"Murgado Automotive Group",murgadoautomotive,2026-07-12
lever,"Musixmatch S.p.a",musixmatch,2026-07-12
lever,"Muttdata",muttdata,2026-08-01
lever,"myLaurel",mylaurelhealth,2026-07-12
lever,"Myo",myodetox,2026-08-01
lever,"MYOB",myob-2,2026-08-01
lever,"MyPass Global",mypassglobal,2026-08-01
lever,"Mythic",mythic-ai.com,2026-07-12
lever,"Mytos",mytos,2026-08-01
lever,"MyVest",myvest,2026-08-01
lever,"N1 Health",algorex,2026-08-01
lever,"nahc.io",nahc,2026-08-01
lever,"NAI Northern California",nainnorcal,2026-08-01
lever,"Nango",nango,2026-07-12
lever,"Narmi",narmi,2026-08-01
lever,"NASA Federal Credit Union",nasafcu,2026-08-01
lever,"National Journal",nationaljournal,2026-08-01
lever,"Nava",nava,2026-07-11
lever,"NAVISITE - Part of Accenture",navisite,2026-07-12
lever,"Neighbor",neighbor,2026-08-01
lever,"Nelnet Community Engagement",nce,2026-07-12
lever,"Neon Pagamentos",neon,2026-08-01
lever,"Neowiz",neowiz,2026-08-01
lever,"Nestig",Nestig,2026-08-01
lever,"Netlight",netlight,2026-08-01
lever,"Netomi",netomi,2026-07-12
lever,"Netvirta",netvirta,2026-08-01
lever,"Neuron 7",neuron7,2026-07-12
lever,"Nevada State High School",NSHS,2026-08-01
lever,"Nevados",nevados,2026-08-01
lever,"Newton",newton,2026-08-01
lever,"New Western",newwestern,2026-08-01
lever,"New Western Corporate",newwesterncorporate,2026-08-01
lever,"New Zealand Trade and Enterprise",newzealandtradeandenterprise,2026-08-01
lever,"NextDecade",next-decade,2026-08-01
lever,"Nextech",nextech,2026-08-01
lever,"NextGen Federal Systems",nextgenfed,2026-08-01
lever,"Next Health",next-health,2026-08-01
lever,"Nexus Engineering Group",nexuse-group,2026-08-01
lever,"nEye.ai",neye-systems-inc.,2026-08-01
lever,"NFQ",nfq,2026-08-01
lever,"NFX",nfx,2026-07-12
lever,"Niagen Bioscience",niagenbioscience,2026-08-01
lever,"Nibiru",nibiru,2026-08-01
lever,"Nielsen",nielsen,2026-08-01
lever,"NimbleRx",nimblerx,2026-08-01
lever,"Nimbus",nimbus,2026-07-12
lever,"Ninja Van",ninjavan,2026-08-01
lever,"nitra",nitra,2026-08-01
lever,"Nium",nium,2026-08-01
lever,"NobleReach Foundation",noblereach,2026-08-01
lever,"NOBODY",nobody,2026-07-12
lever,"NOBULL",nobullproject,2026-07-12
lever,"NodeReal",nodereal,2026-07-12
lever,"NOLA Public Schools",nolapublicschools,2026-08-01
lever,"Nomad Marketing",nomadmktg,2026-08-01
lever,"Nomi Health",nomihealth,2026-08-01
lever,"Nominal",nominal,2026-08-01
lever,"Noodle",noodle,2026-08-01
lever,"Nord Security",nordsec,2026-08-01
lever,"North America Construction (1993) Ltd. - NAC Constructors Ltd.",nacsworld,2026-08-01
lever,"Novara",novara,2026-07-12
lever,"Novaspace",novaspace,2026-08-01
lever,"Novir",novir,2026-07-12
lever,"NOVOS FiBER",novosfiber,2026-07-12
lever,"NPHub",nphub,2026-08-01
lever,"N-Power Medicine",npowermedicine,2026-08-01
lever,"NRI North America",corebts,2026-08-01
lever,"Numeris",numeris,2026-08-01
lever,"nuuds",nuuds,2026-08-01
lever,"NuvoAir",NuvoAir,2026-08-01
lever,"NuWaves RF Solutions",nuwaves,2026-07-12
lever,"OakNorth",oaknorth.ai,2026-08-01
lever,"Object Computing, Inc.",oci,2026-08-01
lever,"Objective Corporation",objective,2026-07-11
lever,"Observable",observablehq,2026-07-12
lever,"Octane",octaneai,2026-07-12
lever,"Octopus Energy Group",octoenergy,2026-08-01
lever,"Odaseva",odaseva,2026-08-01
lever,"Oddin",oddin,2026-08-01
lever,"O'Donnell/Snider Construction",odonnellsnider,2026-07-12
lever,"Offchain",offchainlabs,2026-08-01
lever,"Ogury",ogury,2026-08-01
lever,"Okendo",okendo,2026-07-12
lever,"Oktopost",oktopost,2026-07-12
lever,"Oleria Security",oleria-security,2026-08-01
lever,"Oliver Wyman Labs",oliverwyman,2026-07-12
lever,"Ollie",myollie,2026-08-01
lever,"Olo",olo,2026-08-01
lever,"Omni Design Technologies",omnidesigntech,2026-07-12
lever,"Omnidian",omnidian,2026-08-01
lever,"Omnisend",omnisend,2026-08-01
lever,"Once Upon a Farm",onceuponafarm,2026-08-01
lever,"One Impression",oneimpression,2026-08-01
lever,"Onit, Inc.",onit,2026-07-12
lever,"Oomnitza",oomnitza,2026-07-12
lever,"Oowlish Technology",oowlish,2026-08-01
lever,"Open Inc.",o-p-e-n,2026-08-01
lever,"OpenX",openx,2026-08-01
lever,"Optimus SBR",optimussbr,2026-07-12
lever,"OptionMetrics",optionmetrics,2026-08-01
lever,"OPYS",opys,2026-07-12
lever,"Orb Aerospace",orbaerospace,2026-07-12
lever,"Orca Bio",orcabiosystems,2026-08-01
lever,"Ordr",ordr,2026-07-12
lever,"Orum",orum,2026-08-01
lever,"OSARO",osaro,2026-08-01
lever,"OSEDEA",osedea,2026-08-01
lever,"Osmind",Osmind,2026-08-01
lever,"Our Place",our-place,2026-08-01
lever,"Outlast",outlast,2026-08-01
lever,"Outpace Bio",outpacebio,2026-08-01
lever,"Outreach",outreach,2026-07-12
lever,"Outsight",outsight,2026-08-01
lever,"Outsourced Staff",outsourcedstaff,2026-08-01
lever,"Overcast",overcast,2026-07-12
lever,"Overmind",overmind,2026-07-12
lever,"Owlet",owletcare,2026-07-12
lever,"Oxylabs",oxylabs,2026-08-01
lever,"Pacific Environment",pacific-environment,2026-08-01
lever,"Pacifico Energy",pacificoenergy,2026-08-01
lever,"Packmatic GmbH",Packmatic,2026-08-01
lever,"PadSplit",padsplit,2026-08-01
lever,"Palantir Technologies",palantir,2026-08-01
lever,"Panopto",panopto,2026-08-01
lever,"Paradigm Health",paradigm-health,2026-07-12
lever,"Parallel Domain",paralleldomain,2026-08-01
lever,"Parallel Wireless",parallelwireless,2026-08-01
lever,"Paramedic Services of Illinois",paramedicservices,2026-07-12
lever,"Para Mobility",paramobility,2026-08-01
lever,"ParcelHero",parcelvision,2026-07-12
lever,"Parnall Law",parnalllaw,2026-07-12
lever,"Patch My PC",patchmypc,2026-08-01
lever,"Patrick J McGovern Foundation",mcgovern,2026-07-12
lever,"Patsnap",patsnap,2026-08-01
lever,"Pattern",pattern,2026-07-12
lever,"Payactiv",payactiv,2026-07-12
lever,"PayJoy",payjoy,2026-07-12
lever,"Paytm",paytm,2026-07-12
lever,"Paytm Payments Services",paytmpayments,2026-07-12
lever,"PayU GPO",payugpo,2026-08-01
lever,"PDI Technologies",pditechnologies,2026-07-12
lever,"Peak",peakgames,2026-08-01
lever,"Pearpop",pearpop,2026-08-01
lever,"Peerspace",peerspace,2026-08-01
lever,"Pelmorex",pelmorex,2026-08-01
lever,"Pendulum™",pendulum,2026-08-01
lever,"Penrod",penrodsoftware,2026-07-12
lever,"Penta Group",pentagrp,2026-08-01
lever,"Penumbra",penumbrainc,2026-08-01
lever,"PeopleGrove",peoplegrove,2026-07-12
lever,"Perennial",perennial,2026-08-01
lever,"Perforce",perforce,2026-07-12
lever,"Performance Systems Integration",psintegrated,2026-08-01
lever,"Perr&Knight",perrknight,2026-07-12
lever,"PetDesk",petvisor,2026-08-01
lever,"PEXA Group",pexa,2026-08-01
lever,"Phoenix Tailings",PhoenixTailings,2026-08-01
lever,"PicCollage",piccollage,2026-08-01
lever,"Pickle Robot Company",picklerobot,2026-08-01
lever,"PickTrace",picktrace,2026-07-12
lever,"Picus",picus,2026-08-01
lever,"Pigment",pigment,2026-08-01
lever,"Pillar",pillar,2026-07-12
lever,"Pillar Technology",pillartechnology,2026-08-01
lever,"Pine Services Group",pine-services,2026-08-01
lever,"PingWind",pingwind,2026-08-01
lever,"Pinkoi",pinkoi,2026-07-12
lever,"Pipedrive",pipedrive,2026-08-01
lever,"PIP Labs",piplabs,2026-08-01
lever,"Pivotal",pivotal,2026-08-01
lever,"Pivot Energy",pivotenergy,2026-08-01
lever,"Placemakr",placemakr,2026-08-01
lever,"Place Showroom",placeshowroom.com,2026-08-01
lever,"Planet Technologies",planettechnologies,2026-08-01
lever,"Planned Parenthood Arizona, Inc.",ppaz,2026-07-12
lever,"Planned Parenthood Association of Utah",ppau,2026-07-12
lever,"Planned Parenthood California Central Coast",ppcentralcoast,2026-07-12
lever,"Planned Parenthood Columbia Willamette",ppcw,2026-07-12
lever,"Planned Parenthood Federation of America",ppfa,2026-08-01
lever,"Planned Parenthood Great Plains",ppgreatplains,2026-08-01
lever,"Planned Parenthood Hudson Peconic, Inc.",pphp,2026-08-01
lever,"Planned Parenthood League of Massachusetts",pplm,2026-08-01
lever,"Planned Parenthood Los Angeles",pp-la,2026-07-11
lever,"Planned Parenthood of Delaware",ppde,2026-08-01
lever,"Planned Parenthood of Greater New York",ppgny,2026-08-01
lever,"Planned Parenthood of Illinois",ppil,2026-08-01
lever,"Planned Parenthood of Indiana and Kentucky, Inc.",ppink,2026-07-12
lever,"Planned Parenthood of Maryland",ppmd,2026-08-01
lever,"Planned Parenthood of Metropolitan Washington, DC, Inc.",ppmw,2026-07-12
lever,"Planned Parenthood of Michigan",ppmi,2026-08-01
lever,"Planned Parenthood of Middle & East Tennessee, Inc.",ppmet,2026-07-12
lever,"Planned Parenthood of Montana, Inc.",ppmontana,2026-08-01
lever,"Planned Parenthood of Nassau County, Inc.",ppnc,2026-07-12
lever,"Planned Parenthood of Northern New England",ppnne,2026-08-01
lever,"Planned Parenthood of South, East and North Florida",ppsenfl,2026-07-12
lever,"Planned Parenthood of Southern New England, Inc.",ppsne,2026-08-01
lever,"Planned Parenthood of the North Country New York, Inc.",ppncny,2026-08-01
lever,"Planned Parenthood of the Pacific Southwest",planned,2026-08-01
lever,"Planned Parenthood of Western Pennsylvania",ppwp,2026-07-12
lever,"Planned Parenthood of Wisconsin, Inc.",ppwi,2026-08-01
lever,"Planned Parenthood Southeastern Pennsylvania",ppsp,2026-07-12
lever,"Planned Parenthood Southeast, Inc.",ppse,2026-08-01
lever,"Planned Parenthood South Texas",ppsouthtexas,2026-08-01
lever,"Planned Parenthood Southwest Ohio Region",ppswo,2026-07-12
lever,"Planner5D",planner5d,2026-08-01
lever,"Platinum Technologies",pt78,2026-08-01
lever,"Playbook",playbook,2026-08-01
lever,"Playco",playco,2026-07-12
lever,"PlayOn",playonsports,2026-08-01
lever,"PlayPlay",playplay,2026-08-01
lever,"PlayVS",playvs,2026-07-12
lever,"Plenti",plenti,2026-08-01
lever,"Plexus",plexus,2026-07-12
lever,"Plivo",plivo,2026-08-01
lever,"Plume",plume,2026-08-01
lever,"Pluralsight",developintelligence,2026-07-11
lever,"PlusAI",plus-2,2026-08-01
lever,"Plusgrade",plusgrade,2026-08-01
lever,"pMD",pmdsoft,2026-08-01
lever,"Pocket Entertainment Corp",pocketfm,2026-07-12
lever,"Point B",pointb,2026-08-01
lever,"PointClickCare",pointclickcare,2026-08-01
lever,"Poki",poki,2026-07-12
lever,"PolicyMe",policyme,2026-08-01
lever,"Poll Everywhere",polleverywhere,2026-07-12
lever,"Polywork",polywork,2026-07-12
lever,"PopSockets",popsockets,2026-08-01
lever,"Portage Point Partners",portagepointpartners,2026-07-11
lever,"Portcast",portcast,2026-08-01
lever,"Porter Cares, Inc.",porter,2026-08-01
lever,"PortPro",portpro,2026-08-01
lever,"PostEra",postera,2026-07-12
lever,"Potloc",Potloc,2026-08-01
lever,"Powered by Pioneer",pioneer-services,2026-08-01
lever,"Powerex Corp.",powerex,2026-08-01
lever,"Pozy",pozy,2026-07-12
lever,"PPRO",ppro,2026-08-01
lever,"Precede",precede,2026-07-12
lever,"PredictX",pibenchmark,2026-08-01
lever,"Prefixbox",prefixbox,2026-07-12
lever,"Prelim",prelim,2026-08-01
lever,"Presto",prestolabs,2026-08-01
lever,"Prilenia",prilenia,2026-08-01
lever,"Primate Labs Inc.",primatelabs,2026-07-12
lever,"Prime Executive Office",primeexecutiveoffice,2026-08-01
lever,"Prime Fiber",primefiber,2026-07-12
lever,"Princess Polly",princesspolly,2026-08-01
lever,"Princeton10",princeton10,2026-08-01
lever,"Prismic",prismic,2026-08-01
lever,"Prizeout",prizeout,2026-08-01
lever,"PROCEPT BioRobotics",procept-biorobotics,2026-08-01
lever,"Procreate",procreate,2026-07-12
lever,"Profound Research",profoundresearch,2026-08-01
lever,"Project Healthy Minds",project-healthy-minds,2026-08-01
lever,"Prolific Machines",prolific-machines,2026-08-01
lever,"Promenade",promenade,2026-08-01
lever,"Promethean",prometheanworld,2026-08-01
lever,"Promise Robotics",promiserobotics,2026-08-01
lever,"Proof",proof,2026-08-01
lever,"Propellerhead",propellerhead,2026-08-01
lever,"Propel Software Solutions",propelsoftware,2026-08-01
lever,"Proper",proper,2026-08-01
lever,"Property Solutions Group",propsolutionsgroup,2026-07-12
lever,"Prophet Homes",prophethomes,2026-08-01
lever,"Prosper",prosper,2026-07-11
lever,"Protective",protective,2026-08-01
lever,"Protolabs",protolabs,2026-08-01
lever,"ProTrials Research, Inc.",protrials,2026-08-01
lever,"Provectus",provectus,2026-08-01
lever,"Provi",provi,2026-08-01
lever,"Proxima",proxima,2026-07-12
lever,"Proxima Fusion",proximafusion,2026-08-01
lever,"Pryon",pryon,2026-08-01
lever,"Purple Land Management",purplelandmgmt,2026-08-01
lever,"PushPress",pushpress,2026-08-01
lever,"Push Security",pushsecurity,2026-08-01
lever,"Pyka",pyka,2026-07-12
lever,"Q Bio",qbio,2026-07-12
lever,"Q-CTRL",q-ctrl,2026-08-01
lever,"Qloo",qloo,2026-08-01
lever,"Qonto",qonto,2026-08-01
lever,"Qrypt",qrypt,2026-08-01
lever,"QSIC",qsic,2026-08-01
lever,"Quad Lock",quadlock,2026-08-01
lever,"Qualdoc",qualdoc,2026-08-01
lever,"Qualysoft",qualysoft,2026-08-01
lever,"Quantcast",quantcast,2026-08-01
lever,"QuantCo",quantco-,2026-08-01
lever,"Quantlane",quantlane,2026-08-01
lever,"Quantum Metric",quantummetric,2026-08-01
lever,"Quartzy",quartzy,2026-08-01
lever,"Quest Analytics",questanalytics,2026-08-01
lever,"Quilted Health",quilted-health,2026-07-12
lever,"Quincus",quincus,2026-08-01
lever,"Quincy Institute",quincyinst,2026-08-01
lever,"Quiq",quiq,2026-07-12
lever,"Quixel",quixel,2026-07-12
lever,"Quizlet",quizlet-2,2026-08-01
lever,"Qvest US",qvest.us,2026-08-01
lever,"Qwello",qwello.eu,2026-08-01
lever,"Qwoted",qwoted,2026-07-12
lever,"Rackspace",rackspace,2026-08-01
lever,"Radformation",radformation,2026-08-01
lever,"Radical AI",RadicalAI,2026-08-01
lever,"Raine Group",raine,2026-08-01
lever,"RainFocus",rainfocus,2026-08-01
lever,"Rainmaker Technology Corporation",make-rain,2026-07-12
lever,"Ramen VR",ramenvr,2026-08-01
lever,"Range Energy",rangeenergy,2026-07-12
lever,"Ranger",ranger,2026-08-01
lever,"RapidAI",rapidai,2026-08-01
lever,"RapidDeploy",rapiddeploy,2026-07-12
lever,"Rapid Micro Biosystems",rapidmicrobio,2026-07-12
lever,"Ravio",ravio,2026-08-01
lever,"RAVL",ravl_io,2026-07-12
lever,"Raya",raya,2026-08-01
lever,"rbanw",rbanw,2026-07-12
lever,"Reach",reachpower,2026-08-01
lever,"RealSelf",realself,2026-08-01
lever,"RealWork Labs",realworklabs,2026-07-12
lever,"Recast Software",recast-software,2026-08-01
lever,"RECESS",recess,2026-07-12
lever,"Recognise Bank",recognisebank,2026-08-01
lever,"RecordPoint",recordpoint,2026-08-01
lever,"Recurrency",recurrency,2026-08-01
lever,"redbee",redbee,2026-07-12
lever,"Redhorse Corporation",redhorsecorp,2026-08-01
lever,"Redox",redoxengine,2026-08-01
lever,"Redwood Credit Union",redwoodcu,2026-08-01
lever,"Redwood Strategy Group, Inc.",redwoodstrategygroup,2026-08-01
lever,"ReFED",refed,2026-08-01
lever,"Regal",regalvoice,2026-08-01
lever,"REGENXBIO",regenxbio,2026-08-01
lever,"Reinventing Geospatial, Inc. (RGi)",rgi,2026-08-01
lever,"Relay",relay,2026-08-01
lever,"Reli.",shopreli,2026-08-01
lever,"Reliable Robotics",reliable,2026-08-01
lever,"RemoFirst",remofirst,2026-08-01
lever,"Render Networks",rendernetworks,2026-08-01
lever,"Renegade",renegade,2026-08-01
lever,"Renewal by Andersen",windowsbyrba,2026-07-11
lever,"RenoFi",renofi,2026-08-01
lever,"Reply",reply,2026-08-01
lever,"rePurpose Global",repurposeglobal,2026-08-01
lever,"ResearchGate",researchgate,2026-07-12
lever,"Research Innovations",researchinnovations.com,2026-08-01
lever,"Resilient Co",resilientco,2026-07-12
lever,"Resilinc",resilinc,2026-07-12
lever,"Restaurant365",restaurant365,2026-08-01
lever,"Restore Dispensaries",restore-dispensaries,2026-07-12
lever,"Restream",restream,2026-07-12
lever,"Retired.com",retired,2026-08-01
lever,"Retro",retro,2026-08-01
lever,"Reveal Technology",revealtech,2026-08-01
lever,"Revefi",revefi,2026-08-01
lever,"Revel",revel,2026-07-12
lever,"Reveneer",reveneer,2026-08-01
lever,"Revenue Analytics",revenueanalytics,2026-08-01
lever,"Revhealth",revhealth,2026-08-01
lever,"Revinate",revinate,2026-08-01
lever,"ReviveRX and Ways2Well",reviverx,2026-08-01
lever,"Rewards Network",rewardsnetwork,2026-08-01
lever,"Rezolute",rezolutebio,2026-08-01
lever,"Rezolve Ai",groupbyinc,2026-08-01
lever,"Rhino-Back Roofing",rhinobackroofing,2026-07-12
lever,"Rhombus",rhombus-systems,2026-08-01
lever,"Richard Fleischman & Associates, Inc.",rfa-2,2026-07-11
lever,"Richard L. Duchossois Foundation",rld-foundation,2026-07-11
lever,"Richards Building Supply",richards-supply,2026-07-12
lever,"Ride Aventon",aventon,2026-08-01
lever,"Ridwell",Ridwell,2026-08-01
lever,"Rigetti Computing",rigetti,2026-08-01
lever,"Right Formula LTD",rightformula,2026-07-11
lever,"Right Side Up",rightsideup,2026-08-01
lever,"Rillet",rillet,2026-08-01
lever,"RioCan",riocan,2026-08-01
lever,"Riot Security",tryriot,2026-07-11
lever,"RISE",rise,2026-08-01
lever,"Ro",ro,2026-08-01
lever,"Roadrunner Venture Studio",roadrunner-studios,2026-08-01
lever,"Robotics and AI Institute",rai,2026-08-01
lever,"Robust.ai",robust-ai,2026-07-11
lever,"Rocket Communications",rocketcommunications,2026-07-12
lever,"Rocketship Public Schools",rocketship,2026-08-01
lever,"ROH",ROH,2026-08-01
lever,"Rook Coffee",rookcoffee,2026-08-01
lever,"Root16",root16,2026-08-01
lever,"Roshal Health",roshalimaging,2026-08-01
lever,"Rover.com",rover,2026-08-01
lever,"Rovio",rovio-2,2026-08-01
lever,"Rowan",heyrowan,2026-08-01
lever,"Royal Ambulance",royalambulance,2026-08-01
lever,"Ruby Play",rubyplay,2026-07-12
lever,"Rupa Health",rupa,2026-07-12
lever,"RWS TrainAI",rws,2026-08-01
lever,"RYZ Labs",RyzLabs,2026-08-01
lever,"Safe Security",safe,2026-08-01
lever,"SafetyCulture",safetyculture-2,2026-08-01
lever,"Safran.AI",safran-ai,2026-07-12
lever,"SAIT",sait,2026-08-01
lever,"Sakon",sakon,2026-08-01
lever,"Salvo Health",salvohealth,2026-08-01
lever,"Samba",sambatv,2026-08-01
lever,"Sana Benefits",sanabenefits,2026-08-01
lever,"Sandbox VR",sandboxvr,2026-08-01
lever,"San Diego Human Resources Consulting, Inc",sdhrconsulting,2026-07-11
lever,"San Francisco Giants",sfgiants,2026-08-01
lever,"Sapio Sciences",sapiosciences,2026-08-01
lever,"Sapling - Partner",sapling,2026-07-12
lever,"SAR Academy & SAR High School",sar,2026-08-01
lever,"Saronic",saronic,2026-08-01
lever,"Satispay",satispay,2026-08-01
lever,"Saudi Tourism Authority",sta,2026-08-01
lever,"Saviynt",saviynt,2026-08-01
lever,"sbz",sbz,2026-07-12
lever,"ScaleTech",scale3c,2026-08-01
lever,"Scaleway",scaleway,2026-08-01
lever,"Scality",scality,2026-08-01
lever,"Schedule Engine",scheduleengine,2026-07-12
lever,"Schmidt Entities",schmidt-entities,2026-08-01
lever,"Scholar Rock",scholarrock,2026-08-01
lever,"Scholars of Finance",scholarsoffinance,2026-08-01
lever,"Scismic",scismic,2026-08-01
lever,"Scott Logic",scottlogic,2026-07-12
lever,"Seaport Global Holdings LLC",seaportglobal,2026-08-01
lever,"Seattle Art Museum",seattleartmuseum,2026-07-12
lever,"Secure Code Warrior",securecodewarrior,2026-08-01
lever,"Secureframe",secureframe,2026-08-01
lever,"Seer Interactive",seerinteractive,2026-08-01
lever,"SEP",sep,2026-08-01
lever,"Sequel Med Tech",sequel-med-tech,2026-07-12
lever,"Serán BioScience",seranbio,2026-07-12
lever,"Serigraph",serigraph,2026-08-01
lever,"Serotonin",serotonin,2026-08-01
lever,"Serverfarm",serverfarm,2026-08-01
lever,"ServiceRocket",servicerocket,2026-08-01
lever,"Service Wire",servicewire,2026-07-12
lever,"Serv-U-Success",serv-u-success,2026-07-12
lever,"Sesame",sesame,2026-08-01
lever,"Seven Starling",seven-starling,2026-08-01
lever,"SFEIR",sfeir,2026-08-01
lever,"SFMOMA",sfmoma,2026-08-01
lever,"Shadow",shadow,2026-07-12
lever,"ShakaCode",shakacode,2026-08-01
lever,"Shakudo",shakudo,2026-08-01
lever,"Sharpsmart",sharpsmart,2026-08-01
lever,"Shield AI",shieldai,2026-07-11
lever,"ShopBack",shopback-2,2026-08-01
lever,"Shop Your Way",syw.com,2026-07-11
lever,"Showcase IDX",showcaseidx,2026-07-12
lever,"Showpo",showpo-2,2026-08-01
lever,"ShyftLabs",shyftlabs,2026-08-01
lever,"Side",sideinc,2026-08-01
lever,"Siepe",siepe,2026-08-01
lever,"Sierra Club",sierraclub,2026-08-01
lever,"Siete Foods",sietefoods-2,2026-08-01
lever,"Signal Messenger",signal,2026-08-01
lever,"Significance, Inc.",significanceinc,2026-08-01
lever,"Sign In Solutions",signinsolutions,2026-08-01
lever,"Sila",silasg,2026-07-12
lever,"Sila Services",sila,2026-08-01
lever,"Simbe Robotics",SimbeRobotics,2026-08-01
lever,"SimonMed Imaging",simonmed,2026-07-12
lever,"Simulmedia",simulmedia,2026-08-01
lever,"Sinecure Inc.",strategysource,2026-07-12
lever,"SingerLewak",singerlewak,2026-08-01
lever,"SiteGround",siteground,2026-08-01
lever,"Sitetracker",sitetracker,2026-08-01
lever,"Skello",skello,2026-08-01
lever,"Skillcloud HCM",skillcloudhcm,2026-07-12
lever,"Skillerszone",skillerszone,2026-07-12
lever,"SKIMA INNOVATIONS PRIVATE LIMITED",skima,2026-07-12
lever,"Skinny Dipped",skinny-dipped,2026-07-12
lever,"Skio",skio,2026-08-01
lever,"Skydance",skydance,2026-08-01
lever,"SkyGrid",skygrid,2026-08-01
lever,"Skyline Construction",skylineconstruction,2026-08-01
lever,"Skypoint",skypointcloud,2026-08-01
lever,"SkySafe",skysafe,2026-07-12
lever,"SkySlope",skyslope,2026-08-01
lever,"Skyways",skyways,2026-08-01
lever,"Slate",slate,2026-08-01
lever,"Smarsh",smarsh,2026-08-01
lever,"Smart Energy Group",smartenergy,2026-08-01
lever,"Smart Working Solutions",smart-working-solutions,2026-07-12
lever,"Smile Digital Health",smiledigitalhealth,2026-08-01
lever,"SnapLogic",snaplogic,2026-07-12
lever,"Snappr",snappr,2026-08-01
lever,"Snif",Snif,2026-08-01
lever,"Social Influence LLC",print-recruiting,2026-07-12
lever,"Sofar Sounds",sofarsounds,2026-08-01
lever,"Softdocs",softdocs,2026-07-12
lever,"Softworld",softworld,2026-07-12
lever,"Solar Landscape",solarlandscape,2026-08-01
lever,"Solestial, Inc.",solestial,2026-07-11
lever,"[solidcore]",solidcore,2026-07-11
lever,"SoloPulse",solopulseco,2026-08-01
lever,"Solution Design Group",solutiondesign,2026-08-01
lever,"Solutions Journalism Network",solutionsjournalism,2026-07-12
lever,"Solutus Legal Search",solutuslegal,2026-08-01
lever,"Solv",solvhealth,2026-08-01
lever,"Sonar",sonarsource,2026-07-11
lever,"Sonatype",sonatype,2026-08-01
lever,"Soni",soniresources,2026-08-01
lever,"Sophos",sophos,2026-07-12
lever,"Sora Schools",soraschools,2026-08-01
lever,"SOUM",soum,2026-08-01
lever,"SoundStack",SoundStack,2026-08-01
lever,"Source",source,2026-08-01
lever,"Space Systems Integration",SpaceSystemsIntegration,2026-07-11
lever,"SpawGlass",spawglass,2026-07-11
lever,"Spear AI",spear-ai,2026-08-01
lever,"Spear Physical and Occupational Therapy",spear,2026-07-11
lever,"Spectrum",spectrum,2026-07-12
lever,"Spice AI",spiceai,2026-07-11
lever,"Spine Media",spine-media,2026-07-11
lever,"Spin Technology",spinai,2026-07-12
lever,"Splend",splend,2026-08-01
lever,"SPMB",spmb,2026-07-11
lever,"Spotify",spotify,2026-07-11
lever,"Spotlio",catalate,2026-08-01
lever,"Spreedly",spreedly,2026-07-12
lever,"Spreetail",spreetail,2026-07-11
lever,"Spring Oak Senior Living",springoakliving,2026-07-12
lever,"Sprinto",Sprinto,2026-07-11
lever,"Spry Methods",sprymethods,2026-08-01
lever,"SpryPoint",sprypointservices,2026-07-11
lever,"Spyke Games",spyke-games,2026-08-01
lever,"SQA Services",sqaservices,2026-07-11
lever,"SQUIRE",getsquire,2026-08-01
lever,"Squire Patton Boggs",squirepb,2026-07-12
lever,"Stable Money",stable-money1,2026-07-11
lever,"StackedSP Inc",stackedsp,2026-07-11
lever,"StackHawk",stackhawk,2026-08-01
lever,"Staffing Fitness",staffingfitness,2026-07-12
lever,"Stand Together",standtogether,2026-07-11
lever,"Stanley Consultants",stanleygroup,2026-07-11
lever,"StarCompliance",starcompliance,2026-07-12
lever,"Stardog",stardog,2026-07-11
lever,"Stark Bank",starkbank,2026-08-01
lever,"StartEngine",startengine,2026-07-11
lever,"StartupTAP",startuptap,2026-07-11
lever,"Stax",stax,2026-07-12
lever,"SteerBridge",steerbridge,2026-08-01
lever,"STEM Prep Academy",stemprepacademy,2026-07-12
lever,"Steyer for Governor 2026",tom-steyer,2026-08-01
lever,"Stockpile",stockpile,2026-07-11
lever,"Stoneridge Software",stoneridgesoftware,2026-08-01
lever,"Storio group",storiogroup,2026-07-11
lever,"Strada Education Foundation",stradaeducation,2026-07-11
lever,"StraighterLine",straighterline,2026-07-11
lever,"Strategic Data Systems",sdatasystems.com,2026-08-01
lever,"Strategic Gears",strategicgears,2026-08-01
lever,"Streck, LLC",streck,2026-07-12
lever,"Strong Compute",strongcompute,2026-08-01
lever,"Studio Three",StudioThree,2026-07-11
lever,"StudyPoint",studypoint,2026-07-11
lever,"Subsense",subsense,2026-08-01
lever,"Succession Planning for Railroads Investing in the Next Generation LLC",springrecruits,2026-07-12
lever,"SugarAI",sugarcrm,2026-08-01
lever,"Suger.io",suger,2026-08-01
lever,"Summit",summithq,2026-08-01
lever,"Summit Management Corporation",summitmgmt-corp,2026-07-12
lever,"Sumo Group",sumo-digital,2026-08-01
lever,"Sundrive",sundrivesolar,2026-08-01
lever,"Sunshine Sachs Morgan & Lylis",sunshinesachs,2026-07-11
lever,"SunSource",sunsrce,2026-08-01
lever,"SUN.STUDIO",sunstudio,2026-07-12
lever,"Sunwater Capital",sunwatercapital,2026-07-11
lever,"Super",super,2026-07-12
lever,"SuperAnnotate AI",superannotate,2026-08-01
lever,"Superior Executive Legal Recruiting",superiorexecutiveandlegalrecruiting,2026-07-12
lever,"Supermove",supermove,2026-07-11
lever,"Superside",superside,2026-08-01
lever,"Superstate",superstate,2026-07-11
lever,"Sure",sure,2026-07-11
lever,"Surfshark",surfshark,2026-07-11
lever,"Swapcard",swapcard,2026-07-11
lever,"SwiftConnect",swiftconnect,2026-08-01
lever,"Swiftly, Inc.",goswift,2026-08-01
lever,"SwiftLynx AI",swiftlynx,2026-07-12
lever,"Swile",swile,2026-08-01
lever,"SwingDev—a hippo company",swingdev,2026-07-11
lever,"Swissblock",swissblock,2026-07-11
lever,"SwissBorg",swissborg,2026-07-11
lever,"Sword Health",swordhealth,2026-07-11
lever,"Symplicity",symplicity,2026-08-01
lever,"SynaptiCure Inc.",synapticure,2026-07-11
lever,"Synergy ECP",synergyecp,2026-07-11
lever,"SynMax",synmax,2026-08-01
lever,"Synolo Therapeutics",synolotx,2026-07-12
lever,"Syntax",syntax,2026-08-01
lever,"Synthego",synthego,2026-08-01
lever,"Syntronic",syntronic,2026-07-11
lever,"Sysdig",sysdig,2026-07-11
lever,"System1",system1,2026-08-01
lever,"T5 Data Centers",t5datacenters,2026-08-01
lever,"TACT",tact,2026-07-12
lever,"Tagup",tagup,2026-07-11
lever,"Tahoe Therapeutics",tahoebio-ai,2026-07-11
lever,"Tala",tala,2026-08-01
lever,"Talkwalker",talkwalker,2026-07-12
lever,"Tandems",tandems,2026-08-01
lever,"Tangram",tangram,2026-07-12
lever,"Tangram Interiors",tangraminteriors,2026-08-01
lever,"TD Thornton",tdthornton,2026-07-11
lever,"Teamshares",teamshares,2026-07-11
lever,"TeamSnap",teamsnap,2026-08-01
lever,"Tech Nation",technation,2026-07-12
lever,"Technology Advancement Group",tag,2026-07-12
lever,"TEECOM",teecom,2026-07-11
lever,"Teikametrics",teikametrics,2026-07-11
lever,"Tektome Inc.",tektome,2026-07-11
lever,"Tekton",tekton,2026-07-12
lever,"Teleo",teleo,2026-07-11
lever,"Teleport",teleport,2026-07-11
lever,"Telesat",telesat,2026-08-01
lever,"TELEXISTENCE",tx-inc.com,2026-08-01
lever,"Teller",teller,2026-07-11
lever,"Tendo",tendo,2026-08-01
lever,"Tenna",tenna,2026-07-12
lever,"Teramind",teramind,2026-07-11
lever,"Terawatt Infrastructure",terawattinfrastructure,2026-08-01
lever,"Terminus",terminus,2026-07-12
lever,"Termius",Termius,2026-07-11
lever,"Terra",terrahq,2026-07-11
lever,"Terraline",SoloAVT,2026-08-01
lever,"TerrAscend",terrascend,2026-08-01
lever,"Terrascope",terrascope,2026-07-11
lever,"Terrific",terrific-innovation,2026-07-12
lever,"Tesorio",tesorio,2026-07-12
lever,"Tevora",tevora,2026-08-01
lever,"Texas Original",texas-original,2026-07-11
lever,"Text",livechatinc,2026-07-12
lever,"TextNow",textnow,2026-07-11
lever,"Thalo Labs",thalolabs,2026-08-01
lever,"Thea Energy",thea.energy,2026-07-11
lever,"The Athletic Media Company",theathletic,2026-08-01
lever,"The Black Tux",theblacktux,2026-07-11
lever,"The Block",theblockcrypto,2026-08-01
lever,"The Canadian National Exhibition",theex,2026-07-11
lever,"The Dispatch",thedispatch,2026-07-12
lever,"The DIV Fund",div,2026-07-11
lever,"The END Fund",end,2026-07-11
lever,"The Engine",engine,2026-08-01
lever,"The Free Press",thefp,2026-07-11
lever,"The Heritage Automotive Group",heritagevt,2026-07-11
lever,"The Information Lab",theinformationlab,2026-08-01
lever,"The Kingfish Company",kingfish-company,2026-08-01
lever,"The Krazy Coupon Lady",thekrazycouponlady,2026-07-11
lever,"The Menta Education Group",menta,2026-07-12
lever,"The Metropolitan Opera",metopera,2026-08-01
lever,"Theodo",theodo,2026-07-11
lever,"The People Brand",thepeoplebrand,2026-07-11
lever,"The PIE Executive Search",thepieexecsearch,2026-08-01
lever,"The Real Deal",therealdeal,2026-07-12
lever,"The Sales Factory",thesalesfactory,2026-07-11
lever,"The SpyGlass Group, LLC.",spyglass,2026-07-12
lever,"The Trevor Project",thetrevorproject,2026-07-11
lever,"The Voleon Group",voleon,2026-08-01
lever,"Thiga",thiga,2026-07-12
lever,"Thimble",thimble,2026-08-01
lever,"Thinkingbox",thinkingbox,2026-07-11
lever,"Third City Christian Church",third-city-christian-church,2026-07-11
lever,"Thomas & Hutton",tandh,2026-07-12
lever,"Threat Tec, LLC",threattec,2026-08-01
lever,"Thrive Causemetics",thrivecausemetics,2026-07-11
lever,"Thrive Therapies Group",thrive-therapies,2026-08-01
lever,"Thriving Center Of Psychology",thrivingcenterofpsych,2026-08-01
lever,"Thuma",thuma,2026-07-11
lever,"Thunkable",thunkable,2026-08-01
lever,"Tiberius Aerospace Inc.",tiberius,2026-07-11
lever,"Tildei",tildei,2026-07-11
lever,"Tinybird",tinybird,2026-07-11
lever,"Titan Wealth Holdings Limited",titanwh,2026-08-01
lever,"TKDA",tkda,2026-08-01
lever,"TodayTix Group",todaytixgroup,2026-07-11
lever,"Togetherhood",togetherhood,2026-07-11
lever,"Tokai Rika Group",tramgroup,2026-08-01
lever,"Toku",toku,2026-08-01
lever,"Tom James Company",tomjames,2026-07-11
lever,"Tonic",tonic,2026-07-11
lever,"Tonkean",tonkean,2026-08-01
lever,"Topaz Labs",topazlabs,2026-07-11
lever,"TOPdesk",topdesk,2026-07-11
lever,"Topicals",topicalsrx,2026-07-11
lever,"Toptal",toptal,2026-07-11
lever,"Torch Dental",torchdental,2026-07-11
lever,"Total Expert",totalexpert,2026-07-11
lever,"Tovala",tovala,2026-08-01
lever,"TowardJobs",usasurveyjob,2026-08-01
lever,"Toyota Research Institute",tri,2026-07-11
lever,"Traackr",traackr,2026-07-11
lever,"Trackforce",tracktik,2026-08-01
lever,"Tracksuit Limited",tracksuit-limited,2026-07-11
lever,"Track VFX",trackvfx,2026-07-11
lever,"Tractian",tractian,2026-07-11
lever,"Trail Appliances Ltd.",trailappliances,2026-07-11
lever,"Transcarent",transcarent,2026-08-01
lever,"Trans Lifeline",translifeline,2026-07-11
lever,"Transmutex SA",transmutex,2026-07-11
lever,"Transparent Partners",transparentpartners,2026-07-11
lever,"Travertine",travertine,2026-08-01
lever,"Treering",treering,2026-07-11
lever,"Trellis",trellis,2026-08-01
lever,"Trendyol",trendyol,2026-07-11
lever,"TreviPay",trevipay,2026-07-11
lever,"Trial Library",triallibrary,2026-08-01
lever,"Trility Consulting",trility,2026-08-01
lever,"Trinet - Partner",trinet,2026-07-11
lever,"TRIO",trio,2026-08-01
lever,"Tripalink",tripalink,2026-07-11
lever,"Triveni Bio",trivenibio,2026-07-11
lever,"True Environmental",true-environmental,2026-07-11
lever,"TrueML",trueml,2026-07-11
lever,"True Tandem",truetandem,2026-07-11
lever,"True Zero Technologies",truezerotech,2026-07-11
lever,"Trunk.io",trunkio,2026-07-11
lever,"TrustArc",trustarc,2026-07-11
lever,"TrustedHousesitters",trustedhousesitters.com,2026-07-11
lever,"Trustly",trustly,2026-07-11
lever,"TrustYou",trustyou,2026-08-01
lever,"Truv",truv,2026-07-11
lever,"TSMG",tsmg,2026-08-01
lever,"TSTC",totalsystech,2026-08-01
lever,"TTEC Digital",ttecdigital,2026-07-11
lever,"Turvo",turvo,2026-07-11
lever,"Tusker",tusker,2026-07-11
lever,"Tutor Intelligence",tutorintelligence,2026-08-01
lever,"Twingate",twingate,2026-08-01
lever,"Two Dots",twodots,2026-08-01
lever,"TXSE",txse,2026-07-11
lever,"UATX",uaustin,2026-07-11
lever,"Uberflip",uberflip,2026-07-11
lever,"Ubiquity Retirement and Savings (dba Decimal Inc)",myubiquity,2026-07-12
lever,"uConnect",gouconnect,2026-08-01
lever,"UCSF",ucsf,2026-07-11
lever,"Ullico",ullico,2026-08-01
lever,"Ultra Health",ultrahealthproviders,2026-07-11
lever,"UltraViolet Cyber",uvcyber,2026-08-01
lever,"Unify Consulting",unifyconsulting,2026-07-11
lever,"UnifyID (acquired by Prove)",unify,2026-07-11
lever,"Unison Infrastructure",unisoninfra,2026-08-01
lever,"United Flow Technologies",uft,2026-07-11
lever,"United Tech",vacancies,2026-08-01
lever,"United Way of Greater Los Angeles",unitedwayla,2026-07-11
lever,"unitQ",unitq,2026-08-01
lever,"Univeris",univeris.com,2026-07-11
lever,"Universal Electronics Inc.",uei,2026-07-12
lever,"Unlimit",unlimit,2026-07-11
lever,"Until",until,2026-07-11
lever,"Unusual Ventures",unusual,2026-07-11
lever,"UpGuard",upguard,2026-07-11
lever,"UQUAL",uqual,2026-08-01
lever,"US Mobile",USMobile,2026-08-01
lever,"US Pack Services LLC",gouspack,2026-07-11
lever,"Util-Assist Inc.",util-assist,2026-07-11
lever,"UX Woman",ux-woman,2026-08-01
lever,"Vail Systems Inc.",vailsys,2026-07-12
lever,"Valdera",valdera,2026-08-01
lever,"Valdes Architecture & Engineering",valdeseng,2026-08-01
lever,"Valence",valence,2026-08-01
lever,"ValGenesis",valgenesis,2026-08-01
lever,"Valiantys",valiantys,2026-08-01
lever,"Valkyrie Trading",valkyrietrading,2026-08-01
lever,"Vana",vana,2026-08-01
lever,"Varo Bank",varomoney,2026-08-01
lever,"Veda Tech Labs",vedatechlabs,2026-07-12
lever,"Veepee",veepee,2026-08-01
lever,"Velo3D",velo3d,2026-07-12
lever,"Velocity Global",velocityglobal,2026-07-12
lever,"Vendavo",vendavo,2026-08-01
lever,"Venus Aerospace",venusaero,2026-07-12
lever,"Veo",veo,2026-08-01
lever,"VEON-HQ",veonhq,2026-08-01
lever,"Verdigris",verdigris,2026-08-01
lever,"VergeSense",vergesense,2026-08-01
lever,"Verifiable",verifiable,2026-08-01
lever,"Veris Insights",verisinsights,2026-08-01
lever,"Verisys",aperturehealth,2026-08-01
lever,"Veritas Investments",veritasinv,2026-08-01
lever,"Versana",Versana,2026-08-01
lever,"Versapay",versapay,2026-08-01
lever,"Vessel Technologies",myvessel,2026-08-01
lever,"Vested",fullyvested,2026-08-01
lever,"Vestiaire Collective",vestiairecollective,2026-08-01
lever,"Vesync",vesync,2026-08-01
lever,"Vevo",vevo,2026-08-01
lever,"VGS",verygoodsecurity,2026-08-01
lever,"ViaBill",viabill,2026-08-01
lever,"Viamericas",viamericas,2026-08-01
lever,"Via Separations, Inc.",viaseparations,2026-07-12
lever,"VICI",vicicollection,2026-07-11
lever,"Vida Health",vida,2026-08-01
lever,"Vidsy",vidsy,2026-08-01
lever,"Viget",viget,2026-08-01
lever,"Villa Homes",villa-homes,2026-08-01
lever,"Viome Life Sciences",viome,2026-07-12
lever,"VIPdesk Connect",vipdesk,2026-08-01
lever,"Virtualitics, Inc",virtualitics,2026-07-12
lever,"Virtus",Virtus,2026-08-01
lever,"Visby Medical",visby,2026-07-12
lever,"Viseven",viseven,2026-08-01
lever,"Vision Invest",visioninvest,2026-08-01
lever,"VivaCity",vivacitylabs,2026-07-12
lever,"vivenu GmbH",vivenu,2026-08-01
lever,"Vivo Care",vivo-care,2026-07-11
lever,"Vivrelle",vivrelle,2026-07-11
lever,"VO2 Group",vo2-group,2026-08-01
lever,"Vocal Media",get-vocal-pbc,2026-08-01
lever,"Vogo",vogo,2026-07-12
lever,"Vohra Physicians",vohra,2026-07-12
lever,"Volt",voltai,2026-07-11
lever,"Volta Labs, Inc.",voltalabs,2026-07-12
lever,"Voltus",voltus,2026-07-11
lever,"VOW for Girls",vowforgirls,2026-07-11
lever,"VRChat",vrchat,2026-08-01
lever,"Vrify Trial",vrify,2026-07-12
lever,"VTG",vtg,2026-07-12
lever,"Waabi",waabi,2026-07-11
lever,"Wachter, Inc.",wachter,2026-07-11
lever,"Wade Trim",wadetrim,2026-07-11
lever,"Wahed",wahed.com,2026-07-11
lever,"Wahi",wahi,2026-07-11
lever,"Walker & Company",walkerandcompany,2026-07-11
lever,"Walker Consultants",walkerconsultants,2026-07-11
lever,"WalkMe",walkme,2026-07-11
lever,"Ware Malcomb",waremalcomb,2026-08-01
lever,"Warmly,",warmly,2026-08-01
lever,"Warner Music Inc.",wmg,2026-07-12
lever,"Wasatch Global Investors",wasatchglobal,2026-07-11
lever,"WatchGuard Technologies, Inc.",watchguard,2026-07-11
lever,"Waterworks",waterworks,2026-07-11
lever,"Wave HQ",waveapps,2026-07-11
lever,"Wavicle Data Solutions",wavicledata,2026-07-12
lever,"Way",Way,2026-07-11
lever,"Wealthfront",wealthfront,2026-08-01
lever,"Wealthsimple",wealthsimple,2026-07-11
lever,"webfx.com",webfx,2026-07-11
lever,"Web Summit",websummit,2026-08-01
lever,"WEBTOON Entertainment Inc. (Wattpad & WEBTOON Family of Brands)",wattpad,2026-07-11
lever,"Weekday",weekdayworks,2026-07-12
lever,"Wellfit Technologies",wellfit,2026-07-11
lever,"Welo Global",weloglobal,2026-07-12
lever,"WEP Clinical",wepclinical,2026-07-11
lever,"WeRide.ai",weride,2026-07-11
lever,"Western Aircraft",westair,2026-07-12
lever,"WGSN",wgsn,2026-08-01
lever,"Whereby",whereby,2026-07-11
lever,"Whiterabbit.ai",whiterabbit,2026-07-11
lever,"Whoop",whoop,2026-08-01
lever,"Wilbur Labs",wilburlabs,2026-07-11
lever,"Williamsburg Learning",williamsburglearning,2026-07-12
lever,"Willow",willowinc,2026-07-11
lever,"WINAMAX",winamax,2026-07-11
lever,"Windfall",windfalldata,2026-07-11
lever,"Window Nation",windownation,2026-08-01
lever,"Windsor Management",WindsorManagement,2026-08-01
lever,"Wing Assistant",getwingapp,2026-07-12
lever,"Wingtra AG",wingtra-2,2026-07-11
lever,"WinnCompanies",winnco,2026-08-01
lever,"Wintermute",wintermute-trading,2026-07-11
lever,"Wisdomai",wisdomai,2026-07-11
lever,"WisdomTree",wisdomtree,2026-07-12
lever,"WISEcode",wisecode,2026-08-01
lever,"Wishpond Technologies",wishpond,2026-08-01
lever,"Wisr",wisr,2026-07-12
lever,"Wolverine Building Group",wolvgroup,2026-07-12
lever,"Woodard & Curran",woodardcurran,2026-08-01
lever,"Working Families Party",workingfamilies,2026-07-12
lever,"WorkInProgress",workinprogress,2026-08-01
lever,"WorkWave",workwave,2026-07-11
lever,"Worldline NZ",Worldline,2026-07-11
lever,"World Relief",wr,2026-08-01
lever,"Worldscape Technology Inc.",worldscape-technology,2026-07-12
lever,"World View",world-view-enterprises-inc.,2026-07-11
lever,"World Wide Professional Solutions",wwprosolutions,2026-08-01
lever,"Woven by Toyota",woven-by-toyota,2026-08-01
lever,"Wpromote",wpromote,2026-08-01
lever,"Wristcheck",wristcheck,2026-07-11
lever,"Wyetech",wyetechllc,2026-08-01
lever,"Xcimer Energy",xcimer,2026-08-01
lever,"Xsolla",xsolla,2026-08-01
lever,"XTB Trial",xtb,2026-07-12
lever,"Yardzen",yardzen,2026-07-11
lever,"Yassir",Yassir,2026-08-01
lever,"Yonex USA",yonexusa,2026-07-12
lever,"Younited",younited,2026-07-11
lever,"Yuno",yuno,2026-08-01
lever,"YWCA Seattle King Snohomish",ywcaworks,2026-08-01
lever,"Z1 Tech",z1tech,2026-07-12
lever,"zaimler",zaimler,2026-08-01
lever,"Zambezi",zambezi,2026-07-12
lever,"Zanskar",Zanskar,2026-08-01
lever,"Zartis",zartis,2026-08-01
lever,"Zazzle",zazzle,2026-07-12
lever,"Zeeco",zeeco,2026-08-01
lever,"Zeffy",zeffy,2026-08-01
lever,"Zeiss",zeiss,2026-07-12
lever,"Zencore",zencore,2026-08-01
lever,"Zen Educate",zeneducate,2026-08-01
lever,"Zensurance",zensurance,2026-08-01
lever,"Zerion",zerion,2026-08-01
lever,"Zero Homes",zerohomes,2026-08-01
lever,"ZeroTier",zerotier,2026-08-01
lever,"Zeta",zeta,2026-07-12
lever,"Zilliz",zilliz,2026-07-12
lever,"Zimperium",zimperium,2026-08-01
lever,"Zingtree",zingtree,2026-07-12
lever,"Zinier Trial",zinier,2026-07-12
lever,"Zippi",zippi,2026-08-01
lever,"Zocks",zocks,2026-08-01
lever,"Zoox",zoox,2026-08-01
lever,"Zopa",zopa,2026-08-01
lever,"Zūm",ridezum,2026-08-01
lever,"Zuma",getzuma,2026-08-01
lever,"Zurich Instruments",zurichinstruments,2026-08-01
lever,"Zuri Group",zurigroup,2026-08-01
lever,"ZURU",zuru,2026-08-01
lever,"Zus Health",zushealth,2026-08-01
